0704.0011
0704.0012
0704.0013
0704.0068
0704.0382
0704.0541
0704.0555
0704.0662
0704.0736
0704.0924
0704.0927
0704.0998
0704.1046
0704.1217
0704.1273
0704.1327
0704.1331
0704.1333
0704.1397
0704.1747
0704.1789
0704.1868
0704.1879
0704.1951
0704.2030
0704.2262
0704.2351
0704.2438
0704.2446
0704.2578
0704.2805
0704.2920
0704.3177
0704.3231
0704.3314
0704.3370
0704.3410
0704.3448
0704.3674
0704.3903
0704.3951
0705.0031
0705.0061
0705.0251
0705.0293
0705.0451
0705.0457
0705.0458
0705.0584
0705.0698
0705.0715
0705.0732
0705.0821
0705.1067
0705.1423
0705.1443
0705.1576
0705.1690
0705.1751
0705.1875
0705.1899
0705.1954
0705.2095
0705.2182
0705.2267
0705.2293
0705.2467
0705.2608
0705.2714
0705.2891
0705.2919
0705.2955
0705.3084
0705.3233
0705.3372
0705.3446
0705.3537
0705.3573
0705.3599
0705.3632
0705.3664
0705.3749
0705.3756
0705.3861
0705.3914
0705.3937
0705.4000
0705.4047
0705.4203
0705.4256
0705.4257
0705.4269
0705.4299
0705.4324
0705.4432
0705.4535
0705.4536
0705.4573
0706.0058
0706.0066
0706.0206
0706.0223
0706.0234
0706.0272
0706.0356
0706.0377
0706.0417
0706.0453
0706.0470
0706.0541
0706.0566
0706.0567
0706.0702
0706.0725
0706.0786
0706.0889
0706.0907
0706.0943
0706.0952
0706.0972
0706.1022
0706.1092
0706.1263
0706.1448
0706.1466
0706.1483
0706.1567
0706.1621
0706.1763
0706.1765
0706.1808
0706.1810
0706.1920
0706.2112
0706.2166
0706.2169
0706.2282
0706.2297
0706.2321
0706.2340
0706.2384
0706.2421
0706.2577
0706.2579
0706.2735
0706.2743
0706.2782
0706.2807
0706.2828
0706.2840
0706.2955
0706.3082
0706.3087
0706.3250
0706.3313
0706.3362
0706.3474
0706.3634
0706.3670
0706.3711
0706.4131
0706.4181
0706.4203
0706.4239
0706.4288
0706.4344
0706.4395
0707.0032
0707.0144
0707.0434
0707.0437
0707.0592
0707.0593
0707.0596
0707.0718
0707.0772
0707.1102
0707.1108
0707.1110
0707.1111
0707.1143
0707.1203
0707.1225
0707.1330
0707.1335
0707.1338
0707.1459
0707.1485
0707.1496
0707.1505
0707.1552
0707.1617
0707.1708
0707.1717
0707.1742
0707.1743
0707.1761
0707.1766
0707.1828
0707.1835
0707.1837
0707.1936
0707.1975
0707.1983
0707.2110
0707.2119
0707.2139
0707.2156
0707.2190
0707.2296
0707.2332
0707.2365
0707.2406
0707.2505
0707.2653
0707.2849
0707.2976
0707.3062
0707.3084
0707.3104
0707.3167
0707.3173
0707.3177
0707.3179
0707.3244
0707.3315
0707.3323
0707.3371
0707.3417
0707.3433
0707.3476
0707.3667
0707.3682
0707.3711
0707.3747
0707.4034
0707.4090
0707.4101
0707.4102
0707.4261
0707.4305
0707.4486
0708.0018
0708.0048
0708.0080
0708.0084
0708.0108
0708.0114
0708.0322
0708.0381
0708.0401
0708.0420
0708.0691
0708.0692
0708.0899
0708.0962
0708.1015
0708.1113
0708.1115
0708.1192
0708.1430
0708.1491
0708.1562
0708.1571
0708.1596
0708.1601
0708.1604
0708.1706
0708.1923
0708.2082
0708.2130
0708.2190
0708.2191
0708.2199
0708.2304
0708.2307
0708.2347
0708.2439
0708.2451
0708.2456
0708.2457
0708.2500
0708.2535
0708.2636
0708.2699
0708.2752
0708.2771
0708.2853
0708.2928
0708.2987
0708.3006
0708.3075
0708.3128
0708.3188
0708.3232
0708.3257
0708.3279
0708.3307
0708.3404
0708.3521
0708.3581
0708.3619
0708.3689
0708.3942
0708.3952
0708.3966
0708.4040
0708.4042
0708.4151
0708.4340
0708.4397
0709.0028
0709.0132
0709.0175
0709.0313
0709.0640
0709.0663
0709.0671
0709.0717
0709.0854
0709.0885
0709.1154
0709.1176
0709.1432
0709.1461
0709.1556
0709.1560
0709.1565
0709.1570
0709.1642
0709.1645
0709.1739
0709.1758
0709.1909
0709.1970
0709.1977
0709.1978
0709.2001
0709.2008
0709.2118
0709.2181
0709.2184
0709.2289
0709.2345
0709.2464
0709.2587
0709.2593
0709.2675
0709.2704
0709.2723
0709.2801
0709.2809
0709.2815
0709.2838
0709.2852
0709.2868
0709.3040
0709.3056
0709.3128
0709.3145
0709.3241
0709.3338
0709.3361
0709.3444
0709.3542
0709.3562
0709.3571
0709.3591
0709.3595
0709.3628
0709.3755
0709.3821
0709.3879
0709.4031
0709.4112
0709.4113
0709.4154
0709.4190
0709.4255
0709.4432
0709.4523
0709.4529
0709.4534
0709.4668
0709.4676
0710.0144
0710.0177
0710.0260
0710.0283
0710.0287
0710.0399
0710.0432
0710.0574
0710.0624
0710.0635
0710.0642
0710.0644
0710.0676
0710.0677
0710.0708
0710.0823
0710.1041
0710.1053
0710.1183
0710.1237
0710.1316
0710.1319
0710.1323
0710.1354
0710.1451
0710.1467
0710.1469
0710.1560
0710.1583
0710.1664
0710.1669
0710.1835
0710.1902
0710.2079
0710.2123
0710.2216
0710.2319
0710.2363
0710.2424
0710.2545
0710.2549
0710.2712
0710.2728
0710.2767
0710.2964
0710.2994
0710.3001
0710.3127
0710.3177
0710.3217
0710.3219
0710.3226
0710.3303
0710.3374
0710.3452
0710.3459
0710.3492
0710.3584
0710.3718
0710.3822
0710.3858
0710.3957
0710.3964
0710.4009
0710.4076
0710.4209
0710.4264
0710.4289
0710.4495
0710.4514
0710.4565
0710.4605
0710.4662
0710.4677
0710.4791
0710.4861
0710.4920
0710.4948
0710.4952
0710.4991
0710.4998
0710.5108
0710.5176
0710.5254
0710.5277
0710.5290
0710.5344
0710.5453
0710.5472
0710.5516
0710.5681
0710.5685
0710.5787
0710.5793
0710.5799
0710.5869
0711.0081
0711.0083
0711.0085
0711.0171
0711.0185
0711.0239
0711.0252
0711.0415
0711.0477
0711.0481
0711.0499
0711.0525
0711.0579
0711.0632
0711.0701
0711.0718
0711.0765
0711.0815
0711.0830
0711.0865
0711.1151
0711.1262
0711.1277
0711.1306
0711.1373
0711.1487
0711.1520
0711.1546
0711.1604
0711.1610
0711.1615
0711.1623
0711.1667
0711.1701
0711.1716
0711.1771
0711.1800
0711.1937
0711.1940
0711.1942
0711.2008
0711.2137
0711.2190
0711.2240
0711.2443
0711.2532
0711.2669
0711.2739
0711.2915
0711.3191
0711.3365
0711.3405
0711.3484
0711.3512
0711.3533
0711.3537
0711.3637
0711.3645
0711.3651
0711.3692
0711.3774
0711.3863
0711.4074
0711.4100
0711.4220
0711.4316
0711.4317
0711.4346
0711.4407
0711.4436
0711.4485
0711.4509
0711.4706
0711.4898
0711.5002
0711.5005
0711.5028
0712.0102
0712.0265
0712.0331
0712.0408
0712.0628
0712.0631
0712.0705
0712.0837
0712.0928
0712.0963
0712.1046
0712.1080
0712.1081
0712.1286
0712.1317
0712.1332
0712.1391
0712.1414
0712.1511
0712.1574
0712.1611
0712.1639
0712.1653
0712.1656
0712.1665
0712.1782
0712.1785
0712.1840
0712.1855
0712.1880
0712.1918
0712.1939
0712.1957
0712.2049
0712.2092
0712.2172
0712.2175
0712.2177
0712.2227
0712.2304
0712.2344
0712.2365
0712.2602
0712.2696
0712.2721
0712.2812
0712.2815
0712.2942
0712.2996
0712.3060
0712.3172
0712.3243
0712.3400
0712.3449
0712.3850
0712.3873
0712.3882
0712.3911
0712.3951
0712.3954
0712.3987
0712.4000
0712.4002
0712.4061
0712.4087
0712.4315
0712.4399
0801.0001
0801.0023
0801.0030
0801.0051
0801.0054
0801.0056
0801.0104
0801.0130
0801.0261
0801.0395
0801.0480
0801.0481
0801.0530
0801.0915
0801.0921
0801.0972
0801.1054
0801.1225
0801.1230
0801.1356
0801.1360
0801.1367
0801.1409
0801.1418
0801.1451
0801.1591
0801.1691
0801.1733
0801.1804
0801.1810
0801.1829
0801.1938
0801.1942
0801.1948
0801.1981
0801.2021
0801.2071
0801.2089
0801.2103
0801.2149
0801.2272
0801.2352
0801.2430
0801.2493
0801.2577
0801.2778
0801.2796
0801.2844
0801.3008
0801.3011
0801.3045
0801.3062
0801.3109
0801.3176
0801.3299
0801.3310
0801.3331
0801.3492
0801.3643
0801.3645
0801.3648
0801.3691
0801.3747
0801.3792
0801.3834
0801.3939
0801.3946
0801.4162
0801.4181
0801.4310
0801.4416
0801.4459
0801.4503
0801.4508
0801.4636
0801.4773
0801.4811
0801.4962
0801.4966
0802.0054
0802.0102
0802.0104
0802.0165
0802.0182
0802.0194
0802.0196
0802.0271
0802.0282
0802.0361
0802.0547
0802.0596
0802.0619
0802.0630
0802.0806
0802.0814
0802.0911
0802.0963
0802.0979
0802.1019
0802.1147
0802.1217
0802.1228
0802.1231
0802.1266
0802.1301
0802.1307
0802.1495
0802.1565
0802.1568
0802.1571
0802.1645
0802.1837
0802.1886
0802.1925
0802.1945
0802.2078
0802.2096
0802.2139
0802.2196
0802.2272
0802.2378
0802.2589
0802.2651
0802.2654
0802.2721
0802.2731
0802.2751
0802.2924
0802.2928
0802.2938
0802.3136
0802.3200
0802.3237
0802.3260
0802.3277
0802.3278
0802.3361
0802.3461
0802.3523
0802.3548
0802.3657
0802.3708
0802.3809
0802.3994
0802.4017
0802.4027
0802.4086
0802.4125
0802.4186
0802.4255
0802.4331
0802.4377
0802.4425
0803.0006
0803.0016
0803.0132
0803.0148
0803.0185
0803.0211
0803.0290
0803.0297
0803.0413
0803.0425
0803.0437
0803.0451
0803.0471
0803.0477
0803.0589
0803.0691
0803.0700
0803.0728
0803.0762
0803.0831
0803.0855
0803.0900
0803.0917
0803.0991
0803.1121
0803.1122
0803.1141
0803.1269
0803.1398
0803.1456
0803.1508
0803.1519
0803.1584
0803.1606
0803.1682
0803.1868
0803.1870
0803.1891
0803.1950
0803.1996
0803.2052
0803.2079
0803.2096
0803.2160
0803.2336
0803.2351
0803.2355
0803.2366
0803.2381
0803.2412
0803.2483
0803.2506
0803.2522
0803.2583
0803.2601
0803.2605
0803.2611
0803.2629
0803.2636
0803.2795
0803.2821
0803.2836
0803.2874
0803.2878
0803.3063
0803.3165
0803.3322
0803.3332
0803.3355
0803.3419
0803.3449
0803.3468
0803.3487
0803.3534
0803.3586
0803.3592
0803.3663
0803.3695
0803.3702
0803.3730
0803.3732
0803.3788
0803.3852
0803.3894
0803.4301
0803.4388
0803.4389
0803.4439
0803.4462
0803.4486
0804.0036
0804.0038
0804.0057
0804.0120
0804.0144
0804.0226
0804.0292
0804.0588
0804.0600
0804.0645
0804.0668
0804.0715
0804.0808
0804.0840
0804.0865
0804.0901
0804.0935
0804.1164
0804.1280
0804.1391
0804.1424
0804.1425
0804.1495
0804.1558
0804.1647
0804.1652
0804.1654
0804.1658
0804.1660
0804.1942
0804.1953
0804.2038
0804.2124
0804.2142
0804.2166
0804.2190
0804.2203
0804.2233
0804.2302
0804.2305
0804.2593
0804.2715
0804.2828
0804.2860
0804.3019
0804.3049
0804.3184
0804.3260
0804.3419
0804.3494
0804.3530
0804.3550
0804.3682
0804.4014
0804.4141
0804.4153
0804.4210
0804.4264
0804.4276
0804.4338
0804.4410
0804.4508
0804.4679
0804.4767
0804.4829
0804.4837
0804.4856
0804.4875
0804.4876
0805.0052
0805.0256
0805.0284
0805.0341
0805.0349
0805.0441
0805.0534
0805.0703
0805.0775
0805.1006
0805.1082
0805.1168
0805.1231
0805.1270
0805.1302
0805.1345
0805.1361
0805.1523
0805.1525
0805.1554
0805.1560
0805.1634
0805.1717
0805.1729
0805.1975
0805.2047
0805.2092
0805.2095
0805.2114
0805.2128
0805.2139
0805.2144
0805.2178
0805.2461
0805.2508
0805.2568
0805.2569
0805.2572
0805.2625
0805.2639
0805.2731
0805.2745
0805.2788
0805.2867
0805.2885
0805.2907
0805.2932
0805.2934
0805.3176
0805.3229
0805.3354
0805.3420
0805.3431
0805.3458
0805.3521
0805.3522
0805.3982
0805.3986
0805.4208
0805.4227
0805.4282
0805.4547
0805.4575
0805.4682
0806.0044
0806.0092
0806.0258
0806.0306
0806.0309
0806.0487
0806.0508
0806.0596
0806.0607
0806.0640
0806.0658
0806.0661
0806.0724
0806.0786
0806.0934
0806.0984
0806.1001
0806.1273
0806.1312
0806.1327
0806.1457
0806.1667
0806.1694
0806.1857
0806.1863
0806.1878
0806.2014
0806.2122
0806.2202
0806.2401
0806.2490
0806.2580
0806.2599
0806.2688
0806.2729
0806.2908
0806.2995
0806.3095
0806.3163
0806.3295
0806.3412
0806.3463
0806.3468
0806.3559
0806.3585
0806.3590
0806.3676
0806.3709
0806.3851
0806.3902
0806.3943
0806.3944
0806.4031
0806.4057
0806.4267
0806.4330
0806.4394
0806.4398
0806.4421
0806.4580
0806.4637
0806.4668
0806.4829
0806.4830
0806.4947
0806.4966
0806.4967
0807.0056
0807.0240
0807.0463
0807.0468
0807.0502
0807.0516
0807.0537
0807.0540
0807.0592
0807.0619
0807.0620
0807.0696
0807.0783
0807.0861
0807.0872
0807.0979
0807.0986
0807.1078
0807.1081
0807.1135
0807.1152
0807.1170
0807.1174
0807.1229
0807.1347
0807.1376
0807.1455
0807.1528
0807.1656
0807.1736
0807.1970
0807.1975
0807.1995
0807.2027
0807.2073
0807.2079
0807.2099
0807.2118
0807.2150
0807.2207
0807.2266
0807.2267
0807.2286
0807.2332
0807.2620
0807.2629
0807.2963
0807.2971
0807.2976
0807.3139
0807.3157
0807.3321
0807.3461
0807.3518
0807.3522
0807.3578
0807.3603
0807.3708
0807.3863
0807.3991
0807.4007
0807.4008
0807.4051
0807.4065
0807.4162
0807.4318
0807.4332
0807.4374
0807.4671
0807.4694
0807.4727
0807.4733
0807.4739
0807.4790
0807.4834
0807.4877
0807.4901
0807.4954
0807.5037
0807.5121
0808.0125
0808.0243
0808.0284
0808.0410
0808.0418
0808.0469
0808.0688
0808.0741
0808.1038
0808.1061
0808.1129
0808.1204
0808.1216
0808.1270
0808.1417
0808.1438
0808.1442
0808.1476
0808.1507
0808.1525
0808.1568
0808.1616
0808.1629
0808.1664
0808.1756
0808.1760
0808.1767
0808.1922
0808.1965
0808.2002
0808.2013
0808.2169
0808.2197
0808.2230
0808.2269
0808.2308
0808.2368
0808.2395
0808.2447
0808.2476
0808.2556
0808.2588
0808.2596
0808.2618
0808.2679
0808.2753
0808.2755
0808.2761
0808.2766
0808.2792
0808.2910
0808.2943
0808.2990
0808.3003
0808.3225
0808.3263
0808.3266
0808.3389
0808.3405
0808.3426
0808.3544
0808.3615
0808.3833
0808.4069
0808.4082
0809.0004
0809.0017
0809.0020
0809.0063
0809.0076
0809.0104
0809.0143
0809.0176
0809.0180
0809.0224
0809.0331
0809.0345
0809.0386
0809.0415
0809.0482
0809.0593
0809.0799
0809.0830
0809.0951
0809.0954
0809.1048
0809.1072
0809.1129
0809.1401
0809.1411
0809.1640
0809.1669
0809.1685
0809.1691
0809.1846
0809.1991
0809.2065
0809.2166
0809.2401
0809.2479
0809.2501
0809.2713
0809.2774
0809.2815
0809.2926
0809.2967
0809.3076
0809.3410
0809.3413
0809.3460
0809.3478
0809.3482
0809.3544
0809.3622
0809.3742
0809.3937
0809.3994
0809.4061
0809.4324
0809.4351
0809.4381
0809.4579
0809.4621
0809.4669
0809.4887
0809.4925
0809.5019
0809.5110
0809.5209
0810.0092
0810.0222
0810.0225
0810.0234
0810.0382
0810.0425
0810.0438
0810.0443
0810.0485
0810.0537
0810.0591
0810.0718
0810.0732
0810.0787
0810.0821
0810.0881
0810.0924
0810.1064
0810.1086
0810.1093
0810.1122
0810.1147
0810.1154
0810.1265
0810.1342
0810.1354
0810.1465
0810.1691
0810.1715
0810.1807
0810.1814
0810.1829
0810.1877
0810.1927
0810.1931
0810.2054
0810.2067
0810.2106
0810.2112
0810.2203
0810.2325
0810.2477
0810.2487
0810.2789
0810.2830
0810.2842
0810.2853
0810.2990
0810.3147
0810.3223
0810.3262
0810.3331
0810.3334
0810.3335
0810.3354
0810.3366
0810.3374
0810.3535
0810.3603
0810.3709
0810.3787
0810.3956
0810.4017
0810.4028
0810.4122
0810.4224
0810.4285
0810.4289
0810.4298
0810.4338
0810.4457
0810.4523
0810.4726
0810.4740
0810.4788
0810.4795
0810.4820
0810.5083
0810.5169
0810.5177
0810.5181
0810.5219
0810.5310
0810.5496
0810.5544
0810.5760
0811.0062
0811.0076
0811.0165
0811.0226
0811.0290
0811.0358
0811.0372
0811.0557
0811.0647
0811.0654
0811.0687
0811.0809
0811.0856
0811.0876
0811.0883
0811.0887
0811.0966
0811.1088
0811.1170
0811.1234
0811.1300
0811.1311
0811.1322
0811.1369
0811.1463
0811.1490
0811.1495
0811.1547
0811.1586
0811.1588
0811.1793
0811.1871
0811.2028
0811.2102
0811.2259
0811.2304
0811.2477
0811.2482
0811.2806
0811.2895
0811.3005
0811.3009
0811.3019
0811.3057
0811.3061
0811.3109
0811.3132
0811.3219
0811.3225
0811.3256
0811.3324
0811.3452
0811.3479
0811.3649
0811.3652
0811.3663
0811.3701
0811.3758
0811.3774
0811.3792
0811.3922
0811.3986
0811.4029
0811.4094
0811.4139
0811.4182
0811.4206
0811.4241
0811.4287
0811.4288
0811.4336
0811.4361
0811.4379
0811.4435
0811.4451
0811.4522
0811.4545
0811.4739
0811.4769
0812.0094
0812.0112
0812.0164
0812.0179
0812.0371
0812.0490
0812.0495
0812.0548
0812.0560
0812.0784
0812.0789
0812.0947
0812.0962
0812.1259
0812.1526
0812.1724
0812.1803
0812.1868
0812.1878
0812.1969
0812.2167
0812.2170
0812.2222
0812.2281
0812.2286
0812.2377
0812.2455
0812.2572
0812.2592
0812.2596
0812.2606
0812.2613
0812.2649
0812.2659
0812.2754
0812.2826
0812.2857
0812.2860
0812.2921
0812.3025
0812.3099
0812.3186
0812.3222
0812.3374
0812.3382
0812.3440
0812.3519
0812.3525
0812.3787
0812.3870
0812.3962
0812.4024
0812.4132
0812.4178
0812.4266
0812.4354
0812.4397
0812.4479
0812.4643
0812.4653
0812.4779
0812.4787
0812.4807
0812.4896
0812.4994
0901.0055
0901.0071
0901.0101
0901.0120
0901.0249
0901.0327
0901.0354
0901.0619
0901.0658
0901.0900
0901.0970
0901.1114
0901.1287
0901.1335
0901.1340
0901.1379
0901.1458
0901.1551
0901.1587
0901.1637
0901.1649
0901.1697
0901.1787
0901.1883
0901.1963
0901.2076
0901.2163
0901.2186
0901.2279
0901.2352
0901.2441
0901.2513
0901.2514
0901.2646
0901.2658
0901.2864
0901.2920
0901.3042
0901.3075
0901.3102
0901.3235
0901.3346
0901.3377
0901.3393
0901.3452
0901.3461
0901.3641
0901.3689
0901.3713
0901.3714
0901.3735
0901.3832
0901.3889
0901.3945
0901.4168
0901.4225
0901.4305
0901.4349
0901.4367
0901.4376
0901.4564
0901.4668
0901.4819
0901.4831
0902.0135
0902.0164
0902.0244
0902.0247
0902.0380
0902.0419
0902.0488
0902.0661
0902.0955
0902.0992
0902.1011
0902.1046
0902.1105
0902.1143
0902.1180
0902.1262
0902.1264
0902.1357
0902.1404
0902.1437
0902.1466
0902.1548
0902.1653
0902.1680
0902.1729
0902.1757
0902.1768
0902.1813
0902.1901
0902.1942
0902.2039
0902.2302
0902.2496
0902.2533
0902.2603
0902.2723
0902.3093
0902.3190
0902.3254
0902.3257
0902.3274
0902.3419
0902.3426
0902.3428
0902.3480
0902.3482
0902.3506
0902.3557
0902.3571
0902.3620
0902.3644
0902.3884
0902.3953
0902.3961
0902.3965
0902.4165
0902.4168
0902.4169
0902.4190
0902.4225
0902.4311
0902.4332
0902.4352
0902.4366
0902.4428
0902.4567
0902.4619
0902.4637
0902.4657
0902.4670
0902.4758
0902.4776
0902.4895
0903.0086
0903.0106
0903.0132
0903.0408
0903.0473
0903.0530
0903.0642
0903.0673
0903.0743
0903.0817
0903.1117
0903.1140
0903.1156
0903.1162
0903.1238
0903.1297
0903.1318
0903.1439
0903.1486
0903.1515
0903.1575
0903.1579
0903.1625
0903.1742
0903.1743
0903.1834
0903.1885
0903.2024
0903.2173
0903.2183
0903.2215
0903.2289
0903.2383
0903.2508
0903.2514
0903.2520
0903.2592
0903.2741
0903.2785
0903.2797
0903.2810
0903.2817
0903.2843
0903.2866
0903.2961
0903.2983
0903.3026
0903.3099
0903.3105
0903.3128
0903.3200
0903.3201
0903.3221
0903.3419
0903.3458
0903.3541
0903.3591
0903.3726
0903.3756
0903.3767
0903.3778
0903.3817
0903.3856
0903.3862
0903.3898
0903.4006
0903.4007
0903.4008
0903.4321
0903.4334
0903.4350
0903.4383
0903.4419
0903.4504
0903.4552
0903.4611
0903.4766
0903.4963
0903.4965
0903.5165
0904.0043
0904.0072
0904.0406
0904.0441
0904.0473
0904.0474
0904.0524
0904.0616
0904.0714
0904.0718
0904.0744
0904.0850
0904.0854
0904.0888
0904.0967
0904.1026
0904.1051
0904.1053
0904.1056
0904.1085
0904.1141
0904.1307
0904.1337
0904.1608
0904.1614
0904.1831
0904.1871
0904.1906
0904.2075
0904.2101
0904.2179
0904.2243
0904.2316
0904.2323
0904.2354
0904.2416
0904.2429
0904.2562
0904.2795
0904.3020
0904.3035
0904.3057
0904.3110
0904.3281
0904.3365
0904.3514
0904.3526
0904.3672
0904.3709
0904.3719
0904.3772
0904.3777
0904.3819
0904.3845
0904.3863
0904.3884
0904.3908
0904.3938
0904.4005
0904.4310
0904.4658
0905.0015
0905.0019
0905.0022
0905.0047
0905.0080
0905.0135
0905.0163
0905.0243
0905.0244
0905.0294
0905.0304
0905.0318
0905.0401
0905.0418
0905.0546
0905.0745
0905.0830
0905.0941
0905.1092
0905.1133
0905.1152
0905.1171
0905.1196
0905.1229
0905.1242
0905.1274
0905.1288
0905.1343
0905.1364
0905.1610
0905.1642
0905.1727
0905.1753
0905.1758
0905.1841
0905.1869
0905.1991
0905.2070
0905.2147
0905.2151
0905.2198
0905.2325
0905.2341
0905.2383
0905.2550
0905.2668
0905.2737
0905.2866
0905.2876
0905.2887
0905.3013
0905.3085
0905.3144
0905.3247
0905.3250
0905.3327
0905.3346
0905.3459
0905.3594
0905.3692
0905.3765
0905.3779
0905.3809
0905.3816
0905.3857
0905.4143
0905.4187
0905.4217
0905.4244
0905.4245
0905.4248
0905.4266
0905.4289
0905.4306
0905.4336
0905.4348
0905.4372
0905.4382
0905.4443
0905.4588
0905.4682
0905.4798
0906.0045
0906.0047
0906.0092
0906.0104
0906.0412
0906.0421
0906.0465
0906.0565
0906.0611
0906.0614
0906.0632
0906.0997
0906.1023
0906.1029
0906.1065
0906.1128
0906.1191
0906.1240
0906.1241
0906.1275
0906.1427
0906.1466
0906.1741
0906.1780
0906.1793
0906.1815
0906.1934
0906.2026
0906.2056
0906.2112
0906.2132
0906.2198
0906.2295
0906.2559
0906.2629
0906.2643
0906.2848
0906.2925
0906.3096
0906.3100
0906.3129
0906.3146
0906.3238
0906.3249
0906.3255
0906.3283
0906.3380
0906.3413
0906.3533
0906.3702
0906.3728
0906.3854
0906.3891
0906.4177
0906.4189
0906.4209
0906.4286
0906.4309
0906.4374
0906.4381
0906.4383
0906.4424
0906.4429
0906.4508
0906.4579
0906.4626
0906.4701
0906.4868
0906.5150
0906.5216
0906.5238
0906.5252
0906.5284
0906.5428
0906.5432
0906.5458
0906.5484
0906.5510
0906.5559
0906.5573
0907.0141
0907.0158
0907.0161
0907.0162
0907.0163
0907.0175
0907.0206
0907.0221
0907.0298
0907.0315
0907.0341
0907.0343
0907.0371
0907.0692
0907.0771
0907.0776
0907.0790
0907.0842
0907.0880
0907.0916
0907.0918
0907.0922
0907.0924
0907.0955
0907.0972
0907.1356
0907.1379
0907.1458
0907.1517
0907.1547
0907.1563
0907.1725
0907.1910
0907.1940
0907.2051
0907.2060
0907.2097
0907.2098
0907.2168
0907.2171
0907.2336
0907.2430
0907.2496
0907.2497
0907.2499
0907.2529
0907.2557
0907.2577
0907.2578
0907.2606
0907.2676
0907.2762
0907.2766
0907.2767
0907.2786
0907.2870
0907.2892
0907.2946
0907.3066
0907.3288
0907.3302
0907.3306
0907.3412
0907.3427
0907.3492
0907.3560
0907.3586
0907.3664
0907.3723
0907.3970
0907.3972
0907.3974
0907.4058
0907.4096
0907.4365
0907.4391
0907.4507
0907.4534
0907.4747
0907.4767
0907.4781
0907.4824
0907.4867
0907.4872
0907.4894
0907.4913
0907.4931
0907.5066
0907.5089
0907.5261
0907.5263
0907.5293
0907.5323
0907.5337
0907.5434
0907.5543
0908.0091
0908.0093
0908.0149
0908.0171
0908.0554
0908.0582
0908.0670
0908.0680
0908.0699
0908.0879
0908.0882
0908.0996
0908.1210
0908.1233
0908.1435
0908.1458
0908.1472
0908.1503
0908.1611
0908.1741
0908.1752
0908.1762
0908.1991
0908.2008
0908.2047
0908.2113
0908.2140
0908.2178
0908.2319
0908.2350
0908.2512
0908.2516
0908.2536
0908.2585
0908.2642
0908.2928
0908.3062
0908.3076
0908.3130
0908.3185
0908.3253
0908.3340
0908.3511
0908.3521
0908.3667
0908.3731
0908.3765
0908.3799
0908.3820
0908.3823
0908.3832
0908.3835
0908.3895
0908.3905
0908.3920
0908.3973
0908.4007
0908.4024
0908.4031
0908.4034
0908.4223
0908.4323
0908.4387
0908.4389
0908.4440
0908.4442
0908.4519
0908.4562
0908.4588
0909.0081
0909.0096
0909.0101
0909.0143
0909.0227
0909.0307
0909.0340
0909.0362
0909.0438
0909.0586
0909.0670
0909.0712
0909.0714
0909.0715
0909.0743
0909.0799
0909.0804
0909.0809
0909.0811
0909.0883
0909.0969
0909.0995
0909.1111
0909.1153
0909.1156
0909.1175
0909.1178
0909.1184
0909.1273
0909.1278
0909.1343
0909.1410
0909.1568
0909.1614
0909.1642
0909.1661
0909.1663
0909.1666
0909.1838
0909.1849
0909.1923
0909.1993
0909.1994
0909.2080
0909.2387
0909.2388
0909.2461
0909.2531
0909.2569
0909.2582
0909.2593
0909.2598
0909.2670
0909.2724
0909.2738
0909.2808
0909.2811
0909.2878
0909.2983
0909.2993
0909.2999
0909.3002
0909.3107
0909.3324
0909.3360
0909.3424
0909.3442
0909.3573
0909.3680
0909.3916
0909.3923
0909.3972
0909.4006
0909.4130
0909.4246
0909.4251
0909.4273
0909.4299
0909.4345
0909.4509
0909.4558
0909.4803
0909.4806
0909.4869
0909.4892
0909.4914
0909.4916
0909.4925
0909.5024
0909.5050
0909.5147
0909.5274
0909.5280
0909.5406
0909.5452
0909.5471
0909.5667
0910.0049
0910.0065
0910.0070
0910.0122
0910.0142
0910.0157
0910.0428
0910.0571
0910.0601
0910.0605
0910.0664
0910.0718
0910.0739
0910.0787
0910.0815
0910.0904
0910.1132
0910.1212
0910.1263
0910.1408
0910.1411
0910.1445
0910.1534
0910.1722
0910.1755
0910.1848
0910.1880
0910.1884
0910.1887
0910.1944
0910.1982
0910.2014
0910.2017
0910.2051
0910.2052
0910.2055
0910.2057
0910.2102
0910.2127
0910.2223
0910.2250
0910.2349
0910.2371
0910.2589
0910.2620
0910.2676
0910.2684
0910.2694
0910.2717
0910.2770
0910.2798
0910.2907
0910.2960
0910.2989
0910.2997
0910.3128
0910.3142
0910.3323
0910.3331
0910.3344
0910.3368
0910.3391
0910.3417
0910.3428
0910.3482
0910.3563
0910.3660
0910.3715
0910.3759
0910.3815
0910.3875
0910.3898
0910.3976
0910.4048
0910.4156
0910.4219
0910.4303
0910.4305
0910.4306
0910.4312
0910.4448
0910.4498
0910.4556
0910.4588
0910.4646
0910.4656
0910.4674
0910.4676
0910.4691
0910.4695
0910.5004
0910.5009
0910.5063
0910.5069
0910.5182
0910.5228
0910.5412
0910.5422
0910.5550
0910.5704
0910.5870
0911.0025
0911.0286
0911.0329
0911.0511
0911.0513
0911.0546
0911.0590
0911.0783
0911.0797
0911.0918
0911.1074
0911.1103
0911.1181
0911.1268
0911.1271
0911.1325
0911.1475
0911.1485
0911.1523
0911.1802
0911.1830
0911.1875
0911.1883
0911.1913
0911.1929
0911.1933
0911.1975
0911.2020
0911.2054
0911.2128
0911.2261
0911.2269
0911.2278
0911.2288
0911.2292
0911.2441
0911.2474
0911.2479
0911.2594
0911.2643
0911.2660
0911.2680
0911.2791
0911.2832
0911.2870
0911.2871
0911.2908
0911.2923
0911.2932
0911.2951
0911.2966
0911.3025
0911.3069
0911.3309
0911.3491
0911.3522
0911.3537
0911.3792
0911.3876
0911.3881
0911.3887
0911.3971
0911.4104
0911.4106
0911.4110
0911.4147
0911.4186
0911.4213
0911.4261
0911.4277
0911.4346
0911.4537
0911.4545
0911.4580
0911.4834
0911.4849
0911.4882
0911.5019
0911.5065
0911.5135
0911.5182
0911.5289
0911.5472
0911.5478
0911.5543
0911.5547
0911.5681
0911.5726
0911.5728
0912.0052
0912.0058
0912.0060
0912.0117
0912.0173
0912.0197
0912.0325
0912.0408
0912.0441
0912.0506
0912.0532
0912.0574
0912.0620
0912.0718
0912.0721
0912.0795
0912.0864
0912.0988
0912.1039
0912.1054
0912.1062
0912.1065
0912.1068
0912.1071
0912.1145
0912.1263
0912.1427
0912.1436
0912.1494
0912.1518
0912.1527
0912.1577
0912.1585
0912.1659
0912.1685
0912.1692
0912.1702
0912.1749
0912.1831
0912.1834
0912.1842
0912.1886
0912.1929
0912.1951
0912.1964
0912.1997
0912.2051
0912.2073
0912.2075
0912.2080
0912.2116
0912.2121
0912.2210
0912.2236
0912.2329
0912.2379
0912.2445
0912.2451
0912.2459
0912.2497
0912.2508
0912.2513
0912.2528
0912.2670
0912.2865
0912.2925
0912.2981
0912.3067
0912.3237
0912.3269
0912.3660
0912.3677
0912.3758
0912.3785
0912.4017
0912.4019
0912.4043
0912.4325
0912.4597
0912.4751
0912.4756
0912.4761
0912.4854
0912.4904
0912.4905
0912.4908
0912.4910
0912.4975
0912.4977
0912.5021
0912.5185
0912.5192
0912.5217
0912.5246
0912.5259
0912.5279
0912.5319
0912.5501
0912.5504
1001.0058
1001.0100
1001.0248
1001.0312
1001.0314
1001.0318
1001.0323
1001.0370
1001.0390
1001.0402
1001.0466
1001.0494
1001.0684
1001.0789
1001.0897
1001.0948
1001.1055
1001.1100
1001.1293
1001.1406
1001.1416
1001.1504
1001.1534
1001.1571
1001.1621
1001.1639
1001.1646
1001.1783
1001.1869
1001.1891
1001.1913
1001.1929
1001.1977
1001.2013
1001.2044
1001.2051
1001.2071
1001.2096
1001.2156
1001.2233
1001.2248
1001.2495
1001.2511
1001.2517
1001.2525
1001.2548
1001.2694
1001.2756
1001.2872
1001.2873
1001.3068
1001.3206
1001.3226
1001.3296
1001.3316
1001.3324
1001.3356
1001.3381
1001.3394
1001.3400
1001.3403
1001.3424
1001.3438
1001.3466
1001.3573
1001.3623
1001.3630
1001.3729
1001.3820
1001.3825
1001.3838
1001.3894
1001.3988
1001.4081
1001.4095
1001.4133
1001.4169
1001.4170
1001.4187
1001.4252
1001.4260
1001.4266
1001.4396
1001.4445
1001.4455
1001.4496
1001.4534
1001.4541
1001.4670
1001.4710
1001.4777
1001.4891
1001.5008
1001.5017
1001.5081
1001.5181
1001.5302
1001.5303
1002.0020
1002.0158
1002.0168
1002.0183
1002.0255
1002.0271
1002.0353
1002.0362
1002.0372
1002.0415
1002.0442
1002.0451
1002.0467
1002.0492
1002.0554
1002.0619
1002.0667
1002.0670
1002.0713
1002.0862
1002.1009
1002.1041
1002.1175
1002.1383
1002.1527
1002.1528
1002.1598
1002.1605
1002.1616
1002.1634
1002.1679
1002.2024
1002.2053
1002.2098
1002.2208
1002.2209
1002.2210
1002.2254
1002.2260
1002.2387
1002.2443
1002.2554
1002.2597
1002.2671
1002.2756
1002.2796
1002.2803
1002.2899
1002.2936
1002.3150
1002.3221
1002.3254
1002.3289
1002.3310
1002.3313
1002.3318
1002.3357
1002.3385
1002.3422
1002.3569
1002.3658
1002.3808
1002.3840
1002.3883
1002.4016
1002.4127
1002.4130
1002.4171
1002.4175
1002.4202
1002.4228
1002.4344
1002.4373
1002.4400
1002.4403
1002.4430
1002.4468
1002.4757
1002.4806
1002.4829
1002.4839
1002.4848
1003.0021
1003.0064
1003.0072
1003.0357
1003.0462
1003.0509
1003.0559
1003.0573
1003.0752
1003.0777
1003.0927
1003.0981
1003.1022
1003.1064
1003.1094
1003.1157
1003.1158
1003.1191
1003.1215
1003.1236
1003.1287
1003.1646
1003.1652
1003.1743
1003.1782
1003.1844
1003.1869
1003.1871
1003.1906
1003.1915
1003.1935
1003.1969
1003.1997
1003.2050
1003.2060
1003.2064
1003.2109
1003.2131
1003.2165
1003.2170
1003.2186
1003.2221
1003.2223
1003.2248
1003.2290
1003.2326
1003.2362
1003.2375
1003.2407
1003.2451
1003.2563
1003.2571
1003.2820
1003.2905
1003.2927
1003.2978
1003.2986
1003.3000
1003.3004
1003.3143
1003.3160
1003.3196
1003.3241
1003.3289
1003.3292
1003.3297
1003.3298
1003.3300
1003.3452
1003.3509
1003.3512
1003.3576
1003.3716
1003.3736
1003.3772
1003.3780
1003.3783
1003.3808
1003.3994
1003.4001
1003.4015
1003.4039
1003.4072
1003.4111
1003.4116
1003.4225
1003.4414
1003.4421
1003.4433
1003.4465
1003.4498
1003.4569
1003.4613
1003.4719
1003.4759
1003.4948
1003.5029
1003.5141
1003.5222
1003.5252
1003.5316
1003.5335
1003.5336
1003.5347
1003.5388
1003.5390
1003.5520
1003.5649
1003.5718
1003.5856
1003.5973
1004.0120
1004.0163
1004.0224
1004.0253
1004.0261
1004.0360
1004.0430
1004.0466
1004.0536
1004.0665
1004.0715
1004.0731
1004.0742
1004.0904
1004.0986
1004.0994
1004.1065
1004.1067
1004.1072
1004.1083
1004.1172
1004.1244
1004.1326
1004.1435
1004.1477
1004.1520
1004.1668
1004.1716
1004.1752
1004.1783
1004.1960
1004.2091
1004.2168
1004.2193
1004.2224
1004.2230
1004.2267
1004.2269
1004.2305
1004.2480
1004.2481
1004.2608
1004.2613
1004.2670
1004.2713
1004.2723
1004.2753
1004.2961
1004.2996
1004.3019
1004.3072
1004.3108
1004.3115
1004.3169
1004.3211
1004.3236
1004.3245
1004.3366
1004.3411
1004.3424
1004.3513
1004.3516
1004.3550
1004.3591
1004.3675
1004.3713
1004.3720
1004.3790
1004.3799
1004.3813
1004.4038
1004.4205
1004.4208
1004.4273
1004.4277
1004.4304
1004.4337
1004.4503
1004.4699
1004.4705
1004.4737
1004.4785
1004.4812
1004.4849
1004.4872
1004.4933
1004.4936
1004.5032
1004.5036
1004.5062
1004.5123
1004.5164
1004.5239
1004.5323
1004.5340
1004.5439
1004.5450
1004.5462
1004.5466
1004.5511
1005.0098
1005.0177
1005.0205
1005.0246
1005.0287
1005.0315
1005.0394
1005.0414
1005.0610
1005.0646
1005.0658
1005.0661
1005.0672
1005.0724
1005.1156
1005.1210
1005.1216
1005.1240
1005.1302
1005.1320
1005.1458
1005.1463
1005.1528
1005.1533
1005.1535
1005.1609
1005.1622
1005.1879
1005.1967
1005.1980
1005.2008
1005.2019
1005.2057
1005.2289
1005.2539
1005.2558
1005.2657
1005.2692
1005.2752
1005.2765
1005.2824
1005.2871
1005.2946
1005.2951
1005.2993
1005.2998
1005.3003
1005.3005
1005.3147
1005.3623
1005.3624
1005.3690
1005.3701
1005.3753
1005.3871
1005.3932
1005.3967
1005.4049
1005.4052
1005.4078
1005.4105
1005.4152
1005.4206
1005.4209
1005.4233
1005.4299
1005.4309
1005.4373
1005.4401
1005.4437
1005.4470
1005.4523
1005.4528
1005.4548
1005.4591
1005.4596
1005.4640
1005.4660
1005.4700
1005.4703
1005.4712
1005.4771
1005.4775
1005.4825
1005.4848
1005.4858
1005.4881
1005.4967
1005.4998
1005.5116
1005.5120
1005.5135
1005.5179
1005.5222
1005.5326
1005.5469
1005.5575
1005.5578
1005.5579
1005.5619
1005.5627
1006.0092
1006.0163
1006.0205
1006.0208
1006.0382
1006.0466
1006.0518
1006.0521
1006.0522
1006.0523
1006.0525
1006.0691
1006.0721
1006.0735
1006.0743
1006.0789
1006.0822
1006.0824
1006.0873
1006.0915
1006.0930
1006.0997
1006.1002
1006.1108
1006.1110
1006.1166
1006.1196
1006.1286
1006.1298
1006.1306
1006.1466
1006.1467
1006.1469
1006.1490
1006.1507
1006.1582
1006.1654
1006.1723
1006.1778
1006.1782
1006.1802
1006.2033
1006.2177
1006.2340
1006.2450
1006.2500
1006.2562
1006.2610
1006.2632
1006.2720
1006.2997
1006.3025
1006.3069
1006.3125
1006.3153
1006.3194
1006.3198
1006.3237
1006.3279
1006.3303
1006.3305
1006.3336
1006.3339
1006.3345
1006.3367
1006.3472
1006.3476
1006.3493
1006.3683
1006.3864
1006.3907
1006.3984
1006.4026
1006.4081
1006.4084
1006.4206
1006.4222
1006.4256
1006.4381
1006.4499
1006.4690
1006.4810
1006.4891
1006.4898
1006.4952
1006.4977
1006.5074
1006.5105
1006.5142
1006.5143
1006.5162
1006.5163
1006.5357
1006.5399
1006.5413
1006.5503
1006.5740
1006.5808
1006.5812
1006.5859
1007.0052
1007.0181
1007.0251
1007.0257
1007.0259
1007.0310
1007.0326
1007.0332
1007.0353
1007.0358
1007.0593
1007.0607
1007.0665
1007.0744
1007.0878
1007.0929
1007.1310
1007.1319
1007.1385
1007.1467
1007.1489
1007.1526
1007.1655
1007.1729
1007.1848
1007.1904
1007.1938
1007.1956
1007.2050
1007.2213
1007.2239
1007.2290
1007.2306
1007.2307
1007.2309
1007.2312
1007.2317
1007.2318
1007.2337
1007.2665
1007.2667
1007.2777
1007.2821
1007.3047
1007.3070
1007.3094
1007.3317
1007.3344
1007.3345
1007.3406
1007.3459
1007.3717
1007.3852
1007.3873
1007.3933
1007.4004
1007.4181
1007.4284
1007.4590
1007.4617
1007.4621
1007.4732
1007.4796
1007.4821
1007.4823
1007.4899
1007.5124
1007.5203
1007.5257
1007.5285
1007.5324
1007.5444
1007.5485
1007.5501
1007.5503
1007.5508
1008.0013
1008.0038
1008.0095
1008.0142
1008.0155
1008.0193
1008.0233
1008.0387
1008.0408
1008.0418
1008.0430
1008.0445
1008.0473
1008.0596
1008.0686
1008.0713
1008.0731
1008.0763
1008.0770
1008.0809
1008.0825
1008.0839
1008.0852
1008.0897
1008.0995
1008.0999
1008.1000
1008.1008
1008.1207
1008.1274
1008.1284
1008.1487
1008.1553
1008.1602
1008.1617
1008.1669
1008.1853
1008.1854
1008.1863
1008.1879
1008.1905
1008.1968
1008.1978
1008.2052
1008.2053
1008.2059
1008.2173
1008.2268
1008.2288
1008.2295
1008.2340
1008.2368
1008.2394
1008.2479
1008.2547
1008.2727
1008.2796
1008.2862
1008.2894
1008.2983
1008.2994
1008.3002
1008.3003
1008.3061
1008.3171
1008.3202
1008.3204
1008.3275
1008.3316
1008.3401
1008.3474
1008.3475
1008.3649
1008.3662
1008.3674
1008.3675
1008.3689
1008.3719
1008.3778
1008.3805
1008.3897
1008.3921
1008.4008
1008.4014
1008.4048
1008.4087
1008.4180
1008.4195
1008.4234
1008.4533
1008.4535
1008.4633
1008.4711
1008.4751
1008.4766
1008.4781
1008.4808
1008.4909
1008.4910
1008.4937
1008.4970
1008.4981
1008.5046
1008.5092
1008.5184
1008.5207
1008.5239
1008.5301
1009.0028
1009.0096
1009.0098
1009.0146
1009.0154
1009.0178
1009.0284
1009.0287
1009.0308
1009.0363
1009.0447
1009.0488
1009.0736
1009.0766
1009.0780
1009.0781
1009.0785
1009.0807
1009.0872
1009.1014
1009.1056
1009.1062
1009.1067
1009.1082
1009.1365
1009.1368
1009.1484
1009.1610
1009.1741
1009.1823
1009.1892
1009.2126
1009.2135
1009.2181
1009.2253
1009.2364
1009.2460
1009.2699
1009.2929
1009.3198
1009.3213
1009.3280
1009.3282
1009.3436
1009.3439
1009.3546
1009.3645
1009.3729
1009.3764
1009.3799
1009.3858
1009.3956
1009.3971
1009.3985
1009.4026
1009.4274
1009.4306
1009.4376
1009.4432
1009.4507
1009.4528
1009.4621
1009.4804
1009.4810
1009.4826
1009.5016
1009.5038
1009.5092
1009.5106
1009.5135
1009.5202
1009.5217
1009.5281
1009.5357
1009.5360
1009.5388
1009.5389
1009.5620
1009.5638
1009.5659
1009.5835
1009.5970
1009.6072
1010.0035
1010.0120
1010.0152
1010.0349
1010.0429
1010.0482
1010.0486
1010.0507
1010.0555
1010.0732
1010.0749
1010.0850
1010.0879
1010.1009
1010.1010
1010.1399
1010.1420
1010.1540
1010.1575
1010.1582
1010.1599
1010.1754
1010.1923
1010.1926
1010.1941
1010.1981
1010.1982
1010.2035
1010.2176
1010.2181
1010.2188
1010.2212
1010.2269
1010.2275
1010.2360
1010.2444
1010.2484
1010.2536
1010.2540
1010.2561
1010.2600
1010.2603
1010.2780
1010.2782
1010.2801
1010.2874
1010.3070
1010.3156
1010.3239
1010.3322
1010.3349
1010.3393
1010.3451
1010.3475
1010.3528
1010.3544
1010.3648
1010.3677
1010.3781
1010.3791
1010.3928
1010.3938
1010.3945
1010.3954
1010.4241
1010.4364
1010.4425
1010.4432
1010.4440
1010.4544
1010.4577
1010.4596
1010.4685
1010.4766
1010.4826
1010.4864
1010.4883
1010.4897
1010.4923
1010.5030
1010.5042
1010.5101
1010.5310
1010.5341
1010.5361
1010.5393
1010.5411
1010.5427
1010.5442
1010.5485
1010.5486
1010.5583
1010.5727
1010.5769
1010.5805
1010.5816
1010.5930
1010.6009
1010.6038
1010.6059
1010.6066
1010.6107
1010.6181
1010.6216
1010.6217
1011.0019
1011.0076
1011.0080
1011.0104
1011.0107
1011.0173
1011.0229
1011.0323
1011.0357
1011.0464
1011.0782
1011.0883
1011.0914
1011.0975
1011.1077
1011.1291
1011.1292
1011.1307
1011.1403
1011.1430
1011.1667
1011.1755
1011.1797
1011.1825
1011.1842
1011.1955
1011.1957
1011.1961
1011.2154
1011.2251
1011.2417
1011.2451
1011.2470
1011.2737
1011.2769
1011.2826
1011.2897
1011.2940
1011.2956
1011.2991
1011.3093
1011.3095
1011.3198
1011.3298
1011.3350
1011.3352
1011.3368
1011.3370
1011.3392
1011.3424
1011.3426
1011.3434
1011.3447
1011.3790
1011.3833
1011.4124
1011.4128
1011.4262
1011.4283
1011.4310
1011.4441
1011.4490
1011.4492
1011.4495
1011.4501
1011.4507
1011.4582
1011.4583
1011.4600
1011.4777
1011.4836
1011.4857
1011.4917
1011.4977
1011.5155
1011.5220
1011.5302
1011.5339
1011.5486
1011.5497
1011.5551
1011.5825
1011.5939
1011.6042
1011.6079
1011.6083
1011.6160
1011.6283
1011.6393
1011.6465
1011.6476
1011.6561
1012.0080
1012.0094
1012.0096
1012.0175
1012.0191
1012.0207
1012.0210
1012.0284
1012.0350
1012.0382
1012.0486
1012.0628
1012.0671
1012.0675
1012.0725
1012.0960
1012.0964
1012.0984
1012.1110
1012.1144
1012.1189
1012.1290
1012.1308
1012.1442
1012.1444
1012.1453
1012.1461
1012.1477
1012.1637
1012.1680
1012.1709
1012.1756
1012.1765
1012.1782
1012.1795
1012.1825
1012.1838
1012.1844
1012.2068
1012.2071
1012.2337
1012.2351
1012.2477
1012.2523
1012.2576
1012.2681
1012.2754
1012.2793
1012.2857
1012.2897
1012.2935
1012.2984
1012.3036
1012.3062
1012.3182
1012.3223
1012.3376
1012.3390
1012.3393
1012.3429
1012.3513
1012.3569
1012.3610
1012.3613
1012.3682
1012.3686
1012.3721
1012.3731
1012.3809
1012.3843
1012.3897
1012.4019
1012.4047
1012.4155
1012.4177
1012.4219
1012.4436
1012.4665
1012.4819
1012.4823
1012.4825
1012.4878
1012.4968
1012.5006
1012.5083
1012.5087
1012.5091
1012.5192
1012.5297
1012.5320
1012.5322
1012.5367
1012.5409
1012.5437
1012.5445
1012.5631
1012.5732
1012.5801
1012.5817
1012.5835
1012.5837
1012.5979
1012.5991
1101.0022
1101.0036
1101.0050
1101.0097
1101.0142
1101.0178
1101.0259
1101.0289
1101.0311
1101.0424
1101.0526
1101.0564
1101.0574
1101.0599
1101.0786
1101.0836
1101.0874
1101.0983
1101.1132
1101.1152
1101.1199
1101.1594
1101.1598
1101.1653
1101.1730
1101.1743
1101.1800
1101.1805
1101.1850
1101.1855
1101.1883
1101.1898
1101.1939
1101.2097
1101.2373
1101.2609
1101.2611
1101.2949
1101.2951
1101.3001
1101.3026
1101.3029
1101.3045
1101.3062
1101.3143
1101.3190
1101.3197
1101.3344
1101.3377
1101.3467
1101.3482
1101.3489
1101.3507
1101.3646
1101.3647
1101.3683
1101.3720
1101.3839
1101.3941
1101.3945
1101.3948
1101.4224
1101.4255
1101.4274
1101.4323
1101.4339
1101.4380
1101.4442
1101.4492
1101.4557
1101.4603
1101.4682
1101.4715
1101.4786
1101.4792
1101.4806
1101.4823
1101.4906
1101.4931
1101.5001
1101.5425
1101.5453
1101.5464
1101.5477
1101.5662
1101.5704
1101.5738
1101.5851
1101.5867
1101.5871
1101.6033
1102.0120
1102.0195
1102.0328
1102.0363
1102.0367
1102.0481
1102.0568
1102.0617
1102.0679
1102.0760
1102.0839
1102.0863
1102.0903
1102.1053
1102.1153
1102.1155
1102.1174
1102.1201
1102.1310
1102.1312
1102.1432
1102.1433
1102.1464
1102.1493
1102.1555
1102.1606
1102.1628
1102.1636
1102.1643
1102.1701
1102.1814
1102.1864
1102.1872
1102.1873
1102.2014
1102.2043
1102.2065
1102.2099
1102.2122
1102.2156
1102.2162
1102.2255
1102.2273
1102.2295
1102.2302
1102.2316
1102.2349
1102.2377
1102.2457
1102.2458
1102.2606
1102.2680
1102.2769
1102.2793
1102.2914
1102.2971
1102.3031
1102.3075
1102.3079
1102.3236
1102.3247
1102.3321
1102.3377
1102.3469
1102.3648
1102.3754
1102.3764
1102.3769
1102.3811
1102.3818
1102.3832
1102.3984
1102.4046
1102.4089
1102.4127
1102.4291
1102.4302
1102.4310
1102.4393
1102.4400
1102.4464
1102.4557
1102.4600
1102.4644
1102.4656
1102.4705
1102.4771
1102.4772
1102.4833
1102.4834
1102.4860
1102.4911
1102.5070
1102.5086
1102.5109
1102.5111
1102.5276
1102.5351
1102.5355
1102.5375
1102.5415
1102.5438
1102.5465
1102.5547
1102.5574
1102.5683
1102.5746
1102.5764
1103.0060
1103.0103
1103.0267
1103.0370
1103.0422
1103.0447
1103.0487
1103.0567
1103.0570
1103.0821
1103.0851
1103.0902
1103.0926
1103.1014
1103.1019
1103.1027
1103.1070
1103.1090
1103.1093
1103.1125
1103.1133
1103.1167
1103.1174
1103.1244
1103.1354
1103.1437
1103.1493
1103.1508
1103.1585
1103.1662
1103.1670
1103.1698
1103.1719
1103.1825
1103.1979
1103.1985
1103.2028
1103.2043
1103.2076
1103.2106
1103.2114
1103.2147
1103.2207
1103.2231
1103.2262
1103.2295
1103.2298
1103.2333
1103.2472
1103.2525
1103.2543
1103.2625
1103.2806
1103.2877
1103.2879
1103.2901
1103.2995
1103.3066
1103.3069
1103.3110
1103.3152
1103.3258
1103.3262
1103.3381
1103.3384
1103.3398
1103.3428
1103.3483
1103.3578
1103.3635
1103.3762
1103.3853
1103.3907
1103.3916
1103.3928
1103.3986
1103.4458
1103.4459
1103.4508
1103.4561
1103.4579
1103.4644
1103.4672
1103.4692
1103.4740
1103.4878
1103.4922
1103.4944
1103.4948
1103.4963
1103.4991
1103.5003
1103.5030
1103.5067
1103.5072
1103.5100
1103.5198
1103.5227
1103.5235
1103.5388
1103.5430
1103.5473
1103.5486
1103.5513
1103.5519
1103.5544
1103.5619
1103.5728
1103.5732
1103.5830
1103.5833
1103.5861
1103.5883
1103.5886
1103.5906
1103.5937
1103.5982
1103.6000
1103.6022
1103.6061
1103.6226
1103.6278
1104.0108
1104.0119
1104.0120
1104.0124
1104.0129
1104.0266
1104.0286
1104.0293
1104.0320
1104.0321
1104.0392
1104.0396
1104.0439
1104.0441
1104.0472
1104.0519
1104.0609
1104.0705
1104.0856
1104.0943
1104.1067
1104.1182
1104.1230
1104.1278
1104.1333
1104.1474
1104.1484
1104.1501
1104.1563
1104.1579
1104.1616
1104.1760
1104.1762
1104.1766
1104.1809
1104.1850
1104.1902
1104.1906
1104.1994
1104.1997
1104.2027
1104.2105
1104.2168
1104.2222
1104.2232
1104.2303
1104.2542
1104.2635
1104.2716
1104.2797
1104.2804
1104.2937
1104.3181
1104.3264
1104.3338
1104.3617
1104.3659
1104.3739
1104.3785
1104.3882
1104.3900
1104.3909
1104.3910
1104.3971
1104.4008
1104.4011
1104.4311
1104.4313
1104.4324
1104.4332
1104.4356
1104.4401
1104.4557
1104.4583
1104.4594
1104.4598
1104.4641
1104.4645
1104.4721
1104.4762
1104.4827
1104.4957
1104.4988
1104.5052
1104.5054
1104.5100
1104.5178
1104.5303
1104.5363
1104.5380
1104.5406
1104.5420
1104.5430
1104.5490
1105.0018
1105.0086
1105.0093
1105.0239
1105.0292
1105.0294
1105.0361
1105.0574
1105.0684
1105.0841
1105.0846
1105.0847
1105.0848
1105.0850
1105.0858
1105.0865
1105.0912
1105.1127
1105.1176
1105.1177
1105.1223
1105.1305
1105.1440
1105.1500
1105.1530
1105.1551
1105.1554
1105.1602
1105.1619
1105.1696
1105.1706
1105.1719
1105.1732
1105.1797
1105.1915
1105.1918
1105.1970
1105.2114
1105.2143
1105.2147
1105.2240
1105.2242
1105.2249
1105.2290
1105.2361
1105.2427
1105.2603
1105.2787
1105.2792
1105.2807
1105.2847
1105.2895
1105.2897
1105.2966
1105.3379
1105.3439
1105.3441
1105.3495
1105.3513
1105.3721
1105.3876
1105.3895
1105.3942
1105.3943
1105.3952
1105.4018
1105.4092
1105.4192
1105.4312
1105.4321
1105.4397
1105.4435
1105.4476
1105.4513
1105.4544
1105.4600
1105.4662
1105.4824
1105.4833
1105.5022
1105.5153
1105.5169
1105.5180
1105.5221
1105.5290
1105.5325
1105.5346
1105.5352
1105.5357
1105.5373
1105.5477
1105.5482
1105.5505
1105.5517
1105.5520
1105.5541
1105.5584
1105.5633
1105.5759
1105.5810
1105.5819
1105.5823
1105.5852
1105.5889
1105.5989
1105.6004
1105.6078
1105.6083
1105.6155
1105.6243
1105.6301
1105.6312
1105.6331
1105.6341
1106.0076
1106.0191
1106.0203
1106.0268
1106.0481
1106.0513
1106.0526
1106.0534
1106.0577
1106.0661
1106.0786
1106.0809
1106.1003
1106.1042
1106.1054
1106.1139
1106.1154
1106.1160
1106.1188
1106.1189
1106.1271
1106.1304
1106.1310
1106.1318
1106.1385
1106.1398
1106.1425
1106.1427
1106.1456
1106.1527
1106.1601
1106.1621
1106.1727
1106.1754
1106.1784
1106.1844
1106.1866
1106.1868
1106.1884
1106.2029
1106.2030
1106.2149
1106.2296
1106.2353
1106.2364
1106.2446
1106.2482
1106.2506
1106.2583
1106.2595
1106.2668
1106.2691
1106.2712
1106.2753
1106.2765
1106.2932
1106.2937
1106.3013
1106.3096
1106.3099
1106.3287
1106.3367
1106.3474
1106.3577
1106.3606
1106.3948
1106.3952
1106.3953
1106.4023
1106.4038
1106.4130
1106.4238
1106.4243
1106.4249
1106.4255
1106.4348
1106.4352
1106.4472
1106.4690
1106.4693
1106.4732
1106.4733
1106.4744
1106.4751
1106.4806
1106.4810
1106.4895
1106.4912
1106.5034
1106.5103
1106.5110
1106.5149
1106.5176
1106.5187
1106.5218
1106.5244
1106.5357
1106.5530
1106.5584
1106.5586
1106.5611
1106.5618
1106.5715
1106.5729
1106.5741
1106.5851
1106.5860
1106.5935
1106.6072
1106.6151
1106.6154
1106.6191
1106.6263
1106.6335
1107.0188
1107.0197
1107.0243
1107.0307
1107.0381
1107.0382
1107.0413
1107.0506
1107.0555
1107.0573
1107.0684
1107.0695
1107.0812
1107.0906
1107.0923
1107.1010
1107.1073
1107.1110
1107.1120
1107.1130
1107.1140
1107.1146
1107.1156
1107.1162
1107.1182
1107.1221
1107.1364
1107.1377
1107.1572
1107.1634
1107.1730
1107.1790
1107.1887
1107.1939
1107.2042
1107.2203
1107.2301
1107.2321
1107.2466
1107.2470
1107.2718
1107.2719
1107.2745
1107.2816
1107.2860
1107.2888
1107.2954
1107.3318
1107.3367
1107.3431
1107.3516
1107.3549
1107.3776
1107.3824
1107.4019
1107.4101
1107.4111
1107.4114
1107.4134
1107.4137
1107.4387
1107.4392
1107.4426
1107.4511
1107.4563
1107.4565
1107.4595
1107.4648
1107.4679
1107.4849
1107.4860
1107.4890
1107.4933
1107.5031
1107.5134
1107.5191
1107.5259
1107.5281
1107.5282
1107.5495
1107.5589
1107.5600
1107.5657
1107.5709
1107.5756
1107.5762
1107.5950
1107.5989
1107.6008
1108.0087
1108.0095
1108.0096
1108.0103
1108.0105
1108.0135
1108.0162
1108.0202
1108.0286
1108.0323
1108.0439
1108.0462
1108.0475
1108.0486
1108.0690
1108.0723
1108.0746
1108.0808
1108.0830
1108.0957
1108.1041
1108.1062
1108.1171
1108.1174
1108.1267
1108.1292
1108.1401
1108.1413
1108.1487
1108.1524
1108.1539
1108.1546
1108.1610
1108.1744
1108.1763
1108.1815
1108.1820
1108.1852
1108.1893
1108.1902
1108.2185
1108.2200
1108.2361
1108.2437
1108.2526
1108.2579
1108.2649
1108.2714
1108.2715
1108.2793
1108.2866
1108.2977
1108.3051
1108.3054
1108.3113
1108.3131
1108.3197
1108.3212
1108.3264
1108.3323
1108.3328
1108.3389
1108.3524
1108.3539
1108.3580
1108.3668
1108.3680
1108.3709
1108.3710
1108.3731
1108.3737
1108.3790
1108.3805
1108.3819
1108.3830
1108.3831
1108.3933
1108.3961
1108.4031
1108.4178
1108.4262
1108.4266
1108.4352
1108.4391
1108.4435
1108.4500
1108.4619
1108.4624
1108.4722
1108.4725
1108.4726
1108.4762
1108.4774
1108.4887
1108.4900
1108.4902
1108.4980
1108.5092
1108.5093
1108.5114
1108.5163
1108.5164
1108.5209
1108.5305
1108.5309
1108.5342
1108.5352
1108.5393
1108.5595
1108.5597
1108.5671
1108.5674
1108.5677
1108.5678
1108.5687
1108.5713
1108.5728
1108.5792
1108.5802
1108.5832
1108.5935
1108.5954
1108.5964
1108.6048
1108.6066
1108.6069
1108.6096
1108.6118
1108.6213
1108.6215
1108.6218
1108.6219
1108.6250
1108.6272
1108.6305
1108.6310
1109.0025
1109.0033
1109.0037
1109.0046
1109.0183
1109.0207
1109.0224
1109.0232
1109.0413
1109.0451
1109.0575
1109.0715
1109.0922
1109.0956
1109.1054
1109.1228
1109.1236
1109.1348
1109.1407
1109.1442
1109.1455
1109.1580
1109.1683
1109.1771
1109.1772
1109.1783
1109.1786
1109.1788
1109.2093
1109.2207
1109.2208
1109.2224
1109.2251
1109.2274
1109.2340
1109.2396
1109.2440
1109.2860
1109.2966
1109.3006
1109.3107
1109.3155
1109.3226
1109.3229
1109.3294
1109.3362
1109.3423
1109.3522
1109.3550
1109.3580
1109.3596
1109.3623
1109.3682
1109.3723
1109.3786
1109.3814
1109.3851
1109.3854
1109.3975
1109.4007
1109.4070
1109.4071
1109.4190
1109.4212
1109.4226
1109.4242
1109.4308
1109.4346
1109.4378
1109.4381
1109.4449
1109.4582
1109.4616
1109.4617
1109.4661
1109.4693
1109.4697
1109.4698
1109.4700
1109.4776
1109.4879
1109.4953
1109.5152
1109.5263
1109.5265
1109.5392
1109.5409
1109.5525
1109.5594
1109.5740
1109.5859
1109.5957
1109.5976
1109.6001
1109.6070
1109.6076
1109.6155
1109.6192
1109.6253
1109.6278
1109.6287
1109.6398
1109.6428
1109.6429
1109.6430
1109.6432
1109.6489
1109.6560
1109.6676
1109.6697
1109.6733
1109.6879
1110.0068
1110.0078
1110.0141
1110.0230
1110.0232
1110.0233
1110.0246
1110.0253
1110.0255
1110.0286
1110.0292
1110.0308
1110.0309
1110.0566
1110.0708
1110.0777
1110.0812
1110.0863
1110.0939
1110.0966
1110.0968
1110.1142
1110.1459
1110.1738
1110.1745
1110.1852
1110.1876
1110.1908
1110.1950
1110.1961
1110.1977
1110.1999
1110.2086
1110.2090
1110.2377
1110.2382
1110.2797
1110.2963
1110.2986
1110.3005
1110.3049
1110.3113
1110.3203
1110.3269
1110.3308
1110.3457
1110.3493
1110.3496
1110.3502
1110.3520
1110.3566
1110.3602
1110.3659
1110.3779
1110.3836
1110.3851
1110.3859
1110.3950
1110.4013
1110.4049
1110.4098
1110.4162
1110.4232
1110.4365
1110.4429
1110.4445
1110.4514
1110.4526
1110.4542
1110.4590
1110.4654
1110.4689
1110.4691
1110.4693
1110.4714
1110.4717
1110.4801
1110.4814
1110.4830
1110.4868
1110.4875
1110.4897
1110.4932
1110.4953
1110.4954
1110.5001
1110.5078
1110.5082
1110.5270
1110.5277
1110.5308
1110.5318
1110.5467
1110.5588
1110.5773
1110.5851
1110.5959
1110.6015
1110.6076
1110.6083
1110.6154
1110.6197
1110.6331
1110.6366
1110.6405
1110.6424
1110.6430
1110.6465
1110.6489
1110.6624
1110.6638
1110.6680
1110.6710
1110.6788
1110.6801
1110.6828
1110.6864
1110.6871
1110.6898
1110.6917
1111.0094
1111.0136
1111.0241
1111.0245
1111.0357
1111.0545
1111.0572
1111.0597
1111.0624
1111.0740
1111.0772
1111.0925
1111.0931
1111.0942
1111.0979
1111.1040
1111.1073
1111.1081
1111.1128
1111.1132
1111.1150
1111.1189
1111.1205
1111.1211
1111.1224
1111.1287
1111.1354
1111.1473
1111.1489
1111.1495
1111.1508
1111.1543
1111.1590
1111.1645
1111.1810
1111.1818
1111.1863
1111.1893
1111.1921
1111.1950
1111.1951
1111.1991
1111.1993
1111.1996
1111.2002
1111.2003
1111.2212
1111.2236
1111.2321
1111.2392
1111.2414
1111.2431
1111.2475
1111.2483
1111.2538
1111.2567
1111.2574
1111.2634
1111.2636
1111.2637
1111.2641
1111.2659
1111.2743
1111.2800
1111.2804
1111.2853
1111.2973
1111.2983
1111.3057
1111.3104
1111.3305
1111.3380
1111.3420
1111.3507
1111.3607
1111.3609
1111.3654
1111.3667
1111.3787
1111.3848
1111.3896
1111.4023
1111.4057
1111.4065
1111.4066
1111.4067
1111.4071
1111.4082
1111.4089
1111.4097
1111.4109
1111.4152
1111.4405
1111.4428
1111.4648
1111.4679
1111.4701
1111.4777
1111.4796
1111.4799
1111.4842
1111.4849
1111.4877
1111.4963
1111.4977
1111.5060
1111.5275
1111.5299
1111.5401
1111.5403
1111.5404
1111.5455
1111.5459
1111.5506
1111.5574
1111.5592
1111.5600
1111.5651
1111.5664
1111.5786
1111.5955
1111.5959
1111.6190
1111.6259
1111.6289
1111.6524
1111.6559
1111.6615
1111.6692
1111.6710
1111.6716
1111.6717
1111.6718
1111.6742
1111.6800
1111.6830
1111.7010
1111.7177
1111.7276
1112.0074
1112.0118
1112.0128
1112.0166
1112.0201
1112.0346
1112.0358
1112.0389
1112.0405
1112.0853
1112.1146
1112.1152
1112.1175
1112.1183
1112.1397
1112.1429
1112.1468
1112.1474
1112.1503
1112.1574
1112.1580
1112.1629
1112.1642
1112.1650
1112.1656
1112.1676
1112.1759
1112.1761
1112.1929
1112.1999
1112.2004
1112.2009
1112.2100
1112.2201
1112.2290
1112.2398
1112.2412
1112.2434
1112.2454
1112.2461
1112.2554
1112.2634
1112.2637
1112.2688
1112.2820
1112.2991
1112.3013
1112.3089
1112.3097
1112.3130
1112.3390
1112.3392
1112.3444
1112.3468
1112.3820
1112.3821
1112.3823
1112.3825
1112.4015
1112.4205
1112.4267
1112.4373
1112.4495
1112.4521
1112.4535
1112.4547
1112.4548
1112.4561
1112.4667
1112.4691
1112.4726
1112.4727
1112.4881
1112.4889
1112.4899
1112.4910
1112.4911
1112.4945
1112.5029
1112.5030
1112.5072
1112.5089
1112.5090
1112.5114
1112.5131
1112.5378
1112.5486
1112.5579
1112.5645
1112.5696
1112.5697
1112.5714
1112.5715
1112.5743
1112.5826
1112.5902
1112.5984
1112.5986
1112.6010
1112.6012
1112.6020
1112.6038
1112.6067
1112.6116
1112.6142
1112.6250
1112.6294
1112.6317
1209.1414
1209.1420
1209.1720
1209.1860
1209.1894
1209.1940
1209.2007
1209.2315
1209.2354
1209.2371
1209.2373
1209.2374
1209.2398
1209.2399
1209.2448
1209.2460
1209.2687
1209.2740
1209.2743
1209.2760
1209.2896
1209.2976
1209.2984
1209.3085
1209.3088
1209.3172
1209.3187
1209.3208
1209.3233
1209.3436
1209.3438
1209.3458
1209.3491
1209.3495
1209.3527
1209.3585
1209.3627
1209.3653
1209.3663
1209.3693
1209.3752
1209.3828
1209.3843
1209.3864
1209.3949
1209.3955
1209.4110
1209.4185
1209.4287
1209.4322
1209.4329
1209.4396
1209.4457
1209.4474
1209.4515
1209.4588
1209.4591
1209.4604
1209.4708
1209.4958
1209.5018
1209.5030
1209.5163
1209.5197
1209.5205
1209.5220
1209.5266
1209.5300
1209.5309
1209.5591
1209.5628
1209.5666
1209.5705
1209.5739
1209.5782
1209.5891
1209.5950
1209.6005
1209.6006
1209.6026
1209.6045
1209.6087
1209.6276
1209.6284
1209.6293
1209.6418
1209.6440
1209.6451
1209.6483
1209.6498
1209.6500
1210.0042
1210.0165
1210.0295
1210.0304
1210.0450
1210.0456
1210.0472
1210.0523
1210.0646
1210.0740
1210.0741
1210.0801
1210.0816
1210.0847
1210.0851
1210.0881
1210.0920
1210.0945
1210.1120
1210.1125
1210.1216
1210.1243
1210.1252
1210.1439
1210.1522
1210.1559
1210.1562
1210.1623
1210.1660
1210.1729
1210.1789
1210.1792
1210.1793
1210.1818
1210.1893
1210.1942
1210.2001
1210.2036
1210.2070
1210.2083
1210.2279
1210.2284
1210.2319
1210.2340
1210.2349
1210.2373
1210.2490
1210.2542
1210.2608
1210.2614
1210.2739
1210.2743
1210.2773
1210.2983
1210.2995
1210.3059
1210.3066
1210.3097
1210.3224
1210.3268
1210.3299
1210.3310
1210.3433
1210.3504
1210.3618
1210.3708
1210.3720
1210.3757
1210.3780
1210.3783
1210.3829
1210.3862
1210.3863
1210.3880
1210.3885
1210.3997
1210.4010
1210.4083
1210.4101
1210.4127
1210.4190
1210.4204
1210.4215
1210.4217
1210.4407
1210.4449
1210.4489
1210.4493
1210.4494
1210.4521
1210.4525
1210.4603
1210.4653
1210.4659
1210.4721
1210.4747
1210.4821
1210.4964
1210.4991
1210.5001
1210.5152
1210.5157
1210.5376
1210.5428
1210.5559
1210.5566
1210.5608
1210.5652
1210.5727
1210.5838
1210.5925
1210.5943
1210.5979
1210.6085
1210.6246
1210.6400
1210.6429
1210.6485
1210.6543
1210.6612
1210.6721
1210.6739
1210.6743
1210.6933
1210.6946
1210.6991
1210.7060
1210.7157
1210.7357
1210.7380
1210.7459
1210.7593
1210.7625
1210.7692
1210.7715
1210.7717
1210.7721
1210.7840
1210.7841
1210.7884
1210.7885
1210.7888
1210.7894
1210.7926
1210.7997
1210.8005
1210.8068
1210.8119
1210.8231
1210.8239
1210.8298
1210.8397
1211.0044
1211.0099
1211.0129
1211.0180
1211.0189
1211.0255
1211.0258
1211.0406
1211.0561
1211.0599
1211.0639
1211.0687
1211.0708
1211.0724
1211.0788
1211.0883
1211.0895
1211.0971
1211.1124
1211.1152
1211.1233
1211.1241
1211.1352
1211.1353
1211.1356
1211.1422
1211.1440
1211.1476
1211.1480
1211.1582
1211.1635
1211.1666
1211.1727
1211.1731
1211.1783
1211.1797
1211.1804
1211.1823
1211.1890
1211.2100
1211.2147
1211.2182
1211.2188
1211.2286
1211.2350
1211.2455
1211.2494
1211.2529
1211.2605
1211.2606
1211.2612
1211.2614
1211.2681
1211.2716
1211.2941
1211.2953
1211.2988
1211.3128
1211.3189
1211.3239
1211.3256
1211.3269
1211.3282
1211.3323
1211.3341
1211.3429
1211.3470
1211.3522
1211.3588
1211.3610
1211.3647
1211.3661
1211.3703
1211.3738
1211.3739
1211.3873
1211.3978
1211.4062
1211.4140
1211.4181
1211.4184
1211.4215
1211.4239
1211.4286
1211.4323
1211.4431
1211.4443
1211.4459
1211.4468
1211.4504
1211.4554
1211.4570
1211.4571
1211.4572
1211.4597
1211.4608
1211.4624
1211.4632
1211.4673
1211.4715
1211.4917
1211.4963
1211.4968
1211.5033
1211.5065
1211.5066
1211.5191
1211.5226
1211.5233
1211.5366
1211.5426
1211.5469
1211.5493
1211.5531
1211.5534
1211.5591
1211.5630
1211.5731
1211.5771
1211.5833
1211.5875
1211.5911
1211.5996
1211.6006
1211.6043
1211.6044
1211.6057
1211.6063
1211.6199
1211.6206
1211.6357
1211.6509
1211.6548
1211.6563
1211.6567
1211.6638
1211.6639
1211.6640
1211.6684
1211.6725
1211.6733
1211.6802
1211.6838
1211.6900
1211.6978
1211.7074
1211.7199
1211.7206
1212.0048
1212.0089
1212.0196
1212.0205
1212.0209
1212.0251
1212.0256
1212.0273
1212.0294
1212.0370
1212.0525
1212.0595
1212.0617
1212.0665
1212.0674
1212.0802
1212.0865
1212.0906
1212.0915
1212.0954
1212.0957
1212.0965
1212.1010
1212.1053
1212.1125
1212.1217
1212.1243
1212.1252
1212.1294
1212.1349
1212.1389
1212.1392
1212.1426
1212.1439
1212.1518
1212.1579
1212.1581
1212.1733
1212.1834
1212.1836
1212.1900
1212.1957
1212.1958
1212.1983
1212.2069
1212.2118
1212.2224
1212.2246
1212.2248
1212.2589
1212.2681
1212.2785
1212.2818
1212.2930
1212.3015
1212.3115
1212.3149
1212.3150
1212.3191
1212.3199
1212.3365
1212.3391
1212.3399
1212.3400
1212.3449
1212.3465
1212.3498
1212.3505
1212.3511
1212.3518
1212.3525
1212.3551
1212.3574
1212.3582
1212.3588
1212.3602
1212.3635
1212.3681
1212.3706
1212.3750
1212.3811
1212.3812
1212.3813
1212.3841
1212.3847
1212.3989
1212.4002
1212.4056
1212.4178
1212.4282
1212.4297
1212.4308
1212.4348
1212.4370
1212.4406
1212.4423
1212.4545
1212.4713
1212.4735
1212.4922
1212.4978
1212.5063
1212.5161
1212.5195
1212.5307
1212.5313
1212.5350
1212.5516
1212.5537
1212.5704
1212.5850
1212.5881
1212.5883
1212.5889
1212.5890
1212.6019
1212.6150
1212.6152
1212.6221
1212.6409
1212.6513
1212.6553
1212.6573
1212.6580
1212.6584
1212.6695
1212.6697
1212.6799
1212.6825
1212.6873
1212.6931
1301.0035
1301.0057
1301.0083
1301.0131
1301.0134
1301.0139
1301.0202
1301.0214
1301.0251
1301.0277
1301.0350
1301.0369
1301.0663
1301.0668
1301.0695
1301.0712
1301.0792
1301.0795
1301.0883
1301.0896
1301.0903
1301.0948
1301.0989
1301.1007
1301.1028
1301.1063
1301.1113
1301.1118
1301.1124
1301.1156
1301.1188
1301.1226
1301.1248
1301.1359
1301.1401
1301.1424
1301.1574
1301.1668
1301.1758
1301.1815
1301.2031
1301.2045
1301.2111
1301.2177
1301.2242
1301.2333
1301.2532
1301.2721
1301.2872
1301.2910
1301.2986
1301.3026
1301.3053
1301.3087
1301.3125
1301.3158
1301.3232
1301.3233
1301.3303
1301.3322
1301.3331
1301.3370
1301.3419
1301.3477
1301.3563
1301.3594
1301.3608
1301.3625
1301.3655
1301.3677
1301.3699
1301.3734
1301.3793
1301.3976
1301.4005
1301.4102
1301.4116
1301.4243
1301.4250
1301.4257
1301.4279
1301.4367
1301.4425
1301.4429
1301.4450
1301.4530
1301.4542
1301.4579
1301.4594
1301.4724
1301.4814
1301.4877
1301.4888
1301.4928
1301.4931
1301.4964
1301.5004
1301.5028
1301.5029
1301.5062
1301.5102
1301.5105
1301.5122
1301.5144
1301.5172
1301.5211
1301.5293
1301.5453
1301.5507
1301.5594
1301.5632
1301.5663
1301.5672
1301.5674
1301.5702
1301.5703
1301.5944
1301.6021
1301.6158
1301.6208
1301.6211
1301.6222
1301.6285
1301.6309
1301.6326
1301.6372
1301.6425
1301.6454
1301.6511
1301.6516
1301.6772
1301.6807
1301.6845
1301.6875
1301.7024
1301.7097
1301.7103
1301.7124
1301.7168
1301.7174
1301.7175
1301.7181
1301.7244
1301.7281
1301.7474
1301.7520
1301.7568
1301.7651
1301.7663
1301.7718
1302.0061
1302.0071
1302.0073
1302.0238
1302.0348
1302.0409
1302.0410
1302.0513
1302.0548
1302.0625
1302.0668
1302.0742
1302.0810
1302.0880
1302.0917
1302.0954
1302.0979
1302.1096
1302.1163
1302.1244
1302.1255
1302.1451
1302.1452
1302.1454
1302.1477
1302.1614
1302.1803
1302.1888
1302.1900
1302.1919
1302.1952
1302.1986
1302.2189
1302.2275
1302.2296
1302.2299
1302.2359
1302.2381
1302.2385
1302.2399
1302.2434
1302.2457
1302.2462
1302.2664
1302.2944
1302.2950
1302.2982
1302.3051
1302.3060
1302.3079
1302.3099
1302.3104
1302.3249
1302.3453
1302.3510
1302.3676
1302.3678
1302.3693
1302.3695
1302.3756
1302.3839
1302.3904
1302.4038
1302.4040
1302.4170
1302.4210
1302.4251
1302.4285
1302.4302
1302.4303
1302.4655
1302.4850
1302.4921
1302.5018
1302.5032
1302.5033
1302.5067
1302.5267
1302.5289
1302.5299
1302.5301
1302.5345
1302.5425
1302.5566
1302.5708
1302.5728
1302.5744
1302.5792
1302.5928
1302.5971
1302.5976
1302.5984
1302.5991
1302.6021
1302.6061
1302.6094
1302.6097
1302.6121
1302.6143
1302.6144
1302.6151
1302.6200
1302.6261
1302.6351
1302.6406
1302.6445
1302.6485
1302.6560
1302.6597
1302.6660
1302.6874
1302.7064
1302.7208
1302.7229
1302.7300
1303.0115
1303.0170
1303.0176
1303.0203
1303.0234
1303.0239
1303.0390
1303.0397
1303.0398
1303.0406
1303.0423
1303.0528
1303.0545
1303.0547
1303.0549
1303.0568
1303.0605
1303.0662
1303.0710
1303.0716
1303.0889
1303.1005
1303.1081
1303.1320
1303.1329
1303.1366
1303.1404
1303.1407
1303.1532
1303.1568
1303.1661
1303.1685
1303.1785
1303.1987
1303.1998
1303.2019
1303.2069
1303.2227
1303.2229
1303.2249
1303.2259
1303.2276
1303.2283
1303.2329
1303.2331
1303.2334
1303.2352
1303.2362
1303.2363
1303.2420
1303.2435
1303.2498
1303.2550
1303.2608
1303.2785
1303.2819
1303.2887
1303.2906
1303.2965
1303.2991
1303.3053
1303.3060
1303.3251
1303.3385
1303.3475
1303.3478
1303.3500
1303.3556
1303.3607
1303.3608
1303.3646
1303.3650
1303.3699
1303.3809
1303.3968
1303.3989
1303.4086
1303.4122
1303.4125
1303.4137
1303.4327
1303.4329
1303.4335
1303.4459
1303.4482
1303.4589
1303.4812
1303.4826
1303.4878
1303.4938
1303.4940
1303.4957
1303.5002
1303.5141
1303.5162
1303.5218
1303.5226
1303.5246
1303.5270
1303.5337
1303.5617
1303.5777
1303.5783
1303.5948
1303.6003
1303.6070
1303.6119
1303.6132
1303.6228
1303.6256
1303.6259
1303.6376
1303.6472
1303.6484
1303.6505
1303.6507
1303.6513
1303.6590
1303.6705
1303.6706
1303.6847
1303.6848
1303.6972
1303.7024
1303.7028
1303.7309
1303.7337
1303.7364
1303.7460
1304.0101
1304.0161
1304.0188
1304.0203
1304.0214
1304.0269
1304.0377
1304.0391
1304.0478
1304.0488
1304.0489
1304.0514
1304.0521
1304.0559
1304.0571
1304.0661
1304.0677
1304.0684
1304.0693
1304.0694
1304.0708
1304.0827
1304.0874
1304.0949
1304.1053
1304.1196
1304.1201
1304.1210
1304.1241
1304.1442
1304.1708
1304.1815
1304.1832
1304.1872
1304.1905
1304.1944
1304.1990
1304.2084
1304.2095
1304.2100
1304.2131
1304.2145
1304.2191
1304.2254
1304.2472
1304.2597
1304.2608
1304.2644
1304.2678
1304.2699
1304.2834
1304.2892
1304.2906
1304.2961
1304.3043
1304.3052
1304.3132
1304.3136
1304.3199
1304.3283
1304.3292
1304.3311
1304.3319
1304.3321
1304.3333
1304.3352
1304.3388
1304.3530
1304.3538
1304.3539
1304.3543
1304.3811
1304.3869
1304.3894
1304.3896
1304.3922
1304.3927
1304.3971
1304.4012
1304.4042
1304.4271
1304.4288
1304.4290
1304.4298
1304.4332
1304.4361
1304.4400
1304.4440
1304.4491
1304.4716
1304.4734
1304.4817
1304.4913
1304.5020
1304.5083
1304.5165
1304.5204
1304.5272
1304.5351
1304.5549
1304.5623
1304.5653
1304.5684
1304.5749
1304.5811
1304.5829
1304.5842
1304.5895
1304.6055
1304.6168
1304.6175
1304.6179
1304.6202
1304.6207
1304.6218
1304.6243
1304.6250
1304.6285
1304.6293
1304.6413
1304.6552
1304.6586
1304.6610
1304.6778
1304.6838
1304.6851
1304.6887
1304.6917
1304.6937
1304.6943
1304.6979
1304.7161
1304.7169
1304.7208
1304.7267
1304.7304
1304.7307
1304.7450
1304.7464
1304.7473
1304.7649
1304.7659
1304.7685
1304.7872
1304.7876
1304.7957
1304.8011
1305.0035
1305.0097
1305.0112
1305.0216
1305.0222
1305.0296
1305.0348
1305.0374
1305.0482
1305.0536
1305.0577
1305.0604
1305.0729
1305.0775
1305.0880
1305.0892
1305.0893
1305.0926
1305.0941
1305.1017
1305.1054
1305.1074
1305.1075
1305.1076
1305.1182
1305.1200
1305.1243
1305.1333
1305.1348
1305.1461
1305.1541
1305.1594
1305.1639
1305.1685
1305.1850
1305.1867
1305.1892
1305.1989
1305.2001
1305.2088
1305.2116
1305.2141
1305.2143
1305.2146
1305.2174
1305.2261
1305.2428
1305.2431
1305.2520
1305.2544
1305.2573
1305.2613
1305.2664
1305.2678
1305.2685
1305.2813
1305.2872
1305.2897
1305.3001
1305.3079
1305.3285
1305.3405
1305.3444
1305.3580
1305.3693
1305.3844
1305.3850
1305.3896
1305.3933
1305.3972
1305.4016
1305.4068
1305.4188
1305.4310
1305.4313
1305.4330
1305.4398
1305.4416
1305.4505
1305.4614
1305.4618
1305.4913
1305.5057
1305.5122
1305.5241
1305.5247
1305.5283
1305.5400
1305.5440
1305.5443
1305.5452
1305.5498
1305.5502
1305.5563
1305.5743
1305.5881
1305.5947
1305.5952
1305.6015
1305.6018
1305.6031
1305.6032
1305.6088
1305.6237
1305.6241
1305.6242
1305.6247
1305.6284
1305.6289
1305.6356
1305.6369
1305.6410
1305.6466
1305.6501
1305.6525
1305.6529
1305.6560
1305.6597
1305.6781
1305.6956
1305.7011
1305.7066
1305.7153
1305.7172
1305.7207
1305.7212
1305.7213
1305.7455
1306.0002
1306.0027
1306.0028
1306.0045
1306.0068
1306.0131
1306.0133
1306.0248
1306.0280
1306.0321
1306.0403
1306.0511
1306.0537
1306.0736
1306.0740
1306.0745
1306.0754
1306.0765
1306.0854
1306.0856
1306.0883
1306.0948
1306.0987
1306.1020
1306.1064
1306.1242
1306.1314
1306.1400
1306.1410
1306.1432
1306.1515
1306.1521
1306.1554
1306.1596
1306.1607
1306.1657
1306.1744
1306.1761
1306.1766
1306.2005
1306.2007
1306.2047
1306.2070
1306.2128
1306.2133
1306.2377
1306.2529
1306.2644
1306.2669
1306.2729
1306.2748
1306.2862
1306.2886
1306.2976
1306.2977
1306.3025
1306.3026
1306.3091
1306.3120
1306.3251
1306.3280
1306.3315
1306.3420
1306.3434
1306.3496
1306.3544
1306.3632
1306.3634
1306.3681
1306.3716
1306.3919
1306.3998
1306.4030
1306.4081
1306.4104
1306.4141
1306.4163
1306.4232
1306.4244
1306.4344
1306.4386
1306.4424
1306.4456
1306.4491
1306.4524
1306.4562
1306.4766
1306.4780
1306.4891
1306.4935
1306.4941
1306.5102
1306.5257
1306.5267
1306.5277
1306.5322
1306.5339
1306.5422
1306.5454
1306.5525
1306.5635
1306.5648
1306.5662
1306.5685
1306.5691
1306.5693
1306.5811
1306.5848
1306.5886
1306.5888
1306.5929
1306.6031
1306.6044
1306.6057
1306.6118
1306.6164
1306.6362
1306.6390
1306.6446
1306.6463
1306.6511
1306.6543
1306.6697
1306.6733
1306.6767
1306.6775
1306.6796
1306.6818
1306.6862
1306.6895
1306.6901
1307.0083
1307.0112
1307.0135
1307.0158
1307.0169
1307.0173
1307.0259
1307.0360
1307.0384
1307.0420
1307.0443
1307.0453
1307.0469
1307.0486
1307.0518
1307.0564
1307.0625
1307.0630
1307.0648
1307.0674
1307.0743
1307.0766
1307.0767
1307.0779
1307.0863
1307.0867
1307.0874
1307.0879
1307.0887
1307.1008
1307.1045
1307.1058
1307.1157
1307.1165
1307.1250
1307.1279
1307.1393
1307.1396
1307.1413
1307.1414
1307.1479
1307.1489
1307.1521
1307.1610
1307.1627
1307.1633
1307.1640
1307.1717
1307.1773
1307.1793
1307.1800
1307.1840
1307.1854
1307.1878
1307.1995
1307.1997
1307.2066
1307.2076
1307.2080
1307.2091
1307.2204
1307.2319
1307.2369
1307.2441
1307.2481
1307.2556
1307.2605
1307.2607
1307.2718
1307.2767
1307.2795
1307.2802
1307.2845
1307.2937
1307.3031
1307.3062
1307.3162
1307.3175
1307.3177
1307.3205
1307.3213
1307.3345
1307.3459
1307.3531
1307.3535
1307.3590
1307.3683
1307.3714
1307.3725
1307.3741
1307.3747
1307.3748
1307.3761
1307.3851
1307.3902
1307.3906
1307.3965
1307.3983
1307.3994
1307.4123
1307.4128
1307.4155
1307.4251
1307.4261
1307.4351
1307.4372
1307.4390
1307.4444
1307.4525
1307.4662
1307.4782
1307.4783
1307.4846
1307.4919
1307.4959
1307.5037
1307.5078
1307.5156
1307.5188
1307.5346
1307.5361
1307.5362
1307.5369
1307.5453
1307.5456
1307.5542
1307.5692
1307.5719
1307.5723
1307.5731
1307.5734
1307.5788
1307.5793
1307.5887
1307.5912
1307.6014
1307.6162
1307.6174
1307.6200
1307.6273
1307.6316
1307.6355
1307.6455
1307.6478
1307.6547
1307.6606
1307.6624
1307.6706
1307.6752
1307.7030
1307.7069
1307.7113
1307.7357
1307.7370
1307.7619
1307.7641
1307.7687
1307.7691
1307.7717
1307.7765
1307.7920
1307.7985
1307.8003
1307.8079
1307.8107
1307.8110
1307.8135
1307.8237
1307.8245
1307.8278
1307.8356
1307.8395
1307.8396
1308.0033
1308.0060
1308.0065
1308.0097
1308.0146
1308.0208
1308.0228
1308.0298
1308.0395
1308.0574
1308.0578
1308.0741
1308.0744
1308.0747
1308.0748
1308.0754
1308.0779
1308.0783
1308.0790
1308.0838
1308.0848
1308.0855
1308.0859
1308.0880
1308.0954
1308.0999
1308.1037
1308.1123
1308.1215
1308.1264
1308.1276
1308.1346
1308.1456
1308.1469
1308.1470
1308.1536
1308.1572
1308.1639
1308.1732
1308.1826
1308.2067
1308.2088
1308.2092
1308.2115
1308.2176
1308.2187
1308.2192
1308.2253
1308.2261
1308.2344
1308.2353
1308.2358
1308.2364
1308.2365
1308.2369
1308.2525
1308.2720
1308.2987
1308.3012
1308.3067
1308.3113
1308.3133
1308.3163
1308.3267
1308.3315
1308.3316
1308.3417
1308.3454
1308.3458
1308.3597
1308.3678
1308.3754
1308.3804
1308.3806
1308.3864
1308.3896
1308.3920
1308.3934
1308.3972
1308.4192
1308.4203
1308.4229
1308.4247
1308.4252
1308.4437
1308.4528
1308.4535
1308.4597
1308.4637
1308.4734
1308.4803
1308.4991
1308.4992
1308.5049
1308.5090
1308.5104
1308.5116
1308.5194
1308.5233
1308.5248
1308.5355
1308.5392
1308.5394
1308.5443
1308.5492
1308.5500
1308.5537
1308.5551
1308.5580
1308.5701
1308.5920
1308.5941
1308.5980
1308.6007
1308.6017
1308.6239
1308.6445
1308.6448
1308.6451
1308.6458
1308.6606
1308.6670
1308.6680
1308.6704
1308.6723
1308.6767
1308.6772
1308.6775
1308.6813
1309.0019
1309.0105
1309.0147
1309.0320
1309.0324
1309.0381
1309.0434
1309.0441
1309.0443
1309.0479
1309.0486
1309.0527
1309.0574
1309.0577
1309.0580
1309.0593
1309.0637
1309.0648
1309.0666
1309.0744
1309.0884
1309.0906
1309.0908
1309.1027
1309.1071
1309.1124
1309.1140
1309.1253
1309.1447
1309.1449
1309.1495
1309.1497
1309.1506
1309.1526
1309.1562
1309.1600
1309.1658
1309.1661
1309.1726
1309.1766
1309.1944
1309.1968
1309.2025
1309.2053
1309.2065
1309.2083
1309.2109
1309.2123
1309.2259
1309.2326
1309.2352
1309.2414
1309.2479
1309.2488
1309.2493
1309.2534
1309.2551
1309.2562
1309.2671
1309.2716
1309.2730
1309.2759
1309.2800
1309.2801
1309.2831
1309.2877
1309.2879
1309.2998
1309.3046
1309.3190
1309.3267
1309.3455
1309.3485
1309.3527
1309.3530
1309.3595
1309.3622
1309.3669
1309.3717
1309.3812
1309.3821
1309.3920
1309.3940
1309.3982
1309.4025
1309.4030
1309.4048
1309.4053
1309.4134
1309.4162
1309.4174
1309.4226
1309.4262
1309.4320
1309.4347
1309.4384
1309.4421
1309.4517
1309.4588
1309.4608
1309.4748
1309.4793
1309.4826
1309.4879
1309.4951
1309.5095
1309.5154
1309.5181
1309.5216
1309.5296
1309.5309
1309.5417
1309.5423
1309.5578
1309.5588
1309.5597
1309.5599
1309.5600
1309.5682
1309.5754
1309.5798
1309.5838
1309.5845
1309.5893
1309.5895
1309.5902
1309.5987
1309.6021
1309.6034
1309.6037
1309.6038
1309.6053
1309.6103
1309.6238
1309.6239
1309.6240
1309.6389
1309.6401
1309.6470
1309.6568
1309.6591
1309.6598
1309.6669
1309.6696
1309.6767
1309.6980
1309.7019
1309.7112
1309.7160
1309.7218
1309.7239
1309.7240
1309.7378
1309.7386
1309.7467
1309.7477
1309.7482
1309.7506
1309.7513
1309.7537
1309.7567
1309.7579
1309.7580
1309.7620
1309.7641
1309.7675
1309.7730
1309.7849
1309.7853
1309.7941
1310.0120
1310.0337
1310.0353
1310.0380
1310.0480
1310.0528
1310.0541
1310.0680
1310.0765
1310.0776
1310.0831
1310.0979
1310.1007
1310.1239
1310.1253
1310.1277
1310.1302
1310.1323
1310.1330
1310.1423
1310.1505
1310.1507
1310.1526
1310.1544
1310.1585
1310.1603
1310.1633
1310.1645
1310.1658
1310.1662
1310.1685
1310.1745
1310.1765
1310.1772
1310.1988
1310.1998
1310.2093
1310.2104
1310.2130
1310.2138
1310.2189
1310.2233
1310.2235
1310.2261
1310.2277
1310.2329
1310.2377
1310.2379
1310.2390
1310.2416
1310.2508
1310.2555
1310.2581
1310.2585
1310.2625
1310.2682
1310.2691
1310.2709
1310.2715
1310.2894
1310.2958
1310.2988
1310.2990
1310.3013
1310.3202
1310.3229
1310.3237
1310.3293
1310.3369
1310.3392
1310.3395
1310.3477
1310.3519
1310.3537
1310.3555
1310.3603
1310.3605
1310.3772
1310.3802
1310.3879
1310.4114
1310.4131
1310.4187
1310.4237
1310.4245
1310.4257
1310.4287
1310.4289
1310.4336
1310.4358
1310.4421
1310.4448
1310.4458
1310.4469
1310.4565
1310.4607
1310.4637
1310.4681
1310.4941
1310.5013
1310.5020
1310.5026
1310.5027
1310.5055
1310.5088
1310.5124
1310.5198
1310.5223
1310.5244
1310.5250
1310.5275
1310.5282
1310.5311
1310.5346
1310.5385
1310.5535
1310.5613
1310.5616
1310.5632
1310.5669
1310.5729
1310.5775
1310.6056
1310.6057
1310.6107
1310.6158
1310.6219
1310.6244
1310.6293
1310.6324
1310.6374
1310.6403
1310.6444
1310.6447
1310.6482
1310.6489
1310.6525
1310.6532
1310.6583
1310.6589
1310.6597
1310.6599
1310.6605
1310.6606
1310.6607
1310.6608
1310.6658
1310.6682
1310.6721
1310.6727
1310.6884
1310.6891
1310.6991
1310.7050
1310.7053
1310.7088
1310.7090
1310.7103
1310.7190
1310.7260
1310.7263
1310.7289
1310.7354
1310.7538
1310.7623
1310.7689
1310.7692
1310.7716
1310.7781
1310.7789
1310.7871
1310.7904
1310.7963
1310.7977
1310.7980
1310.8025
1310.8071
1310.8369
1310.8447
1310.8556
1310.8564
1310.8623
1310.8635
1311.0043
1311.0051
1311.0175
1311.0332
1311.0333
1311.0387
1311.0422
1311.0455
1311.0515
1311.0531
1311.0577
1311.0597
1311.0613
1311.0655
1311.0697
1311.0717
1311.0754
1311.0892
1311.0896
1311.0927
1311.0952
1311.0973
1311.0974
1311.1093
1311.1106
1311.1161
1311.1366
1311.1389
1311.1396
1311.1398
1311.1421
1311.1451
1311.1460
1311.1487
1311.1560
1311.1665
1311.1679
1311.1709
1311.1779
1311.1786
1311.1792
1311.1826
1311.2018
1311.2081
1311.2132
1311.2154
1311.2230
1311.2242
1311.2324
1311.2434
1311.2491
1311.2527
1311.2529
1311.2774
1311.2809
1311.2816
1311.3043
1311.3044
1311.3166
1311.3249
1311.3379
1311.3391
1311.3469
1311.3522
1311.3552
1311.3565
1311.3680
1311.3707
1311.3743
1311.3752
1311.3830
1311.3914
1311.4009
1311.4019
1311.4148
1311.4185
1311.4216
1311.4331
1311.4344
1311.4359
1311.4478
1311.4502
1311.4600
1311.4676
1311.4683
1311.4784
1311.4788
1311.4841
1311.4862
1311.4905
1311.4920
1311.4926
1311.4927
1311.4930
1311.4960
1311.5031
1311.5105
1311.5142
1311.5163
1311.5183
1311.5190
1311.5252
1311.5275
1311.5306
1311.5319
1311.5372
1311.5375
1311.5454
1311.5465
1311.5474
1311.5482
1311.5483
1311.5543
1311.5578
1311.5617
1311.5646
1311.5726
1311.5739
1311.5755
1311.5759
1311.5846
1311.5944
1311.5992
1311.6089
1311.6120
1311.6168
1311.6170
1311.6176
1311.6180
1311.6263
1311.6306
1311.6318
1311.6364
1311.6387
1311.6681
1311.6695
1311.6833
1311.6964
1311.7003
1311.7008
1311.7016
1311.7077
1311.7162
1311.7171
1311.7227
1311.7274
1311.7277
1311.7456
1311.7468
1311.7509
1311.7556
1311.7572
1311.7608
1311.7655
1312.0034
1312.0108
1312.0134
1312.0251
1312.0255
1312.0338
1312.0377
1312.0386
1312.0491
1312.0553
1312.0653
1312.0665
1312.0666
1312.0668
1312.0696
1312.0877
1312.0898
1312.0930
1312.1034
1312.1036
1312.1232
1312.1237
1312.1311
1312.1325
1312.1383
1312.1409
1312.1485
1312.1502
1312.1554
1312.1583
1312.1674
1312.1793
1312.1917
1312.1930
1312.1943
1312.2016
1312.2040
1312.2080
1312.2165
1312.2195
1312.2510
1312.2540
1312.2543
1312.2569
1312.2572
1312.2614
1312.2655
1312.2732
1312.2898
1312.2926
1312.2991
1312.2992
1312.3009
1312.3107
1312.3108
1312.3119
1312.3187
1312.3485
1312.3531
1312.3611
1312.3619
1312.3620
1312.3643
1312.3732
1312.3780
1312.3782
1312.3812
1312.3819
1312.3841
1312.3884
1312.3889
1312.3907
1312.3923
1312.3993
1312.4037
1312.4052
1312.4053
1312.4159
1312.4205
1312.4247
1312.4288
1312.4289
1312.4352
1312.4463
1312.4465
1312.4493
1312.4615
1312.4650
1312.4672
1312.4716
1312.4726
1312.4753
1312.4784
1312.4822
1312.4858
1312.4925
1312.4928
1312.5126
1312.5238
1312.5241
1312.5283
1312.5305
1312.5502
1312.5584
1312.5590
1312.5793
1312.5820
1312.5855
1312.5884
1312.5905
1312.5943
1312.5955
1312.6001
1312.6218
1312.6255
1312.6309
1312.6332
1312.6352
1312.6371
1312.6418
1312.6482
1312.6537
1312.6541
1312.6603
1312.6620
1312.6623
1312.6711
1312.6738
1312.6752
1312.6767
1312.6819
1312.6839
1312.6977
1312.7019
1312.7037
1312.7067
1312.7115
1312.7147
1312.7151
1312.7154
1312.7171
1312.7185
1312.7203
1312.7204
1312.7205
1312.7295
1312.7333
1312.7339
1312.7394
1312.7539
1312.7548
1312.7564
1312.7569
1312.7634
1312.7729
1312.7748
1312.7789
1312.7837
1312.7838
1312.7859
1401.0012
1401.0035
1401.0117
1401.0198
1401.0205
1401.0228
1401.0233
1401.0322
1401.0389
1401.0390
1401.0418
1401.0580
1401.0602
1401.0715
1401.0842
1401.0854
1401.0904
1401.0964
1401.1062
1401.1108
1401.1261
1401.1331
1401.1340
1401.1409
1401.1431
1401.1444
1401.1474
1401.1514
1401.1613
1401.1628
1401.1656
1401.1688
1401.1715
1401.1717
1401.1780
1401.1886
1401.1893
1401.1979
1401.2015
1401.2310
1401.2434
1401.2588
1401.2645
1401.2689
1401.2694
1401.2697
1401.2759
1401.2763
1401.2809
1401.2849
1401.2869
1401.2891
1401.2932
1401.2970
1401.2980
1401.3079
1401.3150
1401.3161
1401.3166
1401.3304
1401.3574
1401.3597
1401.3601
1401.3628
1401.3724
1401.3725
1401.3727
1401.3764
1401.4136
1401.4148
1401.4233
1401.4255
1401.4257
1401.4296
1401.4345
1401.4429
1401.4502
1401.4682
1401.4701
1401.4708
1401.4781
1401.4789
1401.4871
1401.4934
1401.4958
1401.5135
1401.5154
1401.5234
1401.5322
1401.5345
1401.5447
1401.5449
1401.5507
1401.5728
1401.5772
1401.5866
1401.5875
1401.5958
1401.5978
1401.6054
1401.6150
1401.6189
1401.6200
1401.6214
1401.6271
1401.6329
1401.6390
1401.6439
1401.6442
1401.6461
1401.6471
1401.6581
1401.6611
1401.6656
1401.6659
1401.6667
1401.6677
1401.6695
1401.6699
1401.6712
1401.6819
1401.6847
1401.6959
1401.6989
1401.7027
1401.7122
1401.7126
1401.7152
1401.7179
1401.7189
1401.7397
1401.7484
1401.7532
1401.7555
1401.7588
1401.7598
1401.7647
1401.7696
1401.7718
1401.7737
1401.7775
1401.7782
1401.7907
1401.7979
1401.7981
1401.8021
1401.8027
1401.8057
1401.8179
1401.8190
1401.8266
1402.0031
1402.0065
1402.0102
1402.0120
1402.0169
1402.0208
1402.0219
1402.0221
1402.0249
1402.0303
1402.0333
1402.0398
1402.0405
1402.0411
1402.0433
1402.0443
1402.0598
1402.0620
1402.0684
1402.0685
1402.0720
1402.0811
1402.0896
1402.0900
1402.1116
1402.1122
1402.1131
1402.1201
1402.1208
1402.1210
1402.1332
1402.1387
1402.1478
1402.1504
1402.1582
1402.1585
1402.1618
1402.1632
1402.1640
1402.1803
1402.1831
1402.1854
1402.1865
1402.1884
1402.1913
1402.1951
1402.1970
1402.1993
1402.2002
1402.2004
1402.2005
1402.2035
1402.2040
1402.2125
1402.2178
1402.2184
1402.2233
1402.2266
1402.2315
1402.2340
1402.2346
1402.2358
1402.2361
1402.2367
1402.2724
1402.2738
1402.2746
1402.2939
1402.2993
1402.3039
1402.3115
1402.3159
1402.3241
1402.3246
1402.3264
1402.3383
1402.3391
1402.3439
1402.3492
1402.3498
1402.3524
1402.3612
1402.3621
1402.3668
1402.3678
1402.3693
1402.3697
1402.3716
1402.3795
1402.3800
1402.3850
1402.3912
1402.3953
1402.4000
1402.4056
1402.4082
1402.4085
1402.4176
1402.4201
1402.4422
1402.4464
1402.4489
1402.4495
1402.4498
1402.4583
1402.4588
1402.4635
1402.4721
1402.4759
1402.4780
1402.4822
1402.4912
1402.4928
1402.4945
1402.5013
1402.5091
1402.5098
1402.5102
1402.5148
1402.5193
1402.5206
1402.5231
1402.5268
1402.5295
1402.5366
1402.5430
1402.5449
1402.5451
1402.5536
1402.5606
1402.5632
1402.5633
1402.5680
1402.5738
1402.5775
1402.5905
1402.5997
1402.6017
1402.6018
1402.6232
1402.6270
1402.6301
1402.6318
1402.6355
1402.6417
1402.6440
1402.6509
1402.6579
1402.6641
1402.6644
1402.6658
1402.6679
1402.6681
1402.6682
1402.6758
1402.7021
1402.7142
1402.7197
1402.7225
1403.0023
1403.0125
1403.0184
1403.0317
1403.0473
1403.0542
1403.0553
1403.0602
1403.0615
1403.0645
1403.0662
1403.0665
1403.0760
1403.0775
1403.0787
1403.0807
1403.0849
1403.0934
1403.0945
1403.1035
1403.1134
1403.1411
1403.1457
1403.1629
1403.1630
1403.1673
1403.1674
1403.1794
1403.1940
1403.2016
1403.2025
1403.2095
1403.2175
1403.2209
1403.2236
1403.2264
1403.2293
1403.2451
1403.2538
1403.2572
1403.2589
1403.2769
1403.2924
1403.2928
1403.2942
1403.2949
1403.2957
1403.3026
1403.3037
1403.3073
1403.3081
1403.3266
1403.3352
1403.3443
1403.3470
1403.3473
1403.3567
1403.3592
1403.3630
1403.3712
1403.3765
1403.3813
1403.3833
1403.3839
1403.3899
1403.3906
1403.3914
1403.3929
1403.3930
1403.3946
1403.3975
1403.3976
1403.4015
1403.4048
1403.4057
1403.4070
1403.4085
1403.4105
1403.4121
1403.4414
1403.4447
1403.4527
1403.4558
1403.4586
1403.4614
1403.4706
1403.4709
1403.4765
1403.5061
1403.5187
1403.5232
1403.5335
1403.5428
1403.5458
1403.5510
1403.5535
1403.5548
1403.5635
1403.5808
1403.5810
1403.5826
1403.5876
1403.5907
1403.5937
1403.5945
1403.5998
1403.6012
1403.6055
1403.6138
1403.6254
1403.6402
1403.6404
1403.6443
1403.6501
1403.6550
1403.6693
1403.6747
1403.6787
1403.6911
1403.7015
1403.7040
1403.7067
1403.7079
1403.7108
1403.7126
1403.7156
1403.7168
1403.7219
1403.7331
1403.7342
1403.7388
1403.7425
1403.7480
1403.7502
1403.7557
1403.7609
1403.7659
1403.7662
1403.7690
1403.7703
1403.7753
1403.7801
1403.7813
1403.7829
1403.7856
1403.7878
1403.7881
1403.7887
1403.7894
1403.7988
1403.8031
1403.8038
1403.8129
1404.0093
1404.0107
1404.0114
1404.0165
1404.0172
1404.0182
1404.0187
1404.0266
1404.0281
1404.0308
1404.0399
1404.0429
1404.0455
1404.0577
1404.0699
1404.0706
1404.0764
1404.0775
1404.0904
1404.0992
1404.1154
1404.1537
1404.1564
1404.1579
1404.1636
1404.1677
1404.1809
1404.1813
1404.1822
1404.1850
1404.1883
1404.1952
1404.2044
1404.2100
1404.2127
1404.2183
1404.2192
1404.2224
1404.2336
1404.2354
1404.2362
1404.2435
1404.2447
1404.2648
1404.2693
1404.2699
1404.2710
1404.2788
1404.2849
1404.2873
1404.2904
1404.2905
1404.2909
1404.2978
1404.3080
1404.3113
1404.3135
1404.3179
1404.3244
1404.3278
1404.3296
1404.3373
1404.3480
1404.3494
1404.3508
1404.3549
1404.3622
1404.3641
1404.3761
1404.3807
1404.3846
1404.3873
1404.3916
1404.3934
1404.4007
1404.4074
1404.4096
1404.4153
1404.4168
1404.4209
1404.4211
1404.4214
1404.4248
1404.4331
1404.4375
1404.4428
1404.4508
1404.4596
1404.4648
1404.4723
1404.4758
1404.4833
1404.4920
1404.4959
1404.4964
1404.4999
1404.5048
1404.5070
1404.5094
1404.5142
1404.5161
1404.5163
1404.5178
1404.5224
1404.5237
1404.5404
1404.5460
1404.5467
1404.5480
1404.5491
1404.5600
1404.5669
1404.5700
1404.5710
1404.5866
1404.6011
1404.6022
1404.6089
1404.6091
1404.6271
1404.6281
1404.6345
1404.6402
1404.6407
1404.6429
1404.6432
1404.6542
1404.6631
1404.6650
1404.6710
1404.6718
1404.6734
1404.6837
1404.6851
1404.6867
1404.6884
1404.6978
1404.6994
1404.7020
1404.7044
1404.7153
1404.7161
1404.7192
1404.7221
1404.7386
1404.7400
1404.7476
1404.7738
1404.7742
1404.7793
1404.7845
1405.0043
1405.0241
1405.0255
1405.0463
1405.0497
1405.0589
1405.0721
1405.0759
1405.0965
1405.1018
1405.1075
1405.1079
1405.1094
1405.1187
1405.1252
1405.1258
1405.1377
1405.1504
1405.1530
1405.1553
1405.1627
1405.1765
1405.1772
1405.1799
1405.1949
1405.1952
1405.1988
1405.2002
1405.2009
1405.2108
1405.2119
1405.2135
1405.2175
1405.2265
1405.2293
1405.2320
1405.2379
1405.2585
1405.2593
1405.2626
1405.2643
1405.2752
1405.2777
1405.2845
1405.3014
1405.3026
1405.3035
1405.3075
1405.3132
1405.3151
1405.3194
1405.3345
1405.3414
1405.3587
1405.3626
1405.3861
1405.3882
1405.4025
1405.4217
1405.4227
1405.4363
1405.4375
1405.4396
1405.4444
1405.4527
1405.4548
1405.4556
1405.4575
1405.4590
1405.4625
1405.4627
1405.4755
1405.4770
1405.4816
1405.4937
1405.5001
1405.5110
1405.5162
1405.5233
1405.5283
1405.5289
1405.5344
1405.5457
1405.5463
1405.5486
1405.5545
1405.5711
1405.5762
1405.5776
1405.5800
1405.5991
1405.6053
1405.6059
1405.6069
1405.6083
1405.6145
1405.6180
1405.6214
1405.6256
1405.6266
1405.6270
1405.6280
1405.6315
1405.6349
1405.6385
1405.6493
1405.6499
1405.6513
1405.6516
1405.6592
1405.6674
1405.6691
1405.6761
1405.6923
1405.6958
1405.6982
1405.7005
1405.7022
1405.7033
1405.7064
1405.7124
1405.7130
1405.7132
1405.7190
1405.7277
1405.7286
1405.7294
1405.7354
1405.7380
1405.7413
1405.7527
1405.7587
1405.7597
1405.7604
1405.7608
1405.7650
1405.7657
1405.7671
1405.7727
1405.7767
1405.7853
1406.0107
1406.0120
1406.0230
1406.0385
1406.0408
1406.0427
1406.0429
1406.0443
1406.0467
1406.0518
1406.0571
1406.0573
1406.0646
1406.0655
1406.0770
1406.0785
1406.0810
1406.0949
1406.0981
1406.1145
1406.1148
1406.1168
1406.1262
1406.1274
1406.1366
1406.1375
1406.1390
1406.1586
1406.1587
1406.1589
1406.1593
1406.1594
1406.1646
1406.1704
1406.1828
1406.1830
1406.1858
1406.1935
1406.1946
1406.1990
1406.2052
1406.2054
1406.2057
1406.2124
1406.2142
1406.2178
1406.2183
1406.2230
1406.2273
1406.2583
1406.2597
1406.2658
1406.2676
1406.2803
1406.2862
1406.2881
1406.2902
1406.2918
1406.2999
1406.3086
1406.3184
1406.3233
1406.3299
1406.3389
1406.3394
1406.3416
1406.3441
1406.3558
1406.3563
1406.3594
1406.3669
1406.3698
1406.3738
1406.3745
1406.3773
1406.3801
1406.3879
1406.3930
1406.4089
1406.4247
1406.4293
1406.4398
1406.4470
1406.4618
1406.4623
1406.4634
1406.4801
1406.4847
1406.4940
1406.5135
1406.5138
1406.5277
1406.5349
1406.5365
1406.5458
1406.5462
1406.5533
1406.5611
1406.5659
1406.5661
1406.5684
1406.5785
1406.5815
1406.5912
1406.5995
1406.6119
1406.6122
1406.6123
1406.6125
1406.6128
1406.6260
1406.6289
1406.6307
1406.6343
1406.6465
1406.6485
1406.6502
1406.6619
1406.6674
1406.6745
1406.6809
1406.6848
1406.6851
1406.6894
1406.6953
1406.6963
1406.6991
1406.7047
1406.7078
1406.7243
1406.7312
1406.7326
1406.7346
1406.7407
1406.7571
1406.7595
1406.7705
1406.7764
1406.7835
1407.0054
1407.0135
1407.0177
1407.0279
1407.0337
1407.0427
1407.0475
1407.0548
1407.0574
1407.0586
1407.0592
1407.0682
1407.0776
1407.0777
1407.0778
1407.0785
1407.0819
1407.0832
1407.0890
1407.1018
1407.1093
1407.1099
1407.1183
1407.1222
1407.1262
1407.1290
1407.1294
1407.1297
1407.1375
1407.1573
1407.1577
1407.1654
1407.1747
1407.1777
1407.1813
1407.1816
1407.1826
1407.1901
1407.1905
1407.1913
1407.1914
1407.1941
1407.1942
1407.1966
1407.1995
1407.2076
1407.2091
1407.2094
1407.2213
1407.2273
1407.2294
1407.2346
1407.2373
1407.2380
1407.2465
1407.2596
1407.2611
1407.2656
1407.2722
1407.2789
1407.2824
1407.2861
1407.2880
1407.2947
1407.2957
1407.2983
1407.3066
1407.3099
1407.3182
1407.3261
1407.3351
1407.3359
1407.3381
1407.3481
1407.3482
1407.3515
1407.3558
1407.3573
1407.3578
1407.3589
1407.3647
1407.3761
1407.3872
1407.3876
1407.3922
1407.3925
1407.3982
1407.4060
1407.4100
1407.4102
1407.4174
1407.4175
1407.4208
1407.4216
1407.4358
1407.4371
1407.4435
1407.4479
1407.4567
1407.4595
1407.4640
1407.4688
1407.4736
1407.4751
1407.4827
1407.4890
1407.4897
1407.5119
1407.5134
1407.5165
1407.5167
1407.5291
1407.5310
1407.5403
1407.5430
1407.5433
1407.5436
1407.5552
1407.5578
1407.5584
1407.5707
1407.5708
1407.5709
1407.5713
1407.5789
1407.5802
1407.5884
1407.5898
1407.5953
1407.6065
1407.6218
1407.6234
1407.6388
1407.6409
1407.6499
1407.6548
1407.6556
1407.6659
1407.6662
1407.6670
1407.6672
1407.6796
1407.6945
1407.7012
1407.7064
1407.7177
1407.7186
1407.7204
1407.7206
1407.7207
1407.7285
1407.7324
1407.7521
1407.7726
1407.7750
1407.7785
1407.7892
1407.7894
1407.7902
1407.7923
1407.7973
1407.8072
1407.8086
1407.8287
1407.8319
1407.8443
1407.8519
1408.0195
1408.0235
1408.0261
1408.0402
1408.0420
1408.0429
1408.0435
1408.0461
1408.0512
1408.0718
1408.0844
1408.0859
1408.0880
1408.0909
1408.0937
1408.1018
1408.1019
1408.1083
1408.1151
1408.1244
1408.1279
1408.1329
1408.1334
1408.1374
1408.1435
1408.1441
1408.1522
1408.1533
1408.1535
1408.1597
1408.1630
1408.1662
1408.1710
1408.1733
1408.1801
1408.1840
1408.1907
1408.2001
1408.2095
1408.2178
1408.2206
1408.2210
1408.2277
1408.2334
1408.2568
1408.2579
1408.2586
1408.2599
1408.2608
1408.2880
1408.3024
1408.3113
1408.3222
1408.3224
1408.3225
1408.3243
1408.3247
1408.3249
1408.3327
1408.3329
1408.3330
1408.3336
1408.3342
1408.3346
1408.3349
1408.3350
1408.3353
1408.3356
1408.3361
1408.3365
1408.3367
1408.3369
1408.3370
1408.3372
1408.3394
1408.3422
1408.3483
1408.3609
1408.3679
1408.3708
1408.3819
1408.3875
1408.3896
1408.3902
1408.3912
1408.3991
1408.4043
1408.4044
1408.4148
1408.4162
1408.4165
1408.4166
1408.4167
1408.4223
1408.4234
1408.4301
1408.4505
1408.4514
1408.4515
1408.4574
1408.4630
1408.4631
1408.4638
1408.4744
1408.4881
1408.4883
1408.4885
1408.4915
1408.4934
1408.4980
1408.4983
1408.4998
1408.5040
1408.5043
1408.5045
1408.5048
1408.5061
1408.5084
1408.5110
1408.5252
1408.5331
1408.5358
1408.5394
1408.5395
1408.5416
1408.5455
1408.5652
1408.5743
1408.5747
1408.5770
1408.5794
1408.5836
1408.5838
1408.6000
1408.6002
1408.6151
1408.6188
1408.6251
1408.6391
1408.6411
1408.6494
1408.6506
1408.6623
1408.6790
1408.6884
1408.6968
1408.7014
1409.0064
1409.0198
1409.0231
1409.0239
1409.0331
1409.0352
1409.0446
1409.0464
1409.0481
1409.0482
1409.0483
1409.0488
1409.0509
1409.0555
1409.0577
1409.0592
1409.0691
1409.0694
1409.0729
1409.0767
1409.0770
1409.0771
1409.0793
1409.0800
1409.0846
1409.0870
1409.0942
1409.0946
1409.0968
1409.0993
1409.1031
1409.1111
1409.1151
1409.1160
1409.1313
1409.1327
1409.1345
1409.1385
1409.1396
1409.1472
1409.1491
1409.1511
1409.1627
1409.1634
1409.1672
1409.1777
1409.1780
1409.1834
1409.1840
1409.1949
1409.2034
1409.2069
1409.2077
1409.2151
1409.2158
1409.2211
1409.2216
1409.2218
1409.2219
1409.2357
1409.2360
1409.2451
1409.2459
1409.2463
1409.2507
1409.2703
1409.2704
1409.2744
1409.2809
1409.2843
1409.2909
1409.2912
1409.2931
1409.2937
1409.2969
1409.2974
1409.3035
1409.3063
1409.3114
1409.3173
1409.3177
1409.3188
1409.3317
1409.3321
1409.3349
1409.3439
1409.3450
1409.3524
1409.3694
1409.3710
1409.3731
1409.3764
1409.3781
1409.3782
1409.3790
1409.3820
1409.3829
1409.4039
1409.4113
1409.4124
1409.4129
1409.4145
1409.4154
1409.4156
1409.4258
1409.4259
1409.4345
1409.4501
1409.4526
1409.4615
1409.4670
1409.4717
1409.4808
1409.4909
1409.4912
1409.4996
1409.5010
1409.5017
1409.5028
1409.5044
1409.5220
1409.5259
1409.5281
1409.5367
1409.5394
1409.5527
1409.5614
1409.5661
1409.5683
1409.6006
1409.6020
1409.6035
1409.6159
1409.6181
1409.6199
1409.6224
1409.6243
1409.6261
1409.6271
1409.6274
1409.6280
1409.6352
1409.6355
1409.6398
1409.6454
1409.6455
1409.6506
1409.6527
1409.6533
1409.6535
1409.6540
1409.6665
1409.6674
1409.6693
1409.6706
1409.6749
1409.6760
1409.6811
1409.6824
1409.6827
1409.6878
1409.6913
1409.6961
1409.7007
1409.7023
1409.7029
1409.7160
1409.7176
1409.7189
1409.7204
1409.7214
1409.7235
1409.7294
1409.7349
1409.7353
1409.7356
1409.7445
1409.7466
1409.7519
1409.7530
1409.7544
1409.7616
1409.7633
1409.7673
1409.7717
1409.7829
1409.7856
1409.7911
1409.7924
1409.7950
1409.7969
1409.7972
1409.7987
1409.8045
1409.8118
1409.8132
1409.8155
1409.8173
1409.8234
1409.8342
1409.8391
1409.8423
1409.8473
1409.8510
1409.8514
1409.8533
1409.8535
1409.8584
1409.8614
1409.8629
1409.8651
1410.0078
1410.0106
1410.0297
1410.0300
1410.0331
1410.0417
1410.0502
1410.0532
1410.0591
1410.0651
1410.0727
1410.0912
1410.1001
1410.1007
1410.1017
1410.1039
1410.1045
1410.1083
1410.1156
1410.1214
1410.1252
1410.1283
1410.1347
1410.1423
1410.1440
1410.1561
1410.1578
1410.1596
1410.1600
1410.1603
1410.1662
1410.1673
1410.1712
1410.1800
1410.1806
1410.1889
1410.2005
1410.2054
1410.2145
1410.2182
1410.2312
1410.2321
1410.2343
1410.2356
1410.2433
1410.2489
1410.2621
1410.2668
1410.2921
1410.2927
1410.2953
1410.3008
1410.3046
1410.3171
1410.3255
1410.3333
1410.3378
1410.3410
1410.3412
1410.3451
1410.3520
1410.3587
1410.3623
1410.3731
1410.3777
1410.3814
1410.3843
1410.3855
1410.3888
1410.3894
1410.3926
1410.3933
1410.3953
1410.3996
1410.4153
1410.4315
1410.4331
1410.4346
1410.4384
1410.4401
1410.4482
1410.4538
1410.4618
1410.4638
1410.4649
1410.4741
1410.4829
1410.4900
1410.4915
1410.5050
1410.5106
1410.5160
1410.5222
1410.5249
1410.5258
1410.5293
1410.5294
1410.5301
1410.5376
1410.5517
1410.5519
1410.5628
1410.5662
1410.5671
1410.5743
1410.5888
1410.5893
1410.6018
1410.6174
1410.6179
1410.6203
1410.6210
1410.6457
1410.6494
1410.6591
1410.6692
1410.6697
1410.6708
1410.6798
1410.6835
1410.6856
1410.6867
1410.6919
1410.7008
1410.7015
1410.7031
1410.7064
1410.7070
1410.7073
1410.7081
1410.7209
1410.7212
1410.7219
1410.7332
1410.7337
1410.7349
1410.7373
1410.7384
1410.7440
1410.7449
1410.7458
1410.7459
1410.7478
1410.7561
1410.7624
1410.7667
1410.7765
1410.7789
1410.7870
1410.7892
1410.7894
1410.7898
1410.7960
1410.8010
1410.8025
1410.8109
1410.8110
1410.8179
1410.8189
1410.8198
1410.8277
1410.8312
1410.8380
1410.8381
1410.8400
1410.8614
1410.8648
1410.8785
1411.0124
1411.0148
1411.0244
1411.0245
1411.0409
1411.0456
1411.0578
1411.0584
1411.0706
1411.0848
1411.0903
1411.0952
1411.0954
1411.1041
1411.1047
1411.1093
1411.1123
1411.1162
1411.1184
1411.1191
1411.1208
1411.1272
1411.1321
1411.1334
1411.1703
1411.1747
1411.1789
1411.1797
1411.1820
1411.1954
1411.1984
1411.2009
1411.2044
1411.2048
1411.2058
1411.2071
1411.2078
1411.2110
1411.2142
1411.2187
1411.2201
1411.2203
1411.2269
1411.2282
1411.2293
1411.2325
1411.2360
1411.2397
1411.2419
1411.2520
1411.2729
1411.2742
1411.2790
1411.2914
1411.2981
1411.2989
1411.3014
1411.3080
1411.3183
1411.3194
1411.3223
1411.3282
1411.3318
1411.3361
1411.3403
1411.3467
1411.3468
1411.3471
1411.3472
1411.3545
1411.3655
1411.3759
1411.3877
1411.3911
1411.4025
1411.4092
1411.4111
1411.4195
1411.4206
1411.4317
1411.4347
1411.4350
1411.4409
1411.4467
1411.4541
1411.4545
1411.4591
1411.4594
1411.4685
1411.4713
1411.4728
1411.4778
1411.4797
1411.4801
1411.4816
1411.4817
1411.4947
1411.4998
1411.5116
1411.5341
1411.5342
1411.5346
1411.5354
1411.5666
1411.5741
1411.5871
1411.5959
1411.6022
1411.6046
1411.6134
1411.6168
1411.6174
1411.6280
1411.6306
1411.6310
1411.6346
1411.6352
1411.6388
1411.6495
1411.6543
1411.6557
1411.6571
1411.6583
1411.6639
1411.6710
1411.6717
1411.6786
1411.6808
1411.6819
1411.6876
1411.6916
1411.6917
1411.6945
1411.6954
1411.6963
1411.6974
1411.7000
1411.7015
1411.7064
1411.7109
1411.7118
1411.7182
1411.7249
1411.7294
1411.7400
1411.7417
1411.7594
1411.7600
1411.7661
1411.7764
1411.7775
1411.7787
1411.7802
1412.0024
1412.0075
1412.0087
1412.0125
1412.0163
1412.0231
1412.0308
1412.0440
1412.0523
1412.0574
1412.0737
1412.0741
1412.0758
1412.0908
1412.0926
1412.0999
1412.1047
1412.1157
1412.1248
1412.1257
1412.1448
1412.1458
1412.1499
1412.1512
1412.1533
1412.1608
1412.1609
1412.1611
1412.1761
1412.1767
1412.1950
1412.2029
1412.2237
1412.2310
1412.2426
1412.2552
1412.2584
1412.2609
1412.2743
1412.2827
1412.2849
1412.2868
1412.2990
1412.3062
1412.3072
1412.3080
1412.3089
1412.3105
1412.3174
1412.3181
1412.3216
1412.3237
1412.3252
1412.3258
1412.3263
1412.3265
1412.3285
1412.3398
1412.3406
1412.3484
1412.3500
1412.3505
1412.3523
1412.3531
1412.3590
1412.3673
1412.3704
1412.3774
1412.3936
1412.4058
1412.4115
1412.4140
1412.4284
1412.4548
1412.4573
1412.4588
1412.4603
1412.4824
1412.4886
1412.5022
1412.5029
1412.5043
1412.5082
1412.5096
1412.5099
1412.5163
1412.5226
1412.5260
1412.5270
1412.5300
1412.5391
1412.5415
1412.5494
1412.5535
1412.5549
1412.5570
1412.5625
1412.5671
1412.5734
1412.5778
1412.5798
1412.5917
1412.5947
1412.5956
1412.5957
1412.5992
1412.6011
1412.6174
1412.6191
1412.6193
1412.6218
1412.6331
1412.6419
1412.6508
1412.6590
1412.6736
1412.6839
1412.6888
1412.6900
1412.6906
1412.6946
1412.6962
1412.6969
1412.6978
1412.7014
1412.7044
1412.7071
1412.7107
1412.7135
1412.7157
1412.7188
1412.7217
1412.7265
1412.7305
1412.7363
1412.7373
1412.7379
1412.7473
1412.7548
1412.7553
1412.7586
1412.7606
1412.7611
1412.7635
1412.7650
1412.7685
1412.7724
1412.7812
1412.7875
1412.7906
1412.8019
1412.8044
1412.8057
1412.8059
1412.8069
1412.8082
1412.8100
1412.8184
1412.8191
1412.8207
1412.8223
1412.8255
1412.8257
1412.8330
1412.8336
1412.8343
1412.8345
1412.8530
1412.8567
1412.8705
1412.8742
1501.00159
1501.00178
1501.00221
1501.00453
1501.00457
1501.00467
1501.00506
1501.00524
1501.00525
1501.00573
1501.00597
1501.00602
1501.00609
1501.00640
1501.00655
1501.00704
1501.00740
1501.00743
1501.00885
1501.00971
1501.01003
1501.01269
1501.01292
1501.01307
1501.01344
1501.01346
1501.01388
1501.01565
1501.01654
1501.01667
1501.01669
1501.01769
1501.01773
1501.01789
1501.01804
1501.01838
1501.01843
1501.01975
1501.01995
1501.01998
1501.02045
1501.02072
1501.02215
1501.02305
1501.02399
1501.02446
1501.02543
1501.02552
1501.02605
1501.02616
1501.02731
1501.03056
1501.03075
1501.03076
1501.03078
1501.03243
1501.03277
1501.03289
1501.03408
1501.03437
1501.03488
1501.03526
1501.03544
1501.03558
1501.03564
1501.03567
1501.03703
1501.03743
1501.03787
1501.03809
1501.03890
1501.03938
1501.04027
1501.04121
1501.04179
1501.04185
1501.04205
1501.04269
1501.04270
1501.04280
1501.04323
1501.04399
1501.04401
1501.04433
1501.04444
1501.04476
1501.04519
1501.04526
1501.04585
1501.04600
1501.04611
1501.04714
1501.04893
1501.04904
1501.04924
1501.04974
1501.05075
1501.05184
1501.05228
1501.05408
1501.05438
1501.05457
1501.05532
1501.05557
1501.05621
1501.05629
1501.05704
1501.05760
1501.05767
1501.05803
1501.05837
1501.05998
1501.06051
1501.06075
1501.06098
1501.06168
1501.06169
1501.06274
1501.06296
1501.06413
1501.06533
1501.06543
1501.06638
1501.06804
1501.06821
1501.06833
1501.06843
1501.06901
1501.06975
1501.07019
1501.07073
1501.07176
1501.07224
1501.07343
1501.07377
1501.07410
1501.07411
1501.07478
1501.07484
1501.07498
1501.07500
1501.07507
1501.07587
1501.07661
1501.07733
1501.07773
1501.07807
1501.07826
1502.00007
1502.00029
1502.00035
1502.00277
1502.00296
1502.00340
1502.00387
1502.00541
1502.00605
1502.00650
1502.00682
1502.00768
1502.00769
1502.00772
1502.00822
1502.00847
1502.00850
1502.00881
1502.00949
1502.00969
1502.00976
1502.01006
1502.01109
1502.01170
1502.01210
1502.01273
1502.01288
1502.01401
1502.01429
1502.01571
1502.01578
1502.01604
1502.01693
1502.01866
1502.01944
1502.02140
1502.02144
1502.02148
1502.02150
1502.02374
1502.02375
1502.02418
1502.02466
1502.02470
1502.02492
1502.02499
1502.02505
1502.02518
1502.02543
1502.02601
1502.02624
1502.02633
1502.02646
1502.02714
1502.02739
1502.02743
1502.02778
1502.02854
1502.03052
1502.03085
1502.03166
1502.03388
1502.03417
1502.03528
1502.03700
1502.03704
1502.03708
1502.03804
1502.03839
1502.03885
1502.04175
1502.04209
1502.04221
1502.04231
1502.04251
1502.04332
1502.04346
1502.04386
1502.04397
1502.04460
1502.04660
1502.04796
1502.04897
1502.04923
1502.04924
1502.04971
1502.05007
1502.05062
1502.05133
1502.05294
1502.05295
1502.05462
1502.05550
1502.05658
1502.05679
1502.05895
1502.05959
1502.05992
1502.06003
1502.06009
1502.06012
1502.06067
1502.06198
1502.06289
1502.06396
1502.06448
1502.06454
1502.06467
1502.06631
1502.06693
1502.06725
1502.06738
1502.06760
1502.06815
1502.06833
1502.06844
1502.06860
1502.06873
1502.06885
1502.06909
1502.06923
1502.07004
1502.07212
1502.07281
1502.07307
1502.07312
1502.07329
1502.07370
1502.07457
1502.07594
1502.07605
1502.07616
1502.07623
1502.07648
1502.07827
1502.07919
1502.07953
1503.00199
1503.00231
1503.00294
1503.00317
1503.00475
1503.00511
1503.00525
1503.00557
1503.00566
1503.00637
1503.00803
1503.00813
1503.00955
1503.01018
1503.01080
1503.01086
1503.01134
1503.01194
1503.01277
1503.01283
1503.01318
1503.01472
1503.01576
1503.01622
1503.01683
1503.01697
1503.01708
1503.01744
1503.01799
1503.01806
1503.01813
1503.01839
1503.01971
1503.01992
1503.02018
1503.02156
1503.02187
1503.02203
1503.02215
1503.02370
1503.02394
1503.02461
1503.02485
1503.02489
1503.02539
1503.02592
1503.02730
1503.02767
1503.02797
1503.02798
1503.02851
1503.02888
1503.02977
1503.03107
1503.03119
1503.03154
1503.03156
1503.03162
1503.03196
1503.03276
1503.03281
1503.03399
1503.03416
1503.03418
1503.03428
1503.03530
1503.03580
1503.03604
1503.03620
1503.03634
1503.03658
1503.03667
1503.03713
1503.03776
1503.03796
1503.03810
1503.03860
1503.04075
1503.04091
1503.04095
1503.04238
1503.04257
1503.04297
1503.04368
1503.04428
1503.04519
1503.04543
1503.04626
1503.04631
1503.04636
1503.04642
1503.04679
1503.04705
1503.04738
1503.04785
1503.04893
1503.04933
1503.04960
1503.04981
1503.05021
1503.05121
1503.05165
1503.05263
1503.05301
1503.05305
1503.05316
1503.05318
1503.05400
1503.05401
1503.05403
1503.05411
1503.05444
1503.05503
1503.05519
1503.05520
1503.05690
1503.05691
1503.05701
1503.05736
1503.05771
1503.05801
1503.05884
1503.06001
1503.06033
1503.06069
1503.06070
1503.06164
1503.06259
1503.06409
1503.06420
1503.06439
1503.06449
1503.06463
1503.06520
1503.06591
1503.06634
1503.06655
1503.06686
1503.06905
1503.06906
1503.06931
1503.06954
1503.07107
1503.07154
1503.07156
1503.07196
1503.07249
1503.07281
1503.07299
1503.07332
1503.07352
1503.07432
1503.07434
1503.07487
1503.07603
1503.07688
1503.07744
1503.07812
1503.07903
1503.07962
1503.08001
1503.08047
1503.08127
1503.08197
1503.08242
1503.08292
1503.08306
1503.08309
1503.08353
1503.08359
1503.08365
1503.08378
1503.08394
1503.08418
1503.08512
1503.08516
1503.08594
1503.08600
1503.08756
1503.08791
1503.08882
1503.08883
1503.08894
1503.09071
1504.00137
1504.00148
1504.00244
1504.00356
1504.00508
1504.00531
1504.00533
1504.00694
1504.00710
1504.00746
1504.00844
1504.00851
1504.00852
1504.00902
1504.00985
1504.00994
1504.00999
1504.01028
1504.01036
1504.01045
1504.01068
1504.01089
1504.01172
1504.01175
1504.01233
1504.01307
1504.01318
1504.01353
1504.01354
1504.01408
1504.01513
1504.01550
1504.01554
1504.01645
1504.01701
1504.01704
1504.01755
1504.01833
1504.01860
1504.01866
1504.01874
1504.01912
1504.01960
1504.01967
1504.01976
1504.02005
1504.02090
1504.02271
1504.02342
1504.02343
1504.02347
1504.02410
1504.02500
1504.02522
1504.02546
1504.02598
1504.02618
1504.02667
1504.02757
1504.02814
1504.02819
1504.02959
1504.02998
1504.03040
1504.03047
1504.03121
1504.03162
1504.03192
1504.03227
1504.03251
1504.03263
1504.03272
1504.03367
1504.03444
1504.03831
1504.03838
1504.03948
1504.03953
1504.03971
1504.04164
1504.04321
1504.04347
1504.04391
1504.04467
1504.04522
1504.04564
1504.04642
1504.04709
1504.04711
1504.04728
1504.04737
1504.04778
1504.04795
1504.04842
1504.04904
1504.04917
1504.04984
1504.04985
1504.05045
1504.05120
1504.05121
1504.05144
1504.05257
1504.05272
1504.05303
1504.05365
1504.05380
1504.05409
1504.05482
1504.05485
1504.05499
1504.05549
1504.05684
1504.05718
1504.05801
1504.05802
1504.05985
1504.06071
1504.06205
1504.06232
1504.06310
1504.06482
1504.06512
1504.06556
1504.06652
1504.06671
1504.06715
1504.06809
1504.06818
1504.06860
1504.06973
1504.07040
1504.07099
1504.07156
1504.07207
1504.07260
1504.07305
1504.07322
1504.07330
1504.07364
1504.07381
1504.07411
1504.07423
1504.07498
1504.07500
1504.07618
1504.07696
1504.07727
1504.07804
1504.07814
1504.07837
1504.07891
1504.07913
1504.07939
1504.07944
1504.08007
1504.08127
1504.08138
1504.08179
1504.08246
1504.08277
1504.08296
1505.00018
1505.00021
1505.00125
1505.00187
1505.00194
1505.00250
1505.00281
1505.00317
1505.00419
1505.00602
1505.00623
1505.00647
1505.00667
1505.00668
1505.00776
1505.00883
1505.00902
1505.00926
1505.00931
1505.01014
1505.01045
1505.01194
1505.01198
1505.01216
1505.01261
1505.01295
1505.01395
1505.01443
1505.01447
1505.01530
1505.01538
1505.01544
1505.01552
1505.01564
1505.01694
1505.01700
1505.01812
1505.01815
1505.01873
1505.01890
1505.01970
1505.02125
1505.02150
1505.02169
1505.02222
1505.02249
1505.02263
1505.02279
1505.02302
1505.02317
1505.02337
1505.02664
1505.02693
1505.02711
1505.02744
1505.02812
1505.02813
1505.02900
1505.02940
1505.02942
1505.03054
1505.03094
1505.03104
1505.03121
1505.03122
1505.03200
1505.03237
1505.03328
1505.03378
1505.03559
1505.03589
1505.03618
1505.03677
1505.03829
1505.03957
1505.04040
1505.04174
1505.04230
1505.04284
1505.04393
1505.04408
1505.04555
1505.04635
1505.04642
1505.04652
1505.04721
1505.04755
1505.04769
1505.04840
1505.04975
1505.05067
1505.05112
1505.05128
1505.05143
1505.05168
1505.05352
1505.05463
1505.05587
1505.05745
1505.05789
1505.05814
1505.05912
1505.05922
1505.05976
1505.06042
1505.06043
1505.06057
1505.06059
1505.06113
1505.06117
1505.06339
1505.06377
1505.06424
1505.06429
1505.06467
1505.06471
1505.06548
1505.06580
1505.06610
1505.06653
1505.06697
1505.06708
1505.06742
1505.06757
1505.06860
1505.07009
1505.07031
1505.07045
1505.07049
1505.07076
1505.07136
1505.07141
1505.07147
1505.07185
1505.07186
1505.07229
1505.07285
1505.07305
1505.07308
1505.07481
1505.07553
1505.07577
1505.07633
1505.07753
1505.07883
1505.07941
1505.08015
1505.08059
1505.08165
1506.00133
1506.00144
1506.00149
1506.00151
1506.00257
1506.00318
1506.00419
1506.00432
1506.00448
1506.00522
1506.00565
1506.00629
1506.00663
1506.00719
1506.00733
1506.00742
1506.00833
1506.00841
1506.00856
1506.01050
1506.01178
1506.01197
1506.01270
1506.01313
1506.01371
1506.01374
1506.01452
1506.01466
1506.01502
1506.01635
1506.01735
1506.01750
1506.01755
1506.01809
1506.01817
1506.01867
1506.01902
1506.01904
1506.01941
1506.01945
1506.01956
1506.01999
1506.02047
1506.02137
1506.02149
1506.02151
1506.02177
1506.02215
1506.02218
1506.02317
1506.02331
1506.02485
1506.02538
1506.02608
1506.02696
1506.02713
1506.02742
1506.02755
1506.02797
1506.02820
1506.02847
1506.02849
1506.02854
1506.02860
1506.03042
1506.03127
1506.03169
1506.03174
1506.03201
1506.03213
1506.03299
1506.03359
1506.03406
1506.03423
1506.03424
1506.03444
1506.03497
1506.03574
1506.03688
1506.03692
1506.03727
1506.03741
1506.03764
1506.03769
1506.04011
1506.04022
1506.04269
1506.04286
1506.04379
1506.04440
1506.04478
1506.04540
1506.04546
1506.04555
1506.04638
1506.04646
1506.04664
1506.04697
1506.04734
1506.04791
1506.04816
1506.04963
1506.04980
1506.05037
1506.05063
1506.05165
1506.05223
1506.05307
1506.05342
1506.05343
1506.05344
1506.05346
1506.05354
1506.05380
1506.05411
1506.05416
1506.05426
1506.05432
1506.05445
1506.05513
1506.05525
1506.05534
1506.05644
1506.05649
1506.05681
1506.05716
1506.05746
1506.05773
1506.05956
1506.05981
1506.06124
1506.06126
1506.06146
1506.06148
1506.06161
1506.06198
1506.06252
1506.06286
1506.06360
1506.06463
1506.06703
1506.06710
1506.06743
1506.06807
1506.06842
1506.06843
1506.06844
1506.07115
1506.07243
1506.07394
1506.07416
1506.07488
1506.07612
1506.07630
1506.07778
1506.07782
1506.07833
1506.07869
1506.07935
1506.07945
1506.08023
1506.08028
1506.08044
1506.08313
1506.08341
1506.08437
1506.08497
1506.08723
1506.08757
1506.08869
1506.08872
1506.08897
1506.08911
1506.09049
1506.09069
1506.09128
1506.09170
1506.09192
1507.00063
1507.00089
1507.00097
1507.00098
1507.00111
1507.00198
1507.00207
1507.00267
1507.00295
1507.00358
1507.00369
1507.00390
1507.00487
1507.00495
1507.00498
1507.00518
1507.00532
1507.00569
1507.00602
1507.00622
1507.00653
1507.00684
1507.00745
1507.00855
1507.00914
1507.00988
1507.01042
1507.01123
1507.01128
1507.01261
1507.01283
1507.01294
1507.01340
1507.01377
1507.01447
1507.01495
1507.01582
1507.01605
1507.01653
1507.01654
1507.01655
1507.01684
1507.01703
1507.01814
1507.01824
1507.01879
1507.01900
1507.01920
1507.02052
1507.02254
1507.02260
1507.02269
1507.02331
1507.02421
1507.02629
1507.02630
1507.02640
1507.02643
1507.02654
1507.02663
1507.02671
1507.02727
1507.02753
1507.02778
1507.02834
1507.03099
1507.03101
1507.03107
1507.03182
1507.03297
1507.03380
1507.03411
1507.03431
1507.03460
1507.03485
1507.03535
1507.03597
1507.03598
1507.03625
1507.03866
1507.03869
1507.03952
1507.04058
1507.04085
1507.04132
1507.04237
1507.04250
1507.04260
1507.04290
1507.04340
1507.04419
1507.04422
1507.04425
1507.04426
1507.04433
1507.04612
1507.04766
1507.04807
1507.04814
1507.04846
1507.04875
1507.04917
1507.04993
1507.05032
1507.05080
1507.05356
1507.05548
1507.05663
1507.05672
1507.05697
1507.05818
1507.05840
1507.05853
1507.05859
1507.05861
1507.05896
1507.05913
1507.05922
1507.06066
1507.06277
1507.06279
1507.06306
1507.06329
1507.06472
1507.06490
1507.06502
1507.06903
1507.06967
1507.07023
1507.07025
1507.07028
1507.07031
1507.07047
1507.07098
1507.07119
1507.07122
1507.07156
1507.07177
1507.07208
1507.07236
1507.07309
1507.07370
1507.07395
1507.07413
1507.07416
1507.07423
1507.07465
1507.07513
1507.07520
1507.07607
1507.07672
1507.07808
1507.07862
1507.07943
1507.07968
1507.07975
1507.07977
1507.07980
1507.07993
1507.08091
1507.08129
1507.08135
1507.08238
1507.08324
1507.08325
1507.08387
1507.08517
1507.08529
1507.08547
1507.08555
1507.08743
1507.08753
1507.08893
1507.08904
1508.00111
1508.00143
1508.00145
1508.00177
1508.00178
1508.00211
1508.00231
1508.00267
1508.00287
1508.00297
1508.00353
1508.00397
1508.00417
1508.00487
1508.00512
1508.00516
1508.00520
1508.00648
1508.00676
1508.00710
1508.00719
1508.00830
1508.00887
1508.01074
1508.01149
1508.01293
1508.01348
1508.01373
1508.01375
1508.01470
1508.01498
1508.01503
1508.01589
1508.01598
1508.01610
1508.01677
1508.01726
1508.01760
1508.01770
1508.01836
1508.01840
1508.01852
1508.01858
1508.01862
1508.01863
1508.01870
1508.01876
1508.01969
1508.01985
1508.01987
1508.02046
1508.02057
1508.02095
1508.02100
1508.02106
1508.02144
1508.02274
1508.02464
1508.02518
1508.02580
1508.02588
1508.02625
1508.02652
1508.02662
1508.02694
1508.02777
1508.02799
1508.02804
1508.02907
1508.02927
1508.02978
1508.03035
1508.03039
1508.03090
1508.03169
1508.03173
1508.03205
1508.03258
1508.03281
1508.03358
1508.03500
1508.03507
1508.03602
1508.03643
1508.03734
1508.03742
1508.03814
1508.03830
1508.03937
1508.03946
1508.03970
1508.03972
1508.03982
1508.04084
1508.04193
1508.04300
1508.04406
1508.04457
1508.04721
1508.04729
1508.04816
1508.04949
1508.05035
1508.05079
1508.05080
1508.05172
1508.05182
1508.05183
1508.05277
1508.05329
1508.05540
1508.05547
1508.05592
1508.05644
1508.05702
1508.05709
1508.05714
1508.05748
1508.05836
1508.05870
1508.05923
1508.05967
1508.06023
1508.06031
1508.06045
1508.06138
1508.06185
1508.06187
1508.06431
1508.06439
1508.06552
1508.06787
1508.06920
1508.07062
1508.07112
1508.07185
1508.07206
1508.07309
1508.07345
1508.07367
1508.07420
1508.07424
1508.07430
1508.07438
1508.07490
1508.07499
1508.07523
1508.07531
1508.07562
1508.07590
1508.07604
1508.07624
1508.07655
1508.07660
1508.07661
1508.07663
1508.07682
1508.07716
1508.07722
1508.07755
1508.07760
1508.07821
1508.07894
1508.07916
1509.00200
1509.00297
1509.00320
1509.00332
1509.00383
1509.00412
1509.00523
1509.00528
1509.00574
1509.00682
1509.00749
1509.00797
1509.00893
1509.00900
1509.01011
1509.01090
1509.01097
1509.01192
1509.01285
1509.01345
1509.01521
1509.01535
1509.01545
1509.01560
1509.01562
1509.01564
1509.01594
1509.01627
1509.01650
1509.01657
1509.01684
1509.01702
1509.01718
1509.01752
1509.01818
1509.01840
1509.01863
1509.01936
1509.02013
1509.02201
1509.02360
1509.02371
1509.02395
1509.02431
1509.02449
1509.02527
1509.02590
1509.02612
1509.02761
1509.02797
1509.02960
1509.02989
1509.03009
1509.03029
1509.03183
1509.03226
1509.03234
1509.03288
1509.03400
1509.03643
1509.03768
1509.03885
1509.03914
1509.04188
1509.04190
1509.04248
1509.04316
1509.04323
1509.04331
1509.04354
1509.04378
1509.04408
1509.04429
1509.04482
1509.04500
1509.04757
1509.04835
1509.04955
1509.04963
1509.04979
1509.05019
1509.05239
1509.05250
1509.05260
1509.05363
1509.05365
1509.05388
1509.05422
1509.05439
1509.05501
1509.05576
1509.05707
1509.05898
1509.05920
1509.05941
1509.06002
1509.06009
1509.06030
1509.06039
1509.06059
1509.06081
1509.06129
1509.06138
1509.06194
1509.06203
1509.06272
1509.06441
1509.06474
1509.06573
1509.06619
1509.06620
1509.06670
1509.06827
1509.06883
1509.06909
1509.07095
1509.07098
1509.07161
1509.07188
1509.07393
1509.07397
1509.07400
1509.07406
1509.07415
1509.07478
1509.07489
1509.07494
1509.07591
1509.07644
1509.07653
1509.07744
1509.07752
1509.07819
1509.07898
1509.07973
1509.08050
1509.08156
1509.08243
1509.08254
1509.08345
1509.08400
1509.08411
1509.08617
1509.08623
1509.08748
1509.08760
1509.08843
1509.09075
1509.09079
1509.09111
1509.09193
1509.09200
1509.09298
1510.02758
1510.02814
1510.02839
1510.02918
1510.02925
1510.02944
1510.02963
1510.02979
1510.03002
1510.03006
1510.03016
1510.03056
1510.03174
1510.03309
1510.03377
1510.03401
1510.03416
1510.03479
1510.03573
1510.03606
1510.03622
1510.03645
1510.03692
1510.03721
1510.03728
1510.03769
1510.03882
1510.03980
1510.03983
1510.04091
1510.04145
1510.04327
1510.04348
1510.04359
1510.04383
1510.04387
1510.04577
1510.04637
1510.04640
1510.04647
1510.04726
1510.04733
1510.04759
1510.04800
1510.04801
1510.05012
1510.05016
1510.05191
1510.05260
1510.05334
1510.05376
1510.05402
1510.05411
1510.05493
1510.05579
1510.05601
1510.05687
1510.05795
1510.05799
1510.05818
1510.05835
1510.05914
1510.05935
1510.05987
1510.05998
1510.06005
1510.06022
1510.06033
1510.06064
1510.06094
1510.06122
1510.06170
1510.06193
1510.06243
1510.06249
1510.06292
1510.06334
1510.06350
1510.06441
1510.06450
1510.06453
1510.06467
1510.06519
1510.06606
1510.06803
1510.06874
1510.06921
1510.06999
1510.07000
1510.07068
1510.07081
1510.07155
1510.07218
1510.07226
1510.07301
1510.07322
1510.07330
1510.07334
1510.07362
1510.07420
1510.07473
1510.07503
1510.07507
1510.07596
1510.07661
1510.07711
1510.07772
1510.07980
1510.07983
1510.07997
1510.08022
1510.08054
1510.08086
1510.08250
1510.08386
1510.08395
1510.08481
1510.08529
1510.08733
1510.08739
1510.08743
1510.08804
1510.08807
1510.08836
1510.08880
1510.08991
1510.09101
1510.09159
1510.09195
1511.00020
1511.00071
1511.00084
1511.00144
1511.00194
1511.00246
1511.00315
1511.00354
1511.00478
1511.00580
1511.00586
1511.00601
1511.00607
1511.00639
1511.00642
1511.00726
1511.00793
1511.00822
1511.00908
1511.00929
1511.00948
1511.01037
1511.01048
1511.01126
1511.01148
1511.01210
1511.01285
1511.01295
1511.01386
1511.01441
1511.01636
1511.01671
1511.01692
1511.01755
1511.01766
1511.01771
1511.01781
1511.01789
1511.01819
1511.01970
1511.02032
1511.02033
1511.02040
1511.02067
1511.02082
1511.02146
1511.02179
1511.02212
1511.02221
1511.02322
1511.02388
1511.02404
1511.02416
1511.02418
1511.02470
1511.02478
1511.02558
1511.02660
1511.02662
1511.02884
1511.02941
1511.03022
1511.03079
1511.03162
1511.03180
1511.03226
1511.03230
1511.03232
1511.03236
1511.03237
1511.03259
1511.03357
1511.03409
1511.03451
1511.03452
1511.03465
1511.03490
1511.03517
1511.03519
1511.03582
1511.03630
1511.03697
1511.03713
1511.03743
1511.03784
1511.03810
1511.03811
1511.03813
1511.03860
1511.03869
1511.04005
1511.04012
1511.04061
1511.04248
1511.04265
1511.04274
1511.04289
1511.04302
1511.04315
1511.04382
1511.04468
1511.04571
1511.04603
1511.04614
1511.04720
1511.04783
1511.04827
1511.04869
1511.04876
1511.04913
1511.04922
1511.04937
1511.05022
1511.05108
1511.05288
1511.05503
1511.05523
1511.05531
1511.05553
1511.05645
1511.05794
1511.05805
1511.05893
1511.06010
1511.06081
1511.06102
1511.06131
1511.06177
1511.06209
1511.06221
1511.06222
1511.06271
1511.06404
1511.06446
1511.06478
1511.06484
1511.06689
1511.06720
1511.06725
1511.06771
1511.06814
1511.06824
1511.06862
1511.06865
1511.06871
1511.06882
1511.06945
1511.06986
1511.07032
1511.07124
1511.07127
1511.07221
1511.07251
1511.07298
1511.07317
1511.07411
1511.07424
1511.07475
1511.07511
1511.07512
1511.07530
1511.07532
1511.07534
1511.07576
1511.07689
1511.07814
1511.07842
1511.07855
1511.07942
1511.07947
1511.08027
1511.08038
1511.08043
1511.08057
1511.08070
1511.08080
1511.08116
1511.08147
1511.08154
1511.08156
1511.08157
1511.08172
1511.08176
1511.08268
1511.08318
1511.08428
1511.08525
1511.08578
1511.08784
1511.08837
1511.08897
1511.08918
1511.08966
1511.09001
1511.09018
1511.09019
1511.09026
1511.09037
1511.09038
1511.09045
1511.09122
1511.09126
1511.09141
1511.09232
1511.09266
1511.09291
1511.09305
1511.09340
1511.09374
1511.09399
1512.00056
1512.00129
1512.00234
1512.00247
1512.00273
1512.00337
1512.00415
1512.00444
1512.00571
1512.00586
1512.00627
1512.00638
1512.00679
1512.00712
1512.00753
1512.00780
1512.00918
1512.00926
1512.01011
1512.01149
1512.01152
1512.01186
1512.01191
1512.01258
1512.01270
1512.01299
1512.01358
1512.01466
1512.01474
1512.01519
1512.01565
1512.01615
1512.01628
1512.01702
1512.01719
1512.01932
1512.01958
1512.02026
1512.02135
1512.02264
1512.02348
1512.02464
1512.02480
1512.02525
1512.02527
1512.02540
1512.02596
1512.02683
1512.02817
1512.02939
1512.02976
1512.02984
1512.03004
1512.03006
1512.03035
1512.03037
1512.03038
1512.03085
1512.03130
1512.03144
1512.03182
1512.03213
1512.03235
1512.03255
1512.03272
1512.03278
1512.03297
1512.03383
1512.03587
1512.03648
1512.03678
1512.03691
1512.03707
1512.03758
1512.03780
1512.03867
1512.03913
1512.03936
1512.04030
1512.04041
1512.04137
1512.04234
1512.04326
1512.04347
1512.04415
1512.04452
1512.04482
1512.04608
1512.04691
1512.04722
1512.04779
1512.04869
1512.04997
1512.05003
1512.05024
1512.05032
1512.05042
1512.05043
1512.05167
1512.05293
1512.05438
1512.05502
1512.05533
1512.05598
1512.05601
1512.05689
1512.05770
1512.05848
1512.05850
1512.05852
1512.05893
1512.05953
1512.06003
1512.06012
1512.06045
1512.06225
1512.06258
1512.06272
1512.06308
1512.06380
1512.06401
1512.06410
1512.06419
1512.06511
1512.06534
1512.06574
1512.06690
1512.06753
1512.06765
1512.06779
1512.06839
1512.06868
1512.06894
1512.06921
1512.06935
1512.06946
1512.07115
1512.07134
1512.07189
1512.07204
1512.07231
1512.07301
1512.07382
1512.07436
1512.07452
1512.07547
1512.07747
1512.07814
1512.07824
1512.08034
1512.08090
1512.08261
1512.08264
1512.08345
1512.08382
1512.08389
1512.08400
1512.08695
1512.08696
1512.08753
1512.08786
1512.08878
1512.08904
1512.08929
1512.08932
1512.08946
1512.09033
1512.09069
1512.09205
1512.09222
1512.09249
1512.09277
1512.09343
1512.09362
1601.00010
1601.00153
1601.00179
1601.00267
1601.00351
1601.00388
1601.00562
1601.00576
1601.00685
1601.00775
1601.00842
1601.00872
1601.00914
1601.00928
1601.00950
1601.01031
1601.01158
1601.01159
1601.01161
1601.01361
1601.01366
1601.01433
1601.01496
1601.01595
1601.01616
1601.01665
1601.01724
1601.01835
1601.01913
1601.01948
1601.01991
1601.02094
1601.02193
1601.02202
1601.02205
1601.02243
1601.02373
1601.02391
1601.02393
1601.02483
1601.02526
1601.02528
1601.02529
1601.02530
1601.02591
1601.02672
1601.02688
1601.02771
1601.02810
1601.02813
1601.02863
1601.02873
1601.03012
1601.03033
1601.03081
1601.03100
1601.03114
1601.03227
1601.03284
1601.03424
1601.03433
1601.03451
1601.03473
1601.03506
1601.03525
1601.03572
1601.03607
1601.03622
1601.03656
1601.03665
1601.03669
1601.03680
1601.03705
1601.03752
1601.03795
1601.03825
1601.03934
1601.03938
1601.03952
1601.03954
1601.04045
1601.04133
1601.04146
1601.04195
1601.04201
1601.04250
1601.04370
1601.04415
1601.04480
1601.04493
1601.04510
1601.04680
1601.04697
1601.04754
1601.04769
1601.04782
1601.04785
1601.04838
1601.04840
1601.04886
1601.04904
1601.04905
1601.04938
1601.04946
1601.04970
1601.04988
1601.04999
1601.05009
1601.05032
1601.05123
1601.05160
1601.05180
1601.05212
1601.05287
1601.05324
1601.05348
1601.05412
1601.05450
1601.05491
1601.05515
1601.05577
1601.05579
1601.05781
1601.05918
1601.05924
1601.05939
1601.05941
1601.05990
1601.06030
1601.06122
1601.06141
1601.06318
1601.06361
1601.06378
1601.06387
1601.06388
1601.06445
1601.06480
1601.06509
1601.06512
1601.06547
1601.06671
1601.06674
1601.06737
1601.06765
1601.06833
1601.06839
1601.06867
1601.06879
1601.06902
1601.06996
1601.07039
1601.07058
1601.07066
1601.07109
1601.07132
1601.07158
1601.07161
1601.07281
1601.07293
1601.07316
1601.07323
1601.07348
1601.07419
1601.07466
1601.07541
1601.07583
1601.07829
1601.07838
1601.07839
1601.07887
1601.08006
1601.08020
1601.08029
1601.08240
1602.00176
1602.00208
1602.00283
1602.00308
1602.00311
1602.00314
1602.00336
1602.00343
1602.00400
1602.00403
1602.00529
1602.00545
1602.00589
1602.00666
1602.00738
1602.00743
1602.00752
1602.00780
1602.00837
1602.00934
1602.00972
1602.00999
1602.01011
1602.01036
1602.01085
1602.01233
1602.01286
1602.01297
1602.01299
1602.01303
1602.01307
1602.01431
1602.01591
1602.01596
1602.01610
1602.01630
1602.01631
1602.01727
1602.01749
1602.01750
1602.01758
1602.01776
1602.01780
1602.01803
1602.01807
1602.01880
1602.01894
1602.01903
1602.01924
1602.01980
1602.01984
1602.02126
1602.02271
1602.02319
1602.02326
1602.02342
1602.02360
1602.02361
1602.02407
1602.02440
1602.02475
1602.02484
1602.02541
1602.02576
1602.02592
1602.02632
1602.02796
1602.02814
1602.02825
1602.02835
1602.02844
1602.02906
1602.02984
1602.03042
1602.03087
1602.03115
1602.03118
1602.03140
1602.03144
1602.03148
1602.03165
1602.03198
1602.03221
1602.03239
1602.03292
1602.03384
1602.03399
1602.03453
1602.03473
1602.03486
1602.03500
1602.03515
1602.03555
1602.03578
1602.03582
1602.03583
1602.03662
1602.03700
1602.03715
1602.03761
1602.04012
1602.04063
1602.04096
1602.04097
1602.04106
1602.04149
1602.04244
1602.04245
1602.04248
1602.04253
1602.04317
1602.04327
1602.04347
1602.04517
1602.04545
1602.04730
1602.04731
1602.04920
1602.04998
1602.05041
1602.05111
1602.05343
1602.05463
1602.05472
1602.05507
1602.05614
1602.05662
1602.05676
1602.05745
1602.05850
1602.05862
1602.05888
1602.05974
1602.06069
1602.06075
1602.06110
1602.06160
1602.06173
1602.06208
1602.06237
1602.06244
1602.06282
1602.06320
1602.06330
1602.06445
1602.06451
1602.06473
1602.06530
1602.06532
1602.06538
1602.06572
1602.06597
1602.06608
1602.06614
1602.06617
1602.06706
1602.06715
1602.06724
1602.06813
1602.06843
1602.06899
1602.07021
1602.07162
1602.07187
1602.07256
1602.07426
1602.07431
1602.07508
1602.07510
1602.07885
1602.07916
1602.07987
1602.08129
1602.08203
1602.08231
1602.08236
1602.08354
1602.08359
1602.08592
1602.08659
1602.08698
1602.08827
1602.08859
1602.08922
1602.08924
1602.08934
1602.09004
1602.09012
1602.09016
1602.09037
1602.09051
1602.09097
1602.09106
1602.09119
1603.00004
1603.00080
1603.00161
1603.00206
1603.00207
1603.00374
1603.00399
1603.00401
1603.00534
1603.00640
1603.00672
1603.00673
1603.00681
1603.00684
1603.00739
1603.00743
1603.00760
1603.00763
1603.00774
1603.00813
1603.00839
1603.00855
1603.00889
1603.00956
1603.01018
1603.01049
1603.01081
1603.01175
1603.01198
1603.01283
1603.01296
1603.01306
1603.01349
1603.01467
1603.01494
1603.01495
1603.01498
1603.01671
1603.01705
1603.01783
1603.01828
1603.01831
1603.01949
1603.02154
1603.02391
1603.02468
1603.02473
1603.02536
1603.02660
1603.02789
1603.02884
1603.02890
1603.02911
1603.02914
1603.02952
1603.02954
1603.03003
1603.03056
1603.03134
1603.03191
1603.03194
1603.03241
1603.03271
1603.03340
1603.03398
1603.03520
1603.03547
1603.03554
1603.03604
1603.03631
1603.03700
1603.03720
1603.03753
1603.03765
1603.03789
1603.03800
1603.03811
1603.03813
1603.03832
1603.03881
1603.03910
1603.03913
1603.03983
1603.03986
1603.03991
1603.04076
1603.04086
1603.04095
1603.04123
1603.04145
1603.04187
1603.04231
1603.04246
1603.04289
1603.04352
1603.04382
1603.04434
1603.04489
1603.04528
1603.04558
1603.04561
1603.04563
1603.04691
1603.04692
1603.04693
1603.04831
1603.04948
1603.04974
1603.04977
1603.05086
1603.05126
1603.05155
1603.05178
1603.05233
1603.05303
1603.05352
1603.05475
1603.05539
1603.05608
1603.05676
1603.05786
1603.05810
1603.05811
1603.05815
1603.05857
1603.05948
1603.05991
1603.06030
1603.06089
1603.06103
1603.06122
1603.06161
1603.06176
1603.06205
1603.06249
1603.06267
1603.06269
1603.06307
1603.06357
1603.06491
1603.06518
1603.06553
1603.06623
1603.06630
1603.06725
1603.06771
1603.06827
1603.06837
1603.06874
1603.06893
1603.07035
1603.07060
1603.07067
1603.07079
1603.07088
1603.07171
1603.07212
1603.07238
1603.07349
1603.07395
1603.07436
1603.07487
1603.07489
1603.07613
1603.07696
1603.07708
1603.07716
1603.07780
1603.07799
1603.07817
1603.07826
1603.07831
1603.07863
1603.07884
1603.07912
1603.07914
1603.07922
1603.08097
1603.08138
1603.08209
1603.08227
1603.08230
1603.08316
1603.08332
1603.08360
1603.08402
1603.08420
1603.08479
1603.08493
1603.08533
1603.08540
1603.08562
1603.08623
1603.08640
1603.08660
1603.08711
1603.08808
1603.08901
1603.09101
1603.09236
1603.09250
1603.09261
1603.09262
1603.09287
1603.09304
1603.09310
1603.09404
1603.09407
1603.09412
1603.09556
1603.09646
1603.09684
1604.00115
1604.00193
1604.00222
1604.00281
1604.00284
1604.00295
1604.00445
1604.00517
1604.00610
1604.00622
1604.00638
1604.00660
1604.00661
1604.00747
1604.00765
1604.00766
1604.00811
1604.00920
1604.00941
1604.01007
1604.01041
1604.01057
1604.01106
1604.01152
1604.01153
1604.01155
1604.01173
1604.01256
1604.01462
1604.01514
1604.01562
1604.01583
1604.01630
1604.01658
1604.01704
1604.01750
1604.01902
1604.01938
1604.01977
1604.02019
1604.02033
1604.02036
1604.02067
1604.02104
1604.02136
1604.02165
1604.02206
1604.02305
1604.02329
1604.02361
1604.02410
1604.02413
1604.02419
1604.02443
1604.02497
1604.02502
1604.02529
1604.02622
1604.02654
1604.02709
1604.02740
1604.02822
1604.02896
1604.03004
1604.03015
1604.03216
1604.03224
1604.03354
1604.03433
1604.03439
1604.03496
1604.03509
1604.03707
1604.03787
1604.03837
1604.03849
1604.03885
1604.03897
1604.03965
1604.04023
1604.04123
1604.04174
1604.04209
1604.04238
1604.04243
1604.04253
1604.04328
1604.04341
1604.04356
1604.04396
1604.04415
1604.04463
1604.04481
1604.04508
1604.04557
1604.04563
1604.04564
1604.04571
1604.04652
1604.04719
1604.04720
1604.04775
1604.04826
1604.04916
1604.04918
1604.05019
1604.05041
1604.05043
1604.05069
1604.05105
1604.05155
1604.05197
1604.05223
1604.05294
1604.05334
1604.05345
1604.05359
1604.05410
1604.05531
1604.05533
1604.05601
1604.05608
1604.05741
1604.05777
1604.05806
1604.05821
1604.05822
1604.05949
1604.05989
1604.06024
1604.06032
1604.06098
1604.06124
1604.06136
1604.06155
1604.06280
1604.06337
1604.06411
1604.06413
1604.06586
1604.06606
1604.06612
1604.06755
1604.06903
1604.06930
1604.07089
1604.07216
1604.07495
1604.07542
1604.07566
1604.07613
1604.07664
1604.07739
1604.07746
1604.07774
1604.07791
1604.08000
1604.08015
1604.08027
1604.08049
1604.08195
1604.08216
1604.08241
1604.08303
1604.08378
1604.08469
1604.08488
1604.08494
1604.08510
1604.08543
1604.08551
1604.08666
1604.08670
1604.08713
1604.08717
1604.08719
1604.08857
1604.08918
1604.08940
1605.00072
1605.00088
1605.00092
1605.00131
1605.00266
1605.00291
1605.00311
1605.00343
1605.00351
1605.00375
1605.00378
1605.00487
1605.00501
1605.00511
1605.00587
1605.00615
1605.00663
1605.00744
1605.00805
1605.00813
1605.00819
1605.00847
1605.00859
1605.00945
1605.00987
1605.01026
1605.01145
1605.01260
1605.01277
1605.01294
1605.01332
1605.01481
1605.01506
1605.01575
1605.01588
1605.01868
1605.01877
1605.01887
1605.02162
1605.02198
1605.02254
1605.02258
1605.02275
1605.02328
1605.02354
1605.02361
1605.02364
1605.02398
1605.02434
1605.02440
1605.02478
1605.02490
1605.02538
1605.02567
1605.02604
1605.02634
1605.02637
1605.02664
1605.02668
1605.02717
1605.02727
1605.02787
1605.02841
1605.02920
1605.02940
1605.02961
1605.02994
1605.02999
1605.03074
1605.03117
1605.03147
1605.03168
1605.03172
1605.03220
1605.03347
1605.03375
1605.03427
1605.03450
1605.03474
1605.03630
1605.03638
1605.03695
1605.03717
1605.03756
1605.03792
1605.03900
1605.03907
1605.03936
1605.03943
1605.03988
1605.04081
1605.04084
1605.04235
1605.04338
1605.04371
1605.04376
1605.04480
1605.04537
1605.04548
1605.04628
1605.04630
1605.04637
1605.04671
1605.04708
1605.04728
1605.04757
1605.04801
1605.04933
1605.05065
1605.05130
1605.05198
1605.05204
1605.05240
1605.05265
1605.05310
1605.05346
1605.05398
1605.05400
1605.05512
1605.05536
1605.05540
1605.05568
1605.05584
1605.05625
1605.05634
1605.05765
1605.05916
1605.05927
1605.05939
1605.05945
1605.06037
1605.06079
1605.06297
1605.06425
1605.06440
1605.06484
1605.06628
1605.06631
1605.06632
1605.06739
1605.06948
1605.07054
1605.07092
1605.07126
1605.07216
1605.07229
1605.07263
1605.07330
1605.07424
1605.07553
1605.07615
1605.07639
1605.07726
1605.07746
1605.07749
1605.07765
1605.07802
1605.07806
1605.07953
1605.07992
1605.08020
1605.08063
1605.08065
1605.08169
1605.08245
1605.08344
1605.08382
1605.08421
1605.08884
1605.08904
1605.08929
1605.08990
1605.09036
1605.09044
1605.09135
1605.09179
1605.09204
1605.09205
1605.09228
1605.09292
1605.09323
1605.09360
1605.09363
1605.09428
1605.09431
1605.09487
1605.09508
1605.09541
1605.09600
1605.09617
1605.09659
1606.00067
1606.00152
1606.00267
1606.00300
1606.00328
1606.00358
1606.00376
1606.00461
1606.00482
1606.00598
1606.00616
1606.00640
1606.00643
1606.00645
1606.00680
1606.00706
1606.00760
1606.00853
1606.00855
1606.00860
1606.00869
1606.00898
1606.00914
1606.00943
1606.01029
1606.01053
1606.01098
1606.01131
1606.01140
1606.01294
1606.01321
1606.01463
1606.01600
1606.01605
1606.01637
1606.01691
1606.01715
1606.01796
1606.01921
1606.01986
1606.02044
1606.02056
1606.02063
1606.02083
1606.02104
1606.02117
1606.02267
1606.02320
1606.02341
1606.02354
1606.02357
1606.02388
1606.02399
1606.02406
1606.02524
1606.02639
1606.02803
1606.02874
1606.02904
1606.02978
1606.02991
1606.03049
1606.03128
1606.03172
1606.03320
1606.03447
1606.03495
1606.03505
1606.03579
1606.03591
1606.03618
1606.03635
1606.03726
1606.03733
1606.03789
1606.03791
1606.03806
1606.03837
1606.03845
1606.03881
1606.04049
1606.04065
1606.04119
1606.04137
1606.04299
1606.04338
1606.04368
1606.04374
1606.04376
1606.04392
1606.04441
1606.04482
1606.04533
1606.04611
1606.04673
1606.04708
1606.04770
1606.04850
1606.04877
1606.05011
1606.05039
1606.05063
1606.05155
1606.05195
1606.05271
1606.05367
1606.05398
1606.05495
1606.05502
1606.05594
1606.05630
1606.05722
1606.05726
1606.05779
1606.05852
1606.05880
1606.05958
1606.05971
1606.06064
1606.06074
1606.06103
1606.06122
1606.06228
1606.06325
1606.06342
1606.06362
1606.06390
1606.06396
1606.06398
1606.06482
1606.06535
1606.06554
1606.06597
1606.06703
1606.06781
1606.06874
1606.06923
1606.06929
1606.06984
1606.07012
1606.07053
1606.07165
1606.07178
1606.07216
1606.07249
1606.07334
1606.07408
1606.07427
1606.07596
1606.07622
1606.07727
1606.07750
1606.07782
1606.07844
1606.07867
1606.07911
1606.07944
1606.07966
1606.08021
1606.08034
1606.08037
1606.08039
1606.08042
1606.08110
1606.08245
1606.08327
1606.08420
1606.08432
1606.08434
1606.08540
1606.08598
1606.08616
1606.08690
1606.08872
1606.08944
1606.08982
1606.09069
1606.09074
1606.09109
1606.09164
1606.09238
1606.09240
1606.09309
1606.09312
1606.09320
1606.09418
1606.09496
1606.09553
1606.09575
1606.09597
1606.09618
1606.09623
1607.00088
1607.00153
1607.00469
1607.00523
1607.00576
1607.00586
1607.00670
1607.00709
1607.00736
1607.00904
1607.00997
1607.01006
1607.01069
1607.01082
1607.01108
1607.01141
1607.01197
1607.01218
1607.01258
1607.01276
1607.01303
1607.01412
1607.01424
1607.01428
1607.01530
1607.01548
1607.01557
1607.01588
1607.01814
1607.01832
1607.01882
1607.01920
1607.01978
1607.01982
1607.02019
1607.02044
1607.02081
1607.02122
1607.02129
1607.02430
1607.02483
1607.02543
1607.02564
1607.02575
1607.02602
1607.02614
1607.02701
1607.02863
1607.02910
1607.02956
1607.03007
1607.03027
1607.03064
1607.03078
1607.03187
1607.03196
1607.03199
1607.03261
1607.03288
1607.03297
1607.03414
1607.03442
1607.03499
1607.03511
1607.03531
1607.03612
1607.03670
1607.03769
1607.03809
1607.03824
1607.03846
1607.03887
1607.03997
1607.04044
1607.04048
1607.04113
1607.04145
1607.04170
1607.04211
1607.04467
1607.04471
1607.04558
1607.04658
1607.04692
1607.04698
1607.04699
1607.04750
1607.04764
1607.04769
1607.04852
1607.04888
1607.04948
1607.04975
1607.04991
1607.05053
1607.05394
1607.05517
1607.05549
1607.05595
1607.05629
1607.05651
1607.05718
1607.05740
1607.05772
1607.05773
1607.05889
1607.06039
1607.06196
1607.06276
1607.06366
1607.06380
1607.06545
1607.06573
1607.06607
1607.06625
1607.06681
1607.07011
1607.07050
1607.07112
1607.07164
1607.07212
1607.07214
1607.07235
1607.07265
1607.07276
1607.07386
1607.07529
1607.07586
1607.07682
1607.07729
1607.07813
1607.07827
1607.07843
1607.07860
1607.07951
1607.08053
1607.08272
1607.08283
1607.08319
1607.08399
1607.08418
1607.08521
1607.08563
1607.08602
1607.08648
1607.08713
1607.08745
1607.08816
1607.08837
1608.00024
1608.00055
1608.00158
1608.00166
1608.00193
1608.00257
1608.00315
1608.00384
1608.00392
1608.00740
1608.00767
1608.00795
1608.00803
1608.00851
1608.00873
1608.00922
1608.01014
1608.01152
1608.01246
1608.01249
1608.01361
1608.01371
1608.01390
1608.01412
1608.01414
1608.01614
1608.01655
1608.01656
1608.01714
1608.01727
1608.01765
1608.01784
1608.01919
1608.01938
1608.01969
1608.01992
1608.02022
1608.02177
1608.02296
1608.02317
1608.02322
1608.02354
1608.02417
1608.02455
1608.02470
1608.02472
1608.02697
1608.02703
1608.02720
1608.02759
1608.02775
1608.02788
1608.02817
1608.02846
1608.03014
1608.03112
1608.03174
1608.03209
1608.03256
1608.03328
1608.03330
1608.03382
1608.03416
1608.03522
1608.03534
1608.03601
1608.03670
1608.03692
1608.03721
1608.03728
1608.03796
1608.03809
1608.03810
1608.03840
1608.03857
1608.03915
1608.03935
1608.03957
1608.04047
1608.04111
1608.04125
1608.04146
1608.04196
1608.04206
1608.04326
1608.04393
1608.04419
1608.04547
1608.04606
1608.04718
1608.04780
1608.04835
1608.04858
1608.04891
1608.04916
1608.05008
1608.05039
1608.05157
1608.05285
1608.05371
1608.05382
1608.05405
1608.05449
1608.05458
1608.05462
1608.05544
1608.05651
1608.05697
1608.05746
1608.05820
1608.05849
1608.05858
1608.05880
1608.05882
1608.05898
1608.05912
1608.05918
1608.05925
1608.05938
1608.06032
1608.06059
1608.06086
1608.06106
1608.06112
1608.06137
1608.06160
1608.06185
1608.06346
1608.06401
1608.06423
1608.06568
1608.06570
1608.06593
1608.06614
1608.06737
1608.06742
1608.06784
1608.06810
1608.06834
1608.06847
1608.06854
1608.06864
1608.06868
1608.06877
1608.06928
1608.06976
1608.07032
1608.07063
1608.07142
1608.07234
1608.07236
1608.07317
1608.07350
1608.07422
1608.07446
1608.07474
1608.07477
1608.07527
1608.07549
1608.07643
1608.07656
1608.07735
1608.07835
1608.07842
1608.07887
1608.07936
1608.07987
1608.07992
1608.08030
1608.08044
1608.08078
1608.08132
1608.08270
1608.08289
1608.08296
1608.08302
1608.08319
1608.08322
1608.08374
1608.08426
1608.08433
1608.08493
1608.08528
1608.08554
1608.08555
1608.08560
1608.08588
1608.08604
1608.08647
1608.08672
1608.08690
1608.08764
1609.00027
1609.00071
1609.00231
1609.00299
1609.00400
1609.00410
1609.00440
1609.00509
1609.00525
1609.00738
1609.00820
1609.00949
1609.01058
1609.01133
1609.01197
1609.01212
1609.01213
1609.01224
1609.01262
1609.01315
1609.01343
1609.01362
1609.01386
1609.01411
1609.01429
1609.01630
1609.01658
1609.01700
1609.01817
1609.01838
1609.01905
1609.01928
1609.01939
1609.01950
1609.02024
1609.02119
1609.02122
1609.02273
1609.02292
1609.02515
1609.02524
1609.02528
1609.02539
1609.02724
1609.02771
1609.02803
1609.02833
1609.02837
1609.02852
1609.02858
1609.02967
1609.03012
1609.03031
1609.03036
1609.03070
1609.03087
1609.03091
1609.03134
1609.03162
1609.03187
1609.03188
1609.03221
1609.03263
1609.03305
1609.03349
1609.03398
1609.03435
1609.03491
1609.03504
1609.03588
1609.03616
1609.03633
1609.03660
1609.03682
1609.03694
1609.03738
1609.03781
1609.03872
1609.03919
1609.04002
1609.04140
1609.04146
1609.04154
1609.04223
1609.04262
1609.04313
1609.04330
1609.04391
1609.04458
1609.04486
1609.04490
1609.04578
1609.04588
1609.04607
1609.04615
1609.04715
1609.04717
1609.04731
1609.04750
1609.04792
1609.04795
1609.04797
1609.04807
1609.04923
1609.04924
1609.04929
1609.04974
1609.05000
1609.05091
1609.05127
1609.05272
1609.05324
1609.05363
1609.05386
1609.05409
1609.05451
1609.05500
1609.05557
1609.05569
1609.05778
1609.05826
1609.05843
1609.05863
1609.05950
1609.05965
1609.06066
1609.06067
1609.06097
1609.06172
1609.06184
1609.06342
1609.06370
1609.06391
1609.06414
1609.06433
1609.06481
1609.06489
1609.06497
1609.06531
1609.06563
1609.06588
1609.06621
1609.06687
1609.06696
1609.06740
1609.06780
1609.06895
1609.06902
1609.06947
1609.06965
1609.06986
1609.06999
1609.07076
1609.07162
1609.07209
1609.07211
1609.07218
1609.07276
1609.07295
1609.07319
1609.07610
1609.07627
1609.07669
1609.07677
1609.07800
1609.07802
1609.07862
1609.07865
1609.07879
1609.07926
1609.07934
1609.07935
1609.07938
1609.08053
1609.08100
1609.08122
1609.08183
1609.08207
1609.08233
1609.08273
1609.08279
1609.08282
1609.08549
1609.08570
1609.08578
1609.08602
1609.08702
1609.08720
1609.08724
1609.08742
1609.08745
1609.08775
1609.08788
1609.08795
1609.08826
1609.08852
1609.08872
1609.08873
1609.08937
1609.08939
1609.09002
1609.09057
1609.09133
1609.09153
1609.09168
1609.09182
1609.09186
1609.09264
1609.09285
1609.09302
1609.09319
1609.09334
1609.09336
1609.09356
1609.09379
1609.09628
1609.09724
1609.09770
1609.09787
1609.09793
1609.09842
1610.00108
1610.00128
1610.00164
1610.00166
1610.00226
1610.00230
1610.00247
1610.00367
1610.00424
1610.00487
1610.00488
1610.00540
1610.00567
1610.00733
1610.00770
1610.00807
1610.00950
1610.00965
1610.01011
1610.01061
1610.01063
1610.01110
1610.01195
1610.01228
1610.01311
1610.01329
1610.01335
1610.01341
1610.01368
1610.01462
1610.01487
1610.01583
1610.01672
1610.01689
1610.01868
1610.01932
1610.01943
1610.01964
1610.01981
1610.02006
1610.02157
1610.02161
1610.02315
1610.02340
1610.02368
1610.02371
1610.02439
1610.02504
1610.02541
1610.02545
1610.02559
1610.02750
1610.02754
1610.02774
1610.02978
1610.03277
1610.03340
1610.03385
1610.03430
1610.03465
1610.03528
1610.03552
1610.03593
1610.03693
1610.03799
1610.03858
1610.03870
1610.03883
1610.03900
1610.03984
1610.04026
1610.04044
1610.04048
1610.04117
1610.04253
1610.04271
1610.04295
1610.04341
1610.04415
1610.04505
1610.04750
1610.04819
1610.04839
1610.04865
1610.04885
1610.04969
1610.04977
1610.05087
1610.05107
1610.05157
1610.05180
1610.05242
1610.05274
1610.05340
1610.05344
1610.05380
1610.05381
1610.05387
1610.05480
1610.05483
1610.05588
1610.05600
1610.05674
1610.05684
1610.05720
1610.05723
1610.05748
1610.05759
1610.05804
1610.05827
1610.05840
1610.05853
1610.05921
1610.05928
1610.05935
1610.05938
1610.05964
1610.05976
1610.05979
1610.06005
1610.06120
1610.06148
1610.06304
1610.06331
1610.06374
1610.06376
1610.06387
1610.06388
1610.06440
1610.06668
1610.06808
1610.06837
1610.06841
1610.06878
1610.06879
1610.06900
1610.06935
1610.07058
1610.07065
1610.07077
1610.07227
1610.07260
1610.07269
1610.07322
1610.07352
1610.07395
1610.07440
1610.07471
1610.07486
1610.07539
1610.07652
1610.07658
1610.07668
1610.07712
1610.07716
1610.07776
1610.07782
1610.07793
1610.07794
1610.07817
1610.07845
1610.07904
1610.07945
1610.07946
1610.07967
1610.07971
1610.08007
1610.08075
1610.08109
1610.08299
1610.08377
1610.08391
1610.08410
1610.08551
1610.08671
1610.08726
1610.08729
1610.08849
1610.08863
1610.08913
1610.09065
1610.09084
1610.09107
1610.09165
1610.09208
1610.09304
1610.09361
1610.09393
1610.09467
1610.09541
1610.09627
1610.09666
1610.09674
1610.09690
1610.09706
1610.09711
1610.09754
1610.09821
1610.09822
1610.09830
1610.09870
1610.09920
1610.10017
1611.00057
1611.00278
1611.00417
1611.00485
1611.00529
1611.00553
1611.00571
1611.00720
1611.00828
1611.00957
1611.01044
1611.01077
1611.01094
1611.01192
1611.01215
1611.01248
1611.01253
1611.01274
1611.01288
1611.01329
1611.01358
1611.01428
1611.01464
1611.01497
1611.01570
1611.01621
1611.01685
1611.01718
1611.01720
1611.01921
1611.01949
1611.01955
1611.01999
1611.02060
1611.02082
1611.02092
1611.02111
1611.02142
1611.02217
1611.02423
1611.02424
1611.02425
1611.02475
1611.02582
1611.02601
1611.02649
1611.02668
1611.02727
1611.02746
1611.02822
1611.02832
1611.02880
1611.02922
1611.02953
1611.02983
1611.03043
1611.03045
1611.03172
1611.03302
1611.03310
1611.03574
1611.03685
1611.03705
1611.03804
1611.03919
1611.03975
1611.04031
1611.04102
1611.04103
1611.04115
1611.04314
1611.04356
1611.04385
1611.04498
1611.04539
1611.04664
1611.04673
1611.04721
1611.04754
1611.04839
1611.04856
1611.04910
1611.05251
1611.05258
1611.05341
1611.05349
1611.05513
1611.05551
1611.05562
1611.05567
1611.05595
1611.05623
1611.05647
1611.05671
1611.05702
1611.05719
1611.05773
1611.05901
1611.05979
1611.06084
1611.06116
1611.06291
1611.06332
1611.06398
1611.06405
1611.06411
1611.06414
1611.06428
1611.06470
1611.06491
1611.06628
1611.06630
1611.06635
1611.06783
1611.06899
1611.06918
1611.06930
1611.06960
1611.06967
1611.07088
1611.07121
1611.07146
1611.07251
1611.07269
1611.07287
1611.07384
1611.07415
1611.07458
1611.07646
1611.07647
1611.07686
1611.07713
1611.07820
1611.07840
1611.08019
1611.08044
1611.08126
1611.08128
1611.08180
1611.08181
1611.08244
1611.08312
1611.08421
1611.08477
1611.08498
1611.08565
1611.08566
1611.08585
1611.08646
1611.08693
1611.08720
1611.08722
1611.08806
1611.08810
1611.08863
1611.08969
1611.08977
1611.09054
1611.09092
1611.09198
1611.09276
1611.09315
1611.09338
1611.09398
1611.09425
1611.09429
1611.09582
1611.09679
1611.09681
1611.09683
1611.09757
1611.09765
1611.09806
1611.09889
1611.09977
1611.09985
1611.10037
1611.10103
1611.10116
1611.10186
1611.10188
1611.10220
1611.10259
1611.10325
1611.10337
1612.00051
1612.00058
1612.00073
1612.00087
1612.00105
1612.00139
1612.00208
1612.00382
1612.00487
1612.00539
1612.00719
1612.00765
1612.00870
1612.00897
1612.00925
1612.00970
1612.01076
1612.01143
1612.01146
1612.01157
1612.01164
1612.01207
1612.01212
1612.01226
1612.01328
1612.01394
1612.01440
1612.01468
1612.01469
1612.01599
1612.01760
1612.01766
1612.01817
1612.01924
1612.01929
1612.01960
1612.02134
1612.02144
1612.02171
1612.02622
1612.02778
1612.02845
1612.02847
1612.02938
1612.03095
1612.03116
1612.03136
1612.03229
1612.03292
1612.03332
1612.03340
1612.03351
1612.03358
1612.03367
1612.03411
1612.03489
1612.03534
1612.03693
1612.03743
1612.03768
1612.03774
1612.03810
1612.03837
1612.03841
1612.04071
1612.04137
1612.04237
1612.04300
1612.04306
1612.04325
1612.04441
1612.04443
1612.04539
1612.04548
1612.04549
1612.04766
1612.04778
1612.04879
1612.04886
1612.04906
1612.05008
1612.05017
1612.05078
1612.05081
1612.05186
1612.05232
1612.05354
1612.05382
1612.05423
1612.05438
1612.05495
1612.05526
1612.05682
1612.05737
1612.05782
1612.05869
1612.05905
1612.05931
1612.05935
1612.05993
1612.05997
1612.06187
1612.06210
1612.06213
1612.06260
1612.06268
1612.06318
1612.06456
1612.06523
1612.06531
1612.06563
1612.06577
1612.06625
1612.06652
1612.06700
1612.06713
1612.06717
1612.06948
1612.06993
1612.07033
1612.07158
1612.07565
1612.07569
1612.07574
1612.07711
1612.07819
1612.07898
1612.07982
1612.08008
1612.08028
1612.08035
1612.08146
1612.08158
1612.08186
1612.08215
1612.08219
1612.08307
1612.08309
1612.08376
1612.08475
1612.08559
1612.08561
1612.08575
1612.08592
1612.08627
1612.08659
1612.08721
1612.08722
1612.08725
1612.08865
1612.09032
1612.09054
1612.09108
1612.09168
1612.09173
1612.09176
1612.09232
1612.09237
1612.09249
1612.09285
1612.09348
1612.09359
1612.09362
1612.09407
1612.09428
1612.09467
1612.09481
1612.09544
1612.09546
1612.09590
1701.00044
1701.00127
1701.00254
1701.00265
1701.00278
1701.00321
1701.00333
1701.00340
1701.00385
1701.00388
1701.00389
1701.00391
1701.00525
1701.00611
1701.00655
1701.00698
1701.00729
1701.00738
1701.00772
1701.00839
1701.00915
1701.01023
1701.01024
1701.01038
1701.01042
1701.01108
1701.01129
1701.01157
1701.01160
1701.01174
1701.01178
1701.01230
1701.01330
1701.01387
1701.01493
1701.01516
1701.01584
1701.01642
1701.01762
1701.01766
1701.01813
1701.01890
1701.01898
1701.01915
1701.01927
1701.01969
1701.01970
1701.01978
1701.01986
1701.02018
1701.02115
1701.02135
1701.02162
1701.02178
1701.02207
1701.02286
1701.02458
1701.02466
1701.02515
1701.02525
1701.02538
1701.02548
1701.02551
1701.02602
1701.02604
1701.02605
1701.02618
1701.02674
1701.02686
1701.02687
1701.02707
1701.02772
1701.02834
1701.02838
1701.02841
1701.02945
1701.02964
1701.02974
1701.02975
1701.03189
1701.03217
1701.03225
1701.03662
1701.03688
1701.03721
1701.03723
1701.03724
1701.03725
1701.03726
1701.03727
1701.03744
1701.03771
1701.03901
1701.03929
1701.04092
1701.04098
1701.04369
1701.04380
1701.04450
1701.04475
1701.04495
1701.04509
1701.04526
1701.04541
1701.04552
1701.04609
1701.04615
1701.04633
1701.04718
1701.04883
1701.04942
1701.04978
1701.05017
1701.05031
1701.05126
1701.05169
1701.05267
1701.05643
1701.05721
1701.05729
1701.05841
1701.05915
1701.05980
1701.06022
1701.06024
1701.06040
1701.06065
1701.06192
1701.06257
1701.06377
1701.06378
1701.06380
1701.06489
1701.06601
1701.06608
1701.06614
1701.06651
1701.06722
1701.06732
1701.06773
1701.06794
1701.06842
1701.06857
1701.06881
1701.06897
1701.07016
1701.07074
1701.07082
1701.07119
1701.07157
1701.07259
1701.07276
1701.07278
1701.07433
1701.07460
1701.07507
1701.07528
1701.07546
1701.07551
1701.07584
1701.07652
1701.07742
1701.07846
1701.07864
1701.07915
1701.07947
1701.07979
1701.08323
1701.08351
1701.08436
1701.08503
1701.08504
1701.08603
1701.08733
1701.08788
1701.08822
1701.08871
1701.08940
1701.09051
1701.09068
1701.09070
1701.09073
1701.09080
1701.09152
1701.09163
1702.00092
1702.00121
1702.00163
1702.00165
1702.00263
1702.00289
1702.00291
1702.00297
1702.00453
1702.00471
1702.00558
1702.00802
1702.00807
1702.00919
1702.01003
1702.01071
1702.01197
1702.01249
1702.01259
1702.01316
1702.01377
1702.01448
1702.01470
1702.01627
1702.01640
1702.01653
1702.01683
1702.01684
1702.01694
1702.01855
1702.01883
1702.01915
1702.01950
1702.01976
1702.01985
1702.02128
1702.02192
1702.02255
1702.02290
1702.02325
1702.02327
1702.02544
1702.02569
1702.02629
1702.02635
1702.02669
1702.02687
1702.02731
1702.02755
1702.02908
1702.03017
1702.03028
1702.03236
1702.03403
1702.03434
1702.03462
1702.03516
1702.03558
1702.03611
1702.03701
1702.03709
1702.03718
1702.03777
1702.03819
1702.03860
1702.03868
1702.03869
1702.03881
1702.03983
1702.04041
1702.04072
1702.04090
1702.04099
1702.04166
1702.04200
1702.04286
1702.04382
1702.04499
1702.04579
1702.04590
1702.04620
1702.04631
1702.04644
1702.04708
1702.04717
1702.04760
1702.04839
1702.04963
1702.05004
1702.05061
1702.05080
1702.05131
1702.05179
1702.05329
1702.05378
1702.05424
1702.05442
1702.05497
1702.05534
1702.05610
1702.05819
1702.06019
1702.06037
1702.06068
1702.06170
1702.06243
1702.06310
1702.06339
1702.06413
1702.06419
1702.06420
1702.06422
1702.06487
1702.06494
1702.06507
1702.06611
1702.06684
1702.06752
1702.06757
1702.06999
1702.07017
1702.07084
1702.07107
1702.07135
1702.07177
1702.07249
1702.07296
1702.07363
1702.07365
1702.07407
1702.07417
1702.07457
1702.07610
1702.07650
1702.07697
1702.07738
1702.07812
1702.07827
1702.07848
1702.07917
1702.08066
1702.08102
1702.08136
1702.08215
1702.08271
1702.08321
1702.08358
1702.08401
1702.08403
1702.08500
1702.08507
1702.08550
1702.08599
1702.08851
1702.08854
1703.00003
1703.00004
1703.00038
1703.00059
1703.00108
1703.00165
1703.00254
1703.00261
1703.00414
1703.00652
1703.00684
1703.00700
1703.00742
1703.00823
1703.00826
1703.00885
1703.00990
1703.01010
1703.01036
1703.01080
1703.01133
1703.01191
1703.01215
1703.01343
1703.01385
1703.01414
1703.01563
1703.01589
1703.01627
1703.01677
1703.01710
1703.01786
1703.01834
1703.01837
1703.01863
1703.01940
1703.01955
1703.01993
1703.02006
1703.02120
1703.02127
1703.02133
1703.02148
1703.02163
1703.02172
1703.02187
1703.02215
1703.02289
1703.02322
1703.02325
1703.02347
1703.02381
1703.02388
1703.02407
1703.02481
1703.02597
1703.02631
1703.02633
1703.02705
1703.02709
1703.02713
1703.02844
1703.02848
1703.02951
1703.02954
1703.03110
1703.03185
1703.03217
1703.03242
1703.03258
1703.03309
1703.03332
1703.03368
1703.03381
1703.03461
1703.03490
1703.03516
1703.03568
1703.03708
1703.03784
1703.03891
1703.03918
1703.03956
1703.03961
1703.03968
1703.04063
1703.04118
1703.04154
1703.04172
1703.04188
1703.04193
1703.04248
1703.04269
1703.04287
1703.04424
1703.04470
1703.04715
1703.04817
1703.04847
1703.04904
1703.04921
1703.04938
1703.04950
1703.04953
1703.05058
1703.05125
1703.05200
1703.05265
1703.05365
1703.05420
1703.05434
1703.05450
1703.05460
1703.05599
1703.05677
1703.05720
1703.05729
1703.05909
1703.05915
1703.06075
1703.06089
1703.06148
1703.06219
1703.06235
1703.06401
1703.06451
1703.06479
1703.06524
1703.06530
1703.06550
1703.06622
1703.06654
1703.06673
1703.06701
1703.06722
1703.06803
1703.06842
1703.06865
1703.06965
1703.06973
1703.06974
1703.07010
1703.07016
1703.07064
1703.07066
1703.07241
1703.07263
1703.07268
1703.07295
1703.07299
1703.07344
1703.07471
1703.07504
1703.07525
1703.07614
1703.07663
1703.07672
1703.07842
1703.07888
1703.07944
1703.07951
1703.08032
1703.08047
1703.08145
1703.08147
1703.08194
1703.08275
1703.08312
1703.08315
1703.08334
1703.08344
1703.08419
1703.08427
1703.08473
1703.08554
1703.08563
1703.08601
1703.08616
1703.08765
1703.08779
1703.08785
1703.08827
1703.08842
1703.08854
1703.08863
1703.08868
1703.08891
1703.08967
1703.08998
1703.09003
1703.09015
1703.09077
1703.09088
1703.09151
1703.09190
1703.09204
1703.09251
1703.09292
1703.09410
1703.09526
1703.09549
1703.09597
1703.09633
1703.09837
1703.09855
1703.09905
1703.09985
1703.10015
1703.10047
1703.10076
1703.10115
1703.10132
1703.10347
1703.10370
1703.10384
1703.10411
1703.10441
1703.10477
1703.10478
1703.10546
1703.10555
1703.10582
1703.10659
1703.10776
1703.10917
1703.10947
1703.10953
1704.00055
1704.00151
1704.00221
1704.00291
1704.00314
1704.00335
1704.00359
1704.00432
1704.00442
1704.00467
1704.00473
1704.00502
1704.00555
1704.00569
1704.00600
1704.00619
1704.00627
1704.00701
1704.00882
1704.00902
1704.00982
1704.01098
1704.01234
1704.01317
1704.01340
1704.01374
1704.01410
1704.01666
1704.01684
1704.01729
1704.01738
1704.01753
1704.01762
1704.01850
1704.01874
1704.01908
1704.01958
1704.02056
1704.02106
1704.02115
1704.02204
1704.02234
1704.02290
1704.02305
1704.02306
1704.02376
1704.02498
1704.02514
1704.02570
1704.02640
1704.02661
1704.02667
1704.02668
1704.02859
1704.02881
1704.02885
1704.02995
1704.03021
1704.03089
1704.03109
1704.03124
1704.03200
1704.03426
1704.03434
1704.03449
1704.03451
1704.03506
1704.03511
1704.03515
1704.03542
1704.03545
1704.03622
1704.03637
1704.03771
1704.03887
1704.04025
1704.04049
1704.04051
1704.04183
1704.04292
1704.04419
1704.04476
1704.04606
1704.04691
1704.04694
1704.04734
1704.04831
1704.04893
1704.04916
1704.04964
1704.04965
1704.04972
1704.05130
1704.05191
1704.05200
1704.05253
1704.05277
1704.05595
1704.05636
1704.05834
1704.05872
1704.05897
1704.05898
1704.05953
1704.06103
1704.06158
1704.06232
1704.06255
1704.06387
1704.06419
1704.06453
1704.06472
1704.06478
1704.06608
1704.06628
1704.06636
1704.06655
1704.06758
1704.06891
1704.06930
1704.06941
1704.07017
1704.07126
1704.07135
1704.07243
1704.07440
1704.07608
1704.07701
1704.07735
1704.07849
1704.07940
1704.07965
1704.07979
1704.08060
1704.08108
1704.08120
1704.08147
1704.08156
1704.08358
1704.08511
1704.08649
1704.08826
1704.08971
1705.00044
1705.00189
1705.00272
1705.00308
1705.00384
1705.00388
1705.00401
1705.00473
1705.00531
1705.00562
1705.00649
1705.00667
1705.00710
1705.00758
1705.00804
1705.00839
1705.00853
1705.00901
1705.01060
1705.01074
1705.01221
1705.01226
1705.01238
1705.01241
1705.01244
1705.01363
1705.01380
1705.01381
1705.01382
1705.01400
1705.01445
1705.01647
1705.01663
1705.01712
1705.01805
1705.01880
1705.01885
1705.01999
1705.02080
1705.02158
1705.02316
1705.02404
1705.02442
1705.02485
1705.02597
1705.02605
1705.02606
1705.02618
1705.02717
1705.02993
1705.03011
1705.03034
1705.03054
1705.03184
1705.03262
1705.03316
1705.03328
1705.03344
1705.03488
1705.03494
1705.03596
1705.03671
1705.03709
1705.03786
1705.03857
1705.03904
1705.04115
1705.04183
1705.04255
1705.04256
1705.04283
1705.04303
1705.04338
1705.04344
1705.04360
1705.04372
1705.04457
1705.04471
1705.04526
1705.04529
1705.04572
1705.04595
1705.04648
1705.04703
1705.04723
1705.04760
1705.04771
1705.04831
1705.04873
1705.04912
1705.04913
1705.04965
1705.04978
1705.05044
1705.05127
1705.05128
1705.05163
1705.05167
1705.05169
1705.05198
1705.05210
1705.05331
1705.05341
1705.05361
1705.05488
1705.05505
1705.05586
1705.05594
1705.05612
1705.05626
1705.05730
1705.05743
1705.05880
1705.05929
1705.06032
1705.06066
1705.06087
1705.06088
1705.06109
1705.06122
1705.06128
1705.06136
1705.06222
1705.06236
1705.06349
1705.06367
1705.06393
1705.06468
1705.06486
1705.06525
1705.06581
1705.06660
1705.06682
1705.06801
1705.07110
1705.07145
1705.07268
1705.07277
1705.07308
1705.07322
1705.07444
1705.07484
1705.07498
1705.07504
1705.07514
1705.07546
1705.07557
1705.07559
1705.07584
1705.07701
1705.07734
1705.07823
1705.07865
1705.07932
1705.08005
1705.08034
1705.08102
1705.08149
1705.08159
1705.08191
1705.08212
1705.08225
1705.08232
1705.08353
1705.08363
1705.08375
1705.08626
1705.08714
1705.08777
1705.08846
1705.08979
1705.09006
1705.09034
1705.09038
1705.09133
1705.09194
1705.09229
1705.09244
1705.09248
1705.09251
1705.09377
1705.09432
1705.09703
1705.09729
1705.09741
1705.09742
1705.09795
1705.09969
1705.10106
1705.10148
1705.10214
1705.10401
1705.10433
1705.10460
1705.10700
1705.10727
1705.10740
1705.10905
1705.10933
1706.00075
1706.00110
1706.00151
1706.00187
1706.00201
1706.00317
1706.00343
1706.00362
1706.00392
1706.00393
1706.00407
1706.00521
1706.00525
1706.00564
1706.00698
1706.00739
1706.00952
1706.00964
1706.01008
1706.01009
1706.01068
1706.01101
1706.01111
1706.01181
1706.01245
1706.01391
1706.01571
1706.01626
1706.01767
1706.01781
1706.01814
1706.01889
1706.01959
1706.02144
1706.02180
1706.02382
1706.02470
1706.02638
1706.02678
1706.02691
1706.02706
1706.02771
1706.02848
1706.02860
1706.02925
1706.03002
1706.03020
1706.03036
1706.03089
1706.03120
1706.03124
1706.03166
1706.03185
1706.03198
1706.03302
1706.03336
1706.03350
1706.03417
1706.03422
1706.03433
1706.03435
1706.03445
1706.03478
1706.03525
1706.03569
1706.03617
1706.03651
1706.03668
1706.03726
1706.03738
1706.03749
1706.03751
1706.03755
1706.03854
1706.03985
1706.03988
1706.04006
1706.04028
1706.04049
1706.04086
1706.04101
1706.04160
1706.04170
1706.04173
1706.04174
1706.04233
1706.04331
1706.04377
1706.04378
1706.04392
1706.04515
1706.04517
1706.04531
1706.04565
1706.04593
1706.04619
1706.04734
1706.04747
1706.04776
1706.04801
1706.04850
1706.04877
1706.04878
1706.04888
1706.04952
1706.04963
1706.04977
1706.04988
1706.05013
1706.05167
1706.05190
1706.05230
1706.05300
1706.05352
1706.05363
1706.05450
1706.05480
1706.05588
1706.05589
1706.05651
1706.05667
1706.05675
1706.05710
1706.05728
1706.05782
1706.05824
1706.05874
1706.05887
1706.05895
1706.05919
1706.05936
1706.05969
1706.06048
1706.06063
1706.06162
1706.06323
1706.06364
1706.06394
1706.06398
1706.06427
1706.06453
1706.06573
1706.06618
1706.06679
1706.06712
1706.06807
1706.06958
1706.07009
1706.07019
1706.07159
1706.07241
1706.07280
1706.07287
1706.07319
1706.07343
1706.07354
1706.07364
1706.07373
1706.07380
1706.07453
1706.07458
1706.07596
1706.07631
1706.07645
1706.07728
1706.07770
1706.07885
1706.07921
1706.07954
1706.07998
1706.08023
1706.08154
1706.08223
1706.08228
1706.08308
1706.08424
1706.08447
1706.08469
1706.08472
1706.08552
1706.08636
1706.08646
1706.08710
1706.08816
1706.08869
1706.08929
1706.08949
1706.08950
1706.09058
1706.09102
1706.09136
1706.09139
1706.09178
1706.09218
1706.09246
1706.09320
1706.09341
1706.09342
1706.09426
1706.09600
1706.09680
1706.09681
1706.09740
1706.09765
1706.09803
1706.09804
1706.09987
1706.10028
1706.10073
1706.10079
1706.10093
1706.10206
1706.10245
1706.10294
1706.10296
1707.00091
1707.00113
1707.00119
1707.00154
1707.00179
1707.00213
1707.00353
1707.00364
1707.00371
1707.00412
1707.00427
1707.00557
1707.00634
1707.00635
1707.00689
1707.00719
1707.00752
1707.00771
1707.00789
1707.00801
1707.00831
1707.00900
1707.01013
1707.01133
1707.01158
1707.01230
1707.01236
1707.01314
1707.01315
1707.01318
1707.01440
1707.01445
1707.01485
1707.01576
1707.01622
1707.01692
1707.01693
1707.01770
1707.01850
1707.01894
1707.01896
1707.01924
1707.02012
1707.02037
1707.02113
1707.02183
1707.02257
1707.02366
1707.02404
1707.02493
1707.02498
1707.02501
1707.02508
1707.02615
1707.02628
1707.02674
1707.02703
1707.02712
1707.02728
1707.02893
1707.02977
1707.03079
1707.03231
1707.03281
1707.03285
1707.03448
1707.03639
1707.03680
1707.03860
1707.03894
1707.03901
1707.04042
1707.04049
1707.04070
1707.04094
1707.04177
1707.04286
1707.04305
1707.04355
1707.04369
1707.04379
1707.04382
1707.04432
1707.04451
1707.04502
1707.04522
1707.04627
1707.04646
1707.04658
1707.04746
1707.04793
1707.04801
1707.04804
1707.04814
1707.04839
1707.04861
1707.04890
1707.04965
1707.05002
1707.05008
1707.05029
1707.05037
1707.05049
1707.05094
1707.05112
1707.05249
1707.05255
1707.05302
1707.05349
1707.05437
1707.05516
1707.05679
1707.05700
1707.05716
1707.05751
1707.05766
1707.05874
1707.05877
1707.05941
1707.05977
1707.06014
1707.06019
1707.06047
1707.06091
1707.06117
1707.06134
1707.06187
1707.06223
1707.06345
1707.06417
1707.06495
1707.06517
1707.06528
1707.06531
1707.06582
1707.06673
1707.06677
1707.06678
1707.06696
1707.06708
1707.06736
1707.06771
1707.06816
1707.06870
1707.06877
1707.06893
1707.07018
1707.07027
1707.07183
1707.07227
1707.07229
1707.07231
1707.07249
1707.07307
1707.07308
1707.07314
1707.07315
1707.07366
1707.07458
1707.07475
1707.07519
1707.07726
1707.07748
1707.07776
1707.07790
1707.07808
1707.07817
1707.07945
1707.08062
1707.08075
1707.08178
1707.08268
1707.08330
1707.08338
1707.08393
1707.08590
1707.08592
1707.08610
1707.08667
1707.08857
1707.08890
1707.08937
1707.08996
1707.09001
1707.09048
1707.09151
1707.09330
1707.09464
1707.09473
1707.09477
1707.09512
1707.09537
1707.09581
1707.09685
1707.09707
1707.09712
1707.09719
1707.09721
1707.09846
1707.09925
1708.00030
1708.00040
1708.00044
1708.00051
1708.00115
1708.00144
1708.00217
1708.00318
1708.00344
1708.00393
1708.00564
1708.00620
1708.00652
1708.00677
1708.00928
1708.00944
1708.00951
1708.01070
1708.01166
1708.01192
1708.01213
1708.01220
1708.01278
1708.01287
1708.01351
1708.01421
1708.01588
1708.01701
1708.01711
1708.01782
1708.01807
1708.01905
1708.01940
1708.01957
1708.02236
1708.02305
1708.02381
1708.02466
1708.02558
1708.02567
1708.02569
1708.02610
1708.02613
1708.02616
1708.02656
1708.02671
1708.02725
1708.02785
1708.02874
1708.02969
1708.03003
1708.03013
1708.03014
1708.03036
1708.03037
1708.03093
1708.03145
1708.03176
1708.03189
1708.03354
1708.03405
1708.03563
1708.03652
1708.03663
1708.03742
1708.03785
1708.03804
1708.03836
1708.03930
1708.03953
1708.04026
1708.04065
1708.04122
1708.04197
1708.04213
1708.04265
1708.04266
1708.04269
1708.04288
1708.04380
1708.04395
1708.04415
1708.04484
1708.04494
1708.04505
1708.04507
1708.04561
1708.04582
1708.04713
1708.04800
1708.04841
1708.04877
1708.04885
1708.04932
1708.04939
1708.05266
1708.05415
1708.05478
1708.05503
1708.05511
1708.05540
1708.05547
1708.05577
1708.05949
1708.05976
1708.06106
1708.06143
1708.06174
1708.06221
1708.06264
1708.06267
1708.06282
1708.06479
1708.06527
1708.06554
1708.06599
1708.06705
1708.06812
1708.06827
1708.06862
1708.06951
1708.06953
1708.06955
1708.07015
1708.07119
1708.07184
1708.07210
1708.07263
1708.07275
1708.07276
1708.07316
1708.07317
1708.07396
1708.07434
1708.07464
1708.07475
1708.07896
1708.07899
1708.07978
1708.07998
1708.08009
1708.08036
1708.08085
1708.08096
1708.08164
1708.08210
1708.08290
1708.08357
1708.08402
1708.08403
1708.08406
1708.08410
1708.08445
1708.08482
1708.08486
1708.08506
1708.08525
1708.08547
1708.08566
1708.08590
1708.08599
1708.08629
1708.08684
1708.08783
1708.08950
1708.09095
1708.09100
1708.09120
1708.09205
1708.09216
1708.09239
1708.09262
1708.09271
1708.09275
1708.09432
1708.09445
1708.09478
1708.09483
1708.09685
1708.09746
1708.09822
1709.00022
1709.00080
1709.00087
1709.00209
1709.00335
1709.00400
1709.00459
1709.00473
1709.00476
1709.00499
1709.00510
1709.00534
1709.00606
1709.00676
1709.00677
1709.00760
1709.00761
1709.00820
1709.00859
1709.00935
1709.00987
1709.00998
1709.01022
1709.01138
1709.01170
1709.01204
1709.01352
1709.01365
1709.01485
1709.01663
1709.01680
1709.01814
1709.01835
1709.01963
1709.01987
1709.01995
1709.02041
1709.02088
1709.02229
1709.02283
1709.02411
1709.02442
1709.02485
1709.02507
1709.02634
1709.02682
1709.02761
1709.02772
1709.02954
1709.02979
1709.03094
1709.03097
1709.03141
1709.03213
1709.03228
1709.03281
1709.03294
1709.03380
1709.03389
1709.03396
1709.03398
1709.03403
1709.03550
1709.03605
1709.03633
1709.03880
1709.04076
1709.04080
1709.04082
1709.04104
1709.04143
1709.04235
1709.04357
1709.04428
1709.04440
1709.04501
1709.04559
1709.04674
1709.04719
1709.04799
1709.04829
1709.05126
1709.05192
1709.05194
1709.05220
1709.05224
1709.05286
1709.05331
1709.05332
1709.05333
1709.05334
1709.05335
1709.05337
1709.05388
1709.05508
1709.05513
1709.05536
1709.05539
1709.05540
1709.05615
1709.05651
1709.05698
1709.05699
1709.05734
1709.05762
1709.05779
1709.05780
1709.05781
1709.06006
1709.06046
1709.06098
1709.06168
1709.06189
1709.06221
1709.06334
1709.06337
1709.06388
1709.06430
1709.06432
1709.06455
1709.06465
1709.06612
1709.06651
1709.06697
1709.06732
1709.06790
1709.06900
1709.06913
1709.06929
1709.06931
1709.06982
1709.07170
1709.07187
1709.07312
1709.07317
1709.07343
1709.07475
1709.07589
1709.07609
1709.07640
1709.07847
1709.07906
1709.07910
1709.07994
1709.07999
1709.08000
1709.08026
1709.08033
1709.08035
1709.08105
1709.08121
1709.08190
1709.08192
1709.08449
1709.08453
1709.08550
1709.08551
1709.08593
1709.08708
1709.08751
1709.08867
1709.08917
1709.08960
1709.09114
1709.09285
1709.09288
1709.09326
1709.09476
1709.09621
1709.09637
1709.09639
1709.09738
1709.09752
1709.09790
1709.09813
1709.09914
1709.09934
1709.10023
1709.10098
1709.10137
1709.10189
1709.10306
1709.10362
1710.00071
1710.00088
1710.00124
1710.00137
1710.00225
1710.00294
1710.00331
1710.00347
1710.00360
1710.00362
1710.00363
1710.00423
1710.00430
1710.00438
1710.00563
1710.00573
1710.00603
1710.00628
1710.00687
1710.00737
1710.00793
1710.00812
1710.00900
1710.00905
1710.00914
1710.00916
1710.00928
1710.00930
1710.00970
1710.01036
1710.01038
1710.01091
1710.01130
1710.01195
1710.01321
1710.01350
1710.01388
1710.01389
1710.01498
1710.01517
1710.01560
1710.01572
1710.01673
1710.01677
1710.01765
1710.01848
1710.01864
1710.01866
1710.01911
1710.01939
1710.01970
1710.02042
1710.02057
1710.02112
1710.02117
1710.02125
1710.02190
1710.02244
1710.02257
1710.02287
1710.02344
1710.02354
1710.02377
1710.02395
1710.02505
1710.02596
1710.02629
1710.02777
1710.02781
1710.02789
1710.02831
1710.02938
1710.02995
1710.02996
1710.03026
1710.03052
1710.03221
1710.03415
1710.03448
1710.03461
1710.03523
1710.03547
1710.03596
1710.03624
1710.03635
1710.03662
1710.03865
1710.03985
1710.04025
1710.04039
1710.04072
1710.04086
1710.04092
1710.04180
1710.04241
1710.04247
1710.04303
1710.04320
1710.04332
1710.04388
1710.04554
1710.04557
1710.04568
1710.04577
1710.04602
1710.04697
1710.04705
1710.04779
1710.04798
1710.04865
1710.04887
1710.04898
1710.04956
1710.04962
1710.05001
1710.05058
1710.05147
1710.05165
1710.05228
1710.05264
1710.05278
1710.05324
1710.05428
1710.05532
1710.05548
1710.05580
1710.05665
1710.05687
1710.05707
1710.05737
1710.05960
1710.06003
1710.06023
1710.06095
1710.06131
1710.06135
1710.06145
1710.06153
1710.06203
1710.06211
1710.06252
1710.06379
1710.06510
1710.06653
1710.06663
1710.06821
1710.06834
1710.06935
1710.06962
1710.07049
1710.07181
1710.07230
1710.07250
1710.07261
1710.07357
1710.07587
1710.07767
1710.07768
1710.07777
1710.07870
1710.07912
1710.07943
1710.07944
1710.07969
1710.08201
1710.08252
1710.08353
1710.08399
1710.08403
1710.08497
1710.08507
1710.08544
1710.08643
1710.08674
1710.08763
1710.08885
1710.08888
1710.08914
1710.08990
1710.09043
1710.09050
1710.09067
1710.09113
1710.09133
1710.09156
1710.09194
1710.09214
1710.09217
1710.09313
1710.09316
1710.09487
1710.09638
1710.09760
1710.09769
1710.09869
1710.09873
1710.09891
1710.09987
1710.10025
1710.10134
1710.10156
1710.10228
1710.10316
1710.10362
1710.10491
1710.10517
1710.10681
1710.10693
1710.10726
1710.10819
1710.10840
1710.10849
1710.10875
1710.10884
1710.10915
1710.10942
1710.10966
1710.11116
1710.11243
1710.11367
1710.11382
1710.11449
1710.11484
1710.11492
1710.11614
1711.00125
1711.00145
1711.00172
1711.00174
1711.00176
1711.00180
1711.00184
1711.00186
1711.00230
1711.00269
1711.00293
1711.00327
1711.00341
1711.00353
1711.00412
1711.00456
1711.00459
1711.00490
1711.00500
1711.00569
1711.00710
1711.00743
1711.00850
1711.00980
1711.01207
1711.01355
1711.01390
1711.01460
1711.01473
1711.01475
1711.01507
1711.01516
1711.01541
1711.01584
1711.01680
1711.01697
1711.01706
1711.01722
1711.01733
1711.01827
1711.01829
1711.01908
1711.01949
1711.02015
1711.02025
1711.02089
1711.02118
1711.02139
1711.02170
1711.02189
1711.02229
1711.02243
1711.02379
1711.02418
1711.02431
1711.02432
1711.02461
1711.02472
1711.02491
1711.02492
1711.02497
1711.02603
1711.02628
1711.02762
1711.02839
1711.02871
1711.02903
1711.02983
1711.02988
1711.02990
1711.03001
1711.03054
1711.03057
1711.03196
1711.03200
1711.03393
1711.03452
1711.03501
1711.03505
1711.03593
1711.03621
1711.03721
1711.03769
1711.03785
1711.03932
1711.03944
1711.04010
1711.04062
1711.04109
1711.04110
1711.04111
1711.04183
1711.04233
1711.04244
1711.04257
1711.04298
1711.04588
1711.04649
1711.04668
1711.04684
1711.04746
1711.04797
1711.04813
1711.04885
1711.05118
1711.05181
1711.05231
1711.05281
1711.05335
1711.05358
1711.05361
1711.05437
1711.05500
1711.05546
1711.05554
1711.05564
1711.05673
1711.05793
1711.05811
1711.05842
1711.05846
1711.05924
1711.06058
1711.06063
1711.06132
1711.06239
1711.06242
1711.06243
1711.06280
1711.06283
1711.06314
1711.06326
1711.06345
1711.06392
1711.06407
1711.06410
1711.06422
1711.06436
1711.06442
1711.06456
1711.06481
1711.06619
1711.06669
1711.06671
1711.06749
1711.06847
1711.06858
1711.06898
1711.06950
1711.06957
1711.06965
1711.07047
1711.07122
1711.07123
1711.07178
1711.07281
1711.07554
1711.07573
1711.07703
1711.07706
1711.07711
1711.07896
1711.07996
1711.08087
1711.08089
1711.08107
1711.08162
1711.08215
1711.08288
1711.08306
1711.08395
1711.08396
1711.08539
1711.08559
1711.08578
1711.08610
1711.08663
1711.08729
1711.08791
1711.08812
1711.08843
1711.08881
1711.08907
1711.08928
1711.09035
1711.09225
1711.09596
1711.09736
1711.09864
1711.09940
1711.09943
1711.09961
1711.10112
1711.10375
1711.10397
1711.10409
1711.10451
1711.10519
1711.10557
1711.10571
1711.10582
1711.10764
1711.10808
1711.10842
1711.10843
1711.11060
1711.11062
1711.11159
1711.11276
1711.11533
1711.11545
1712.00071
1712.00147
1712.00228
1712.00363
1712.00608
1712.00611
1712.00669
1712.00737
1712.00741
1712.00761
1712.00880
1712.00890
1712.00976
1712.00980
1712.01029
1712.01271
1712.01335
1712.01372
1712.01407
1712.01422
1712.01450
1712.01463
1712.01465
1712.01519
1712.01601
1712.01681
1712.01717
1712.02019
1712.02028
1712.02082
1712.02095
1712.02108
1712.02113
1712.02148
1712.02199
1712.02255
1712.02262
1712.02315
1712.02437
1712.02456
1712.02775
1712.02897
1712.02906
1712.03004
1712.03015
1712.03173
1712.03187
1712.03258
1712.03318
1712.03397
1712.03500
1712.03624
1712.03629
1712.03693
1712.03708
1712.03758
1712.03761
1712.03775
1712.03799
1712.03800
1712.03875
1712.03947
1712.03990
1712.04027
1712.04051
1712.04181
1712.04214
1712.04345
1712.04365
1712.04425
1712.04438
1712.04491
1712.04745
1712.04887
1712.04905
1712.04921
1712.05047
1712.05065
1712.05088
1712.05195
1712.05258
1712.05268
1712.05503
1712.05528
1712.05623
1712.05763
1712.05858
1712.06010
1712.06030
1712.06123
1712.06135
1712.06249
1712.06363
1712.06370
1712.06502
1712.06769
1712.06770
1712.06821
1712.06824
1712.06831
1712.06876
1712.06929
1712.06969
1712.07105
1712.07179
1712.07182
1712.07208
1712.07243
1712.07338
1712.07358
1712.07368
1712.07516
1712.07533
1712.07594
1712.07602
1712.07723
1712.07780
1712.07823
1712.07824
1712.07890
1712.08026
1712.08038
1712.08080
1712.08112
1712.08174
1712.08251
1712.08346
1712.08392
1712.08435
1712.08552
1712.08666
1712.08686
1712.08725
1712.08810
1712.08812
1712.08840
1712.08844
1712.08886
1712.08950
1712.09019
1712.09021
1712.09047
1712.09085
1712.09091
1712.09120
1712.09130
1712.09155
1712.09193
1712.09212
1712.09226
1712.09234
1712.09290
1712.09341
1712.09346
1712.09355
1712.09487
1712.09595
1712.09723
1712.09829
1712.09861
1712.09976
1712.10052
1712.10138
1712.10142
1712.10150
1712.10160
1801.00153
1801.00158
1801.00210
1801.00229
1801.00265
1801.00291
1801.00311
1801.00353
1801.00392
1801.00429
1801.00440
1801.00486
1801.00517
1801.00582
1801.00638
1801.00771
1801.00838
1801.00875
1801.00921
1801.00979
1801.01027
1801.01055
1801.01062
1801.01186
1801.01189
1801.01240
1801.01347
1801.01440
1801.01526
1801.01542
1801.01588
1801.01605
1801.01619
1801.01674
1801.01766
1801.01779
1801.01813
1801.01819
1801.01906
1801.01925
1801.01938
1801.02145
1801.02146
1801.02152
1801.02212
1801.02213
1801.02228
1801.02231
1801.02232
1801.02282
1801.02283
1801.02406
1801.02564
1801.02664
1801.02772
1801.02831
1801.02873
1801.02885
1801.02910
1801.02913
1801.03056
1801.03057
1801.03070
1801.03082
1801.03134
1801.03165
1801.03215
1801.03221
1801.03341
1801.03432
1801.03491
1801.03647
1801.03653
1801.03654
1801.03735
1801.03807
1801.03881
1801.03925
1801.04020
1801.04214
1801.04236
1801.04392
1801.04444
1801.04481
1801.04483
1801.04605
1801.04614
1801.04682
1801.04713
1801.04717
1801.04719
1801.04770
1801.04817
1801.04836
1801.04955
1801.05262
1801.05355
1801.05380
1801.05381
1801.05555
1801.05562
1801.05677
1801.05701
1801.05740
1801.05751
1801.05762
1801.05779
1801.05880
1801.05914
1801.05928
1801.06002
1801.06089
1801.06110
1801.06182
1801.06214
1801.06244
1801.06245
1801.06384
1801.06572
1801.06686
1801.06770
1801.06906
1801.06916
1801.06961
1801.06990
1801.07010
1801.07094
1801.07120
1801.07135
1801.07155
1801.07179
1801.07322
1801.07383
1801.07415
1801.07464
1801.07553
1801.07561
1801.07565
1801.07570
1801.07611
1801.07658
1801.07678
1801.07754
1801.07816
1801.07858
1801.07924
1801.07949
1801.07956
1801.07982
1801.08014
1801.08046
1801.08174
1801.08260
1801.08333
1801.08460
1801.08462
1801.08475
1801.08492
1801.08593
1801.08632
1801.08728
1801.08733
1801.08765
1801.08820
1801.08848
1801.09003
1801.09012
1801.09147
1801.09160
1801.09181
1801.09285
1801.09374
1801.09404
1801.09416
1801.09498
1801.09590
1801.09591
1801.09895
1801.09976
1801.10072
1801.10074
1801.10139
1801.10179
1801.10184
1801.10276
1801.10334
1801.10479
1801.10536
1801.10590
1802.00001
1802.00085
1802.00089
1802.00291
1802.00299
1802.00305
1802.00318
1802.00525
1802.00531
1802.00605
1802.00780
1802.00792
1802.00886
1802.00896
1802.01066
1802.01213
1802.01215
1802.01244
1802.01260
1802.01299
1802.01362
1802.01374
1802.01397
1802.01473
1802.01506
1802.01629
1802.01637
1802.01739
1802.01762
1802.01764
1802.01793
1802.01909
1802.01944
1802.01977
1802.02023
1802.02042
1802.02072
1802.02111
1802.02192
1802.02200
1802.02386
1802.02454
1802.02470
1802.02637
1802.02659
1802.02676
1802.02684
1802.02708
1802.02901
1802.02958
1802.03073
1802.03081
1802.03131
1802.03173
1802.03204
1802.03233
1802.03261
1802.03299
1802.03317
1802.03357
1802.03377
1802.03413
1802.03437
1802.03561
1802.03658
1802.03823
1802.03896
1802.03946
1802.04006
1802.04330
1802.04344
1802.04384
1802.04419
1802.04482
1802.04503
1802.04616
1802.04682
1802.04976
1802.04996
1802.04999
1802.05066
1802.05111
1802.05154
1802.05180
1802.05260
1802.05309
1802.05455
1802.05542
1802.05544
1802.05684
1802.05708
1802.05894
1802.05897
1802.05923
1802.06145
1802.06188
1802.06193
1802.06208
1802.06273
1802.06405
1802.06427
1802.06429
1802.06460
1802.06776
1802.06909
1802.06968
1802.06978
1802.06987
1802.06989
1802.07083
1802.07136
1802.07154
1802.07178
1802.07290
1802.07306
1802.07336
1802.07388
1802.07396
1802.07485
1802.07514
1802.07526
1802.07558
1802.07577
1802.07604
1802.07609
1802.07624
1802.07662
1802.07792
1802.07811
1802.07919
1802.07932
1802.07948
1802.08090
1802.08105
1802.08185
1802.08207
1802.08281
1802.08297
1802.08329
1802.08348
1802.08349
1802.08374
1802.08444
1802.08450
1802.08508
1802.08524
1802.08527
1802.08529
1802.08532
1802.08537
1802.08559
1802.08653
1802.08764
1802.08791
1802.08856
1802.08964
1802.08999
1802.09060
1802.09066
1802.09074
1802.09090
1802.09195
1802.09214
1802.09309
1802.09378
1802.09410
1802.09452
1802.09489
1802.09496
1802.09507
1802.09599
1802.09645
1802.09701
1802.09704
1802.09740
1802.09849
1802.09970
1802.10012
1802.10064
1802.10193
1802.10210
1802.10278
1802.10327
1802.10486
1802.10502
1802.10504
1802.10521
1802.10562
1803.00221
1803.00292
1803.00324
1803.00362
1803.00434
1803.00495
1803.00507
1803.00514
1803.00527
1803.00542
1803.00619
1803.00674
1803.00760
1803.01230
1803.01396
1803.01406
1803.01408
1803.01414
1803.01435
1803.01584
1803.01603
1803.01610
1803.01689
1803.01830
1803.01925
1803.01975
1803.01976
1803.01981
1803.01987
1803.02022
1803.02056
1803.02067
1803.02069
1803.02165
1803.02178
1803.02183
1803.02217
1803.02314
1803.02467
1803.02515
1803.02535
1803.02573
1803.02616
1803.02654
1803.02693
1803.02754
1803.02823
1803.02970
1803.03013
1803.03028
1803.03160
1803.03218
1803.03228
1803.03291
1803.03339
1803.03351
1803.03377
1803.03460
1803.03574
1803.03698
1803.03722
1803.03871
1803.03912
1803.03928
1803.03952
1803.04047
1803.04063
1803.04064
1803.04071
1803.04104
1803.04146
1803.04201
1803.04206
1803.04280
1803.04529
1803.04533
1803.04583
1803.04589
1803.04637
1803.04705
1803.04835
1803.04875
1803.04914
1803.04946
1803.05096
1803.05141
1803.05236
1803.05308
1803.05394
1803.05703
1803.05743
1803.05758
1803.05786
1803.05800
1803.05816
1803.05857
1803.05895
1803.05943
1803.05953
1803.05954
1803.06016
1803.06072
1803.06095
1803.06227
1803.06261
1803.06394
1803.06481
1803.06700
1803.06849
1803.06859
1803.06903
1803.06932
1803.06968
1803.07017
1803.07146
1803.07169
1803.07345
1803.07421
1803.07451
1803.07457
1803.07460
1803.07553
1803.07727
1803.07804
1803.08011
1803.08023
1803.08029
1803.08140
1803.08210
1803.08349
1803.08357
1803.08379
1803.08437
1803.08438
1803.08477
1803.08524
1803.08585
1803.08699
1803.08751
1803.08755
1803.08774
1803.08778
1803.08785
1803.08851
1803.08905
1803.08916
1803.08964
1803.09054
1803.09131
1803.09187
1803.09245
1803.09262
1803.09268
1803.09270
1803.09291
1803.09306
1803.09392
1803.09445
1803.09604
1803.09614
1803.09705
1803.09738
1803.10001
1803.10051
1803.10102
1803.10151
1803.10223
1803.10224
1803.10250
1803.10273
1803.10307
1803.10325
1803.10373
1803.10434
1803.10498
1803.10550
1803.10555
1803.10559
1803.10607
1803.10728
1803.10732
1803.10775
1803.10811
1803.10816
1803.10834
1803.10935
1803.10973
1803.11001
1803.11003
1803.11061
1803.11066
1803.11074
1803.11081
1803.11092
1803.11441
1803.11442
1804.00032
1804.00085
1804.00136
1804.00221
1804.00228
1804.00275
1804.00321
1804.00343
1804.00418
1804.00542
1804.00573
1804.00580
1804.00603
1804.00648
1804.00690
1804.00692
1804.00700
1804.00767
1804.00913
1804.00992
1804.01152
1804.01292
1804.01337
1804.01360
1804.01395
1804.01445
1804.01450
1804.01553
1804.01602
1804.01664
1804.01733
1804.01800
1804.01902
1804.01916
1804.02488
1804.02500
1804.02570
1804.02669
1804.02695
1804.02844
1804.02848
1804.02849
1804.02924
1804.03047
1804.03285
1804.03559
1804.03566
1804.03654
1804.03785
1804.03873
1804.03941
1804.04063
1804.04114
1804.04129
1804.04161
1804.04198
1804.04234
1804.04246
1804.04296
1804.04319
1804.04455
1804.04613
1804.04646
1804.04717
1804.04891
1804.05047
1804.05222
1804.05247
1804.05297
1804.05332
1804.05385
1804.05552
1804.05561
1804.05568
1804.05587
1804.05643
1804.05768
1804.05819
1804.05859
1804.05884
1804.05985
1804.06053
1804.06084
1804.06118
1804.06279
1804.06290
1804.06292
1804.06356
1804.06400
1804.06402
1804.06418
1804.06486
1804.06499
1804.06515
1804.06524
1804.06608
1804.06677
1804.06777
1804.06860
1804.06975
1804.06977
1804.07021
1804.07104
1804.07108
1804.07109
1804.07176
1804.07225
1804.07227
1804.07282
1804.07367
1804.07397
1804.07446
1804.07560
1804.07567
1804.07589
1804.07627
1804.07659
1804.07671
1804.07702
1804.07721
1804.07749
1804.07783
1804.07904
1804.07929
1804.07930
1804.07936
1804.07989
1804.07996
1804.08068
1804.08100
1804.08106
1804.08115
1804.08119
1804.08129
1804.08210
1804.08232
1804.08235
1804.08483
1804.08556
1804.08763
1804.08826
1804.08849
1804.08863
1804.09063
1804.09084
1804.09485
1804.09527
1804.09594
1804.09615
1804.09628
1804.09702
1804.09839
1804.09847
1804.09850
1804.09892
1804.09922
1804.10081
1804.10165
1804.10195
1804.10453
1804.10561
1804.10713
1804.10773
1804.10802
1804.10901
1804.10913
1804.10929
1804.10963
1804.10993
1804.11015
1804.11277
1804.11318
1805.00072
1805.00075
1805.00093
1805.00131
1805.00133
1805.00209
1805.00230
1805.00244
1805.00392
1805.00522
1805.00544
1805.00633
1805.00639
1805.00724
1805.00750
1805.00865
1805.00974
1805.00995
1805.01103
1805.01119
1805.01121
1805.01196
1805.01254
1805.01400
1805.01429
1805.01504
1805.01508
1805.01666
1805.01885
1805.01998
1805.01999
1805.02064
1805.02071
1805.02076
1805.02112
1805.02126
1805.02225
1805.02428
1805.02467
1805.02573
1805.02615
1805.02756
1805.02863
1805.02905
1805.02913
1805.02945
1805.02978
1805.03003
1805.03029
1805.03038
1805.03097
1805.03186
1805.03238
1805.03331
1805.03361
1805.03434
1805.03484
1805.03548
1805.03605
1805.03611
1805.03713
1805.03850
1805.03881
1805.04042
1805.04046
1805.04085
1805.04137
1805.04233
1805.04292
1805.04330
1805.04353
1805.04480
1805.04486
1805.04489
1805.04598
1805.04618
1805.04640
1805.04892
1805.04963
1805.04974
1805.05015
1805.05080
1805.05114
1805.05123
1805.05207
1805.05386
1805.05438
1805.05450
1805.05454
1805.05490
1805.05496
1805.05549
1805.05626
1805.05632
1805.05678
1805.05697
1805.05862
1805.05893
1805.05933
1805.06026
1805.06108
1805.06134
1805.06186
1805.06269
1805.06279
1805.06309
1805.06560
1805.06575
1805.06733
1805.06831
1805.06914
1805.07081
1805.07105
1805.07121
1805.07127
1805.07163
1805.07167
1805.07245
1805.07261
1805.07292
1805.07461
1805.07530
1805.07668
1805.07750
1805.07751
1805.07787
1805.07811
1805.07927
1805.07967
1805.07990
1805.08007
1805.08029
1805.08049
1805.08056
1805.08103
1805.08375
1805.08383
1805.08448
1805.08471
1805.08475
1805.08579
1805.08648
1805.08759
1805.08770
1805.08811
1805.08851
1805.08869
1805.08873
1805.08900
1805.08910
1805.08938
1805.08996
1805.09008
1805.09188
1805.09225
1805.09312
1805.09373
1805.09500
1805.09630
1805.09636
1805.09671
1805.09709
1805.09729
1805.09761
1805.09777
1805.09794
1805.09809
1805.10104
1805.10151
1805.10223
1805.10303
1805.10361
1805.10436
1805.10452
1805.10468
1805.10496
1805.10501
1805.10551
1805.10569
1805.10580
1805.10709
1805.10715
1805.10739
1805.10830
1805.10873
1805.10877
1805.10897
1805.10937
1805.11066
1805.11071
1805.11072
1805.11114
1805.11152
1805.11153
1805.11205
1805.11261
1805.11319
1805.11502
1805.11552
1805.11585
1805.11657
1805.11658
1805.11904
1805.11922
1805.12231
1805.12335
1805.12337
1805.12339
1805.12374
1805.12464
1805.12537
1805.12538
1805.12566
1805.12588
1806.00152
1806.00191
1806.00199
1806.00296
1806.00331
1806.00355
1806.00356
1806.00368
1806.00432
1806.00517
1806.00579
1806.00596
1806.00618
1806.00647
1806.00651
1806.00708
1806.00726
1806.00846
1806.00867
1806.00887
1806.00946
1806.01149
1806.01153
1806.01158
1806.01187
1806.01208
1806.01302
1806.01372
1806.01404
1806.01408
1806.01585
1806.01586
1806.01612
1806.01614
1806.01691
1806.01697
1806.01751
1806.01887
1806.01959
1806.01961
1806.02049
1806.02105
1806.02135
1806.02231
1806.02235
1806.02244
1806.02250
1806.02262
1806.02513
1806.02560
1806.02685
1806.02699
1806.02721
1806.02735
1806.02777
1806.02914
1806.02928
1806.02946
1806.03123
1806.03137
1806.03180
1806.03216
1806.03217
1806.03289
1806.03324
1806.03415
1806.03559
1806.03642
1806.03670
1806.03826
1806.03919
1806.03998
1806.04125
1806.04174
1806.04240
1806.04267
1806.04340
1806.04424
1806.04478
1806.04653
1806.04654
1806.04679
1806.04749
1806.04783
1806.04785
1806.04791
1806.04837
1806.04850
1806.04930
1806.04934
1806.04944
1806.04948
1806.04980
1806.04984
1806.05002
1806.05039
1806.05175
1806.05207
1806.05373
1806.05402
1806.05416
1806.05459
1806.05508
1806.05515
1806.05659
1806.05709
1806.05712
1806.05739
1806.05834
1806.05853
1806.05869
1806.05955
1806.05968
1806.05988
1806.05993
1806.06023
1806.06245
1806.06250
1806.06289
1806.06379
1806.06543
1806.06565
1806.06587
1806.06807
1806.06832
1806.07022
1806.07091
1806.07214
1806.07352
1806.07515
1806.07560
1806.07636
1806.07641
1806.07762
1806.07776
1806.07849
1806.07869
1806.07888
1806.07981
1806.08192
1806.08335
1806.08352
1806.08411
1806.08429
1806.08469
1806.08480
1806.08631
1806.08697
1806.08707
1806.08726
1806.08729
1806.08902
1806.08996
1806.09008
1806.09034
1806.09142
1806.09150
1806.09238
1806.09264
1806.09299
1806.09441
1806.09446
1806.09467
1806.09480
1806.09577
1806.09600
1806.09615
1806.09767
1806.09874
1806.09875
1806.09920
1806.09985
1806.10022
1806.10053
1806.10136
1806.10239
1806.10243
1806.10292
1806.10326
1806.10336
1806.10372
1806.10473
1806.10510
1806.10528
1806.10563
1806.10723
1806.10763
1806.10786
1806.10789
1806.10844
1806.10856
1806.10882
1806.10888
1806.10896
1806.11022
1806.11052
1806.11054
1806.11079
1806.11131
1806.11261
1806.11280
1806.11331
1806.11337
1806.11359
1806.11437
1806.11473
1806.11492
1806.11528
1806.11540
1806.11563
1807.00025
1807.00041
1807.00105
1807.00391
1807.00406
1807.00411
1807.00444
1807.00466
1807.00508
1807.00648
1807.00707
1807.00711
1807.00716
1807.00749
1807.00797
1807.00892
1807.00972
1807.01074
1807.01086
1807.01158
1807.01181
1807.01365
1807.01382
1807.01506
1807.01561
1807.01665
1807.01734
1807.01744
1807.01896
1807.01937
1807.02158
1807.02195
1807.02220
1807.02379
1807.02454
1807.02499
1807.02506
1807.02573
1807.02579
1807.02605
1807.02721
1807.02744
1807.02823
1807.02832
1807.02844
1807.02912
1807.02955
1807.02972
1807.03038
1807.03050
1807.03243
1807.03301
1807.03349
1807.03519
1807.03529
1807.03607
1807.03761
1807.03775
1807.03883
1807.03884
1807.03957
1807.03987
1807.03988
1807.04116
1807.04124
1807.04153
1807.04310
1807.04383
1807.04394
1807.04506
1807.04515
1807.04576
1807.04736
1807.04744
1807.04747
1807.04816
1807.04860
1807.04916
1807.05023
1807.05255
1807.05368
1807.05454
1807.05495
1807.05714
1807.05804
1807.05820
1807.05875
1807.05877
1807.05897
1807.05946
1807.06130
1807.06218
1807.06347
1807.06512
1807.06648
1807.06710
1807.06791
1807.06930
1807.06971
1807.07008
1807.07109
1807.07204
1807.07210
1807.07241
1807.07249
1807.07266
1807.07338
1807.07341
1807.07370
1807.07394
1807.07518
1807.07604
1807.07605
1807.07607
1807.07630
1807.07648
1807.07703
1807.07708
1807.07748
1807.07783
1807.07890
1807.07995
1807.08051
1807.08232
1807.08554
1807.08613
1807.08777
1807.08817
1807.08899
1807.08947
1807.08986
1807.08995
1807.09019
1807.09070
1807.09344
1807.09410
1807.09435
1807.09569
1807.09573
1807.09646
1807.09675
1807.09909
1807.09921
1807.09927
1807.09997
1807.10010
1807.10011
1807.10047
1807.10082
1807.10116
1807.10121
1807.10122
1807.10125
1807.10150
1807.10200
1807.10223
1807.10313
1807.10488
1807.10604
1807.10743
1807.10862
1807.10918
1807.10974
1807.10998
1807.11044
1807.11065
1807.11092
1807.11093
1807.11128
1807.11201
1807.11273
1807.11385
1807.11449
1807.11466
1807.11517
1807.11642
1807.11645
1807.11693
1807.11885
1808.00012
1808.00029
1808.00124
1808.00188
1808.00227
1808.00243
1808.00280
1808.00374
1808.00401
1808.00413
1808.00431
1808.00572
1808.00706
1808.00713
1808.00719
1808.00722
1808.00837
1808.00839
1808.00844
1808.00855
1808.00879
1808.00890
1808.01049
1808.01136
1808.01195
1808.01264
1808.01289
1808.01318
1808.01430
1808.01441
1808.01496
1808.01559
1808.01580
1808.01584
1808.01593
1808.01689
1808.01695
1808.01705
1808.01710
1808.01763
1808.02148
1808.02203
1808.02262
1808.02263
1808.02306
1808.02311
1808.02331
1808.02382
1808.02583
1808.02849
1808.02878
1808.02879
1808.02887
1808.02936
1808.02947
1808.03110
1808.03146
1808.03213
1808.03224
1808.03235
1808.03290
1808.03443
1808.03451
1808.03487
1808.03493
1808.03638
1808.03673
1808.03732
1808.03846
1808.03901
1808.03923
1808.03939
1808.03964
1808.04001
1808.04015
1808.04034
1808.04157
1808.04304
1808.04431
1808.04520
1808.04539
1808.04588
1808.04678
1808.04717
1808.04726
1808.04917
1808.04923
1808.04944
1808.05146
1808.05243
1808.05349
1808.05354
1808.05398
1808.05460
1808.05479
1808.05501
1808.05526
1808.05680
1808.05749
1808.05845
1808.06037
1808.06056
1808.06145
1808.06182
1808.06196
1808.06285
1808.06330
1808.06512
1808.06527
1808.06557
1808.06653
1808.06665
1808.06745
1808.06782
1808.06831
1808.06851
1808.07070
1808.07084
1808.07184
1808.07203
1808.07424
1808.07550
1808.07676
1808.07726
1808.07881
1808.07900
1808.07994
1808.08455
1808.08465
1808.08479
1808.08699
1808.08752
1808.08835
1808.08938
1808.08944
1808.09007
1808.09021
1808.09065
1808.09230
1808.09247
1808.09303
1808.09313
1808.09358
1808.09365
1808.09433
1808.09503
1808.09504
1808.09667
1808.09674
1808.09719
1808.09724
1808.09750
1808.09876
1808.09880
1808.09932
1808.09944
1808.09956
1808.09991
1808.10027
1808.10058
1808.10060
1808.10187
1808.10214
1808.10286
1808.10357
1808.10414
1808.10440
1808.10531
1808.10573
1808.10803
1809.00047
1809.00112
1809.00192
1809.00194
1809.00278
1809.00360
1809.00456
1809.00483
1809.00520
1809.00533
1809.00579
1809.00617
1809.00666
1809.00679
1809.00735
1809.00789
1809.00848
1809.01010
1809.01012
1809.01013
1809.01214
1809.01237
1809.01324
1809.01409
1809.01440
1809.01469
1809.01532
1809.01688
1809.01762
1809.01767
1809.01811
1809.01815
1809.01841
1809.01861
1809.01880
1809.01935
1809.01950
1809.02001
1809.02037
1809.02106
1809.02155
1809.02185
1809.02278
1809.02295
1809.02363
1809.02423
1809.02430
1809.02483
1809.02484
1809.02518
1809.02584
1809.02708
1809.02738
1809.02752
1809.02829
1809.02832
1809.02833
1809.02913
1809.02938
1809.02944
1809.02990
1809.03033
1809.03038
1809.03061
1809.03067
1809.03134
1809.03178
1809.03180
1809.03280
1809.03328
1809.03365
1809.03424
1809.03440
1809.03444
1809.03524
1809.03642
1809.03649
1809.03673
1809.03729
1809.03802
1809.03830
1809.03859
1809.04010
1809.04030
1809.04065
1809.04114
1809.04122
1809.04181
1809.04244
1809.04286
1809.04304
1809.04316
1809.04591
1809.04628
1809.04636
1809.04645
1809.04670
1809.04692
1809.04767
1809.04823
1809.04826
1809.04827
1809.04881
1809.04883
1809.04888
1809.05016
1809.05122
1809.05137
1809.05141
1809.05211
1809.05217
1809.05226
1809.05302
1809.05399
1809.05416
1809.05432
1809.05463
1809.05625
1809.05672
1809.05690
1809.05750
1809.05755
1809.05829
1809.05982
1809.06063
1809.06089
1809.06158
1809.06159
1809.06177
1809.06236
1809.06251
1809.06548
1809.06586
1809.06598
1809.06603
1809.06633
1809.06696
1809.06791
1809.06818
1809.06837
1809.06920
1809.06921
1809.06947
1809.07167
1809.07293
1809.07370
1809.07404
1809.07421
1809.07478
1809.07492
1809.07538
1809.07543
1809.07584
1809.07605
1809.07645
1809.07705
1809.07714
1809.07755
1809.07796
1809.07809
1809.07848
1809.07881
1809.07973
1809.07982
1809.08000
1809.08041
1809.08062
1809.08355
1809.08389
1809.08431
1809.08475
1809.08497
1809.08512
1809.08515
1809.08623
1809.08642
1809.08655
1809.08690
1809.08693
1809.08699
1809.09066
1809.09167
1809.09176
1809.09199
1809.09285
1809.09320
1809.09360
1809.09435
1809.09440
1809.09461
1809.09507
1809.09579
1809.09597
1809.09604
1809.09656
1809.09662
1809.09670
1809.09704
1809.09710
1809.09742
1809.09743
1809.09822
1809.09856
1809.09936
1809.09992
1809.10004
1809.10067
1809.10072
1809.10084
1809.10090
1809.10127
1809.10140
1809.10148
1809.10195
1809.10208
1809.10225
1809.10247
1809.10351
1809.10390
1809.10399
1809.10405
1809.10407
1809.10593
1809.10600
1809.10607
1809.10755
1809.10813
1809.10863
1809.10904
1809.10907
1809.10908
1809.10920
1809.10931
1809.10997
1810.00022
1810.00060
1810.00062
1810.00063
1810.00064
1810.00227
1810.00320
1810.00328
1810.00330
1810.00382
1810.00483
1810.00492
1810.00539
1810.00547
1810.00612
1810.00762
1810.00779
1810.00990
1810.01038
1810.01041
1810.01065
1810.01150
1810.01154
1810.01303
1810.01341
1810.01378
1810.01445
1810.01552
1810.01555
1810.01582
1810.01613
1810.01674
1810.01694
1810.01695
1810.01819
1810.01820
1810.01934
1810.02006
1810.02014
1810.02048
1810.02134
1810.02218
1810.02226
1810.02238
1810.02240
1810.02269
1810.02273
1810.02293
1810.02301
1810.02343
1810.02573
1810.02603
1810.02637
1810.02673
1810.02787
1810.02964
1810.02985
1810.02987
1810.03006
1810.03020
1810.03038
1810.03053
1810.03142
1810.03164
1810.03203
1810.03210
1810.03231
1810.03533
1810.03646
1810.03675
1810.03680
1810.03827
1810.03841
1810.04018
1810.04104
1810.04292
1810.04493
1810.04495
1810.04512
1810.04558
1810.04585
1810.04587
1810.04595
1810.04710
1810.04732
1810.04742
1810.04786
1810.04809
1810.04810
1810.04813
1810.04830
1810.04834
1810.04905
1810.04930
1810.04942
1810.05002
1810.05003
1810.05184
1810.05244
1810.05249
1810.05255
1810.05346
1810.05455
1810.05612
1810.05630
1810.05684
1810.05685
1810.05803
1810.05865
1810.05885
1810.05948
1810.05955
1810.05980
1810.06002
1810.06020
1810.06024
1810.06102
1810.06172
1810.06190
1810.06201
1810.06222
1810.06254
1810.06290
1810.06310
1810.06341
1810.06342
1810.06346
1810.06454
1810.06480
1810.06481
1810.06497
1810.06550
1810.06708
1810.06735
1810.06739
1810.06750
1810.06791
1810.06792
1810.06810
1810.06882
1810.06961
1810.06987
1810.07083
1810.07172
1810.07268
1810.07312
1810.07314
1810.07358
1810.07360
1810.07375
1810.07381
1810.07432
1810.07478
1810.07512
1810.07560
1810.07682
1810.07683
1810.07715
1810.07808
1810.07877
1810.07895
1810.07919
1810.07991
1810.08295
1810.08346
1810.08373
1810.08407
1810.08411
1810.08426
1810.08546
1810.08679
1810.08730
1810.08736
1810.08813
1810.08814
1810.08843
1810.08913
1810.08967
1810.09089
1810.09368
1810.09370
1810.09392
1810.09408
1810.09437
1810.09472
1810.09566
1810.09641
1810.09651
1810.09669
1810.09697
1810.09710
1810.09763
1810.09787
1810.09975
1810.10059
1810.10088
1810.10127
1810.10246
1810.10248
1810.10249
1810.10268
1810.10424
1810.10426
1810.10479
1810.10507
1810.10515
1810.10583
1810.10644
1810.10716
1810.10803
1810.10876
1810.10925
1810.11004
1810.11068
1810.11096
1810.11110
1810.11234
1810.11251
1810.11304
1810.11340
1810.11345
1810.11346
1810.11357
1810.11396
1810.11422
1810.11436
1810.11456
1810.11524
1810.11564
1810.11642
1810.11662
1810.11676
1810.11752
1810.11795
1810.11852
1810.11853
1810.11898
1810.11938
1810.11941
1810.11984
1810.12010
1810.12048
1810.12056
1810.12115
1810.12141
1810.12270
1810.12279
1810.12413
1810.12493
1810.12561
1810.12671
1810.12787
1810.12791
1810.12837
1810.12900
1810.12929
1810.12972
1810.12990
1810.13004
1810.13021
1810.13063
1810.13070
1810.13214
1810.13257
1810.13336
1810.13360
1810.13363
1811.00084
1811.00113
1811.00204
1811.00361
1811.00397
1811.00428
1811.00594
1811.00604
1811.00609
1811.00630
1811.00654
1811.00718
1811.00765
1811.00773
1811.00896
1811.00947
1811.00966
1811.00988
1811.00996
1811.01130
1811.01153
1811.01196
1811.01200
1811.01229
1811.01295
1811.01455
1811.01482
1811.01613
1811.01654
1811.01676
1811.01711
1811.01881
1811.01919
1811.02027
1811.02031
1811.02040
1811.02145
1811.02207
1811.02250
1811.02251
1811.02342
1811.02416
1811.02452
1811.02498
1811.02548
1811.02556
1811.02595
1811.02614
1811.02739
1811.02752
1811.02768
1811.02860
1811.02925
1811.03008
1811.03015
1811.03047
1811.03375
1811.03547
1811.03553
1811.03587
1811.03648
1811.03697
1811.03887
1811.03890
1811.03914
1811.03949
1811.04008
1811.04019
1811.04297
1811.04394
1811.04399
1811.04450
1811.04452
1811.04530
1811.04538
1811.04771
1811.04799
1811.04819
1811.04834
1811.04843
1811.04855
1811.04867
1811.04966
1811.04971
1811.05050
1811.05127
1811.05167
1811.05189
1811.05200
1811.05277
1811.05417
1811.05507
1811.05523
1811.05535
1811.05631
1811.05702
1811.05712
1811.05713
1811.05747
1811.05793
1811.05811
1811.05824
1811.05855
1811.05957
1811.05966
1811.06022
1811.06253
1811.06268
1811.06365
1811.06495
1811.06509
1811.06531
1811.06583
1811.06598
1811.06611
1811.06734
1811.06785
1811.06831
1811.07084
1811.07235
1811.07244
1811.07300
1811.07321
1811.07364
1811.07451
1811.07595
1811.07686
1811.07736
1811.07756
1811.07784
1811.07862
1811.08166
1811.08216
1811.08246
1811.08261
1811.08341
1811.08423
1811.08601
1811.08672
1811.08758
1811.08863
1811.08869
1811.08930
1811.09116
1811.09155
1811.09199
1811.09226
1811.09272
1811.09273
1811.09329
1811.09379
1811.09407
1811.09513
1811.09820
1811.10011
1811.10035
1811.10086
1811.10118
1811.10139
1811.10149
1811.10260
1811.10290
1811.10340
1811.10342
1811.10359
1811.10397
1811.10420
1811.10436
1811.10476
1811.10539
1811.10560
1811.10563
1811.10664
1811.10707
1811.10889
1811.10976
1811.11000
1811.11054
1811.11073
1811.11159
1811.11166
1811.11204
1811.11305
1811.11395
1811.11399
1811.11544
1811.11545
1811.11749
1811.11949
1811.11999
1811.12441
1811.12521
1811.12544
1811.12631
1811.12730
1811.12734
1811.12828
1811.12854
1811.12916
1812.00047
1812.00053
1812.00067
1812.00170
1812.00207
1812.00242
1812.00316
1812.00379
1812.00389
1812.00562
1812.00566
1812.00585
1812.00621
1812.00777
1812.00962
1812.00988
1812.01048
1812.01107
1812.01109
1812.01150
1812.01224
1812.01326
1812.01415
1812.01424
1812.01453
1812.01572
1812.01686
1812.01770
1812.01981
1812.02032
1812.02042
1812.02080
1812.02436
1812.02440
1812.02472
1812.02488
1812.02650
1812.02762
1812.02774
1812.02797
1812.02803
1812.02922
1812.03018
1812.03033
1812.03036
1812.03133
1812.03134
1812.03157
1812.03162
1812.03197
1812.03272
1812.03396
1812.03423
1812.03460
1812.03577
1812.03597
1812.03619
1812.03709
1812.03720
1812.03730
1812.03734
1812.03788
1812.03820
1812.03836
1812.04096
1812.04133
1812.04136
1812.04208
1812.04294
1812.04309
1812.04341
1812.04360
1812.04372
1812.04391
1812.04437
1812.04494
1812.04539
1812.04541
1812.04657
1812.04668
1812.04671
1812.04788
1812.04918
1812.04973
1812.05000
1812.05109
1812.05153
1812.05183
1812.05192
1812.05203
1812.05346
1812.05390
1812.05554
1812.05563
1812.05592
1812.05651
1812.05707
1812.05844
1812.05937
1812.05951
1812.05993
1812.06140
1812.06180
1812.06231
1812.06293
1812.06306
1812.06324
1812.06392
1812.06396
1812.06419
1812.06495
1812.06566
1812.06607
1812.06660
1812.06685
1812.06735
1812.06819
1812.06884
1812.07061
1812.07147
1812.07148
1812.07233
1812.07275
1812.07418
1812.07556
1812.07560
1812.07650
1812.07651
1812.07733
1812.07863
1812.07936
1812.08041
1812.08080
1812.08203
1812.08222
1812.08228
1812.08251
1812.08378
1812.08523
1812.08628
1812.08698
1812.08702
1812.08705
1812.08751
1812.08823
1812.08837
1812.08900
1812.09101
1812.09163
1812.09269
1812.09394
1812.09450
1812.09482
1812.09564
1812.09594
1812.09739
1812.09854
1812.09901
1812.09936
1812.09946
1812.09950
1812.09999
1812.10214
1812.10226
1812.10285
1812.10324
1812.10351
1812.10458
1812.10640
1812.10689
1812.10725
1812.10819
1812.10828
1812.10831
1812.10873
1812.10878
1812.11032
1812.11091
1812.11093
1812.11168
1812.11200
1812.11205
1812.11219
1812.11221
1812.11232
1812.11234
1812.11239
1812.11261
1812.11280
1812.11322
1812.11373
1812.11376
1812.11479
1812.11556
1812.11599
1812.11635
1812.11649
1812.11659
1812.11660
1812.11679
1812.11694
1812.11728
1812.11729
1812.11746
1812.11752
1812.11784
1812.11812
1812.11823
1812.11874
1812.11916
1812.11921
1812.11930
1812.11945
1812.11963
1901.00135
1901.00170
1901.00356
1901.00554
1901.00562
1901.00584
1901.00604
1901.00605
1901.00607
1901.00628
1901.00789
1901.00817
1901.00827
1901.00946
1901.00951
1901.00975
1901.01019
1901.01063
1901.01066
1901.01071
1901.01072
1901.01088
1901.01158
1901.01218
1901.01383
1901.01417
1901.01551
1901.01589
1901.01625
1901.01687
1901.01728
1901.01746
1901.01785
1901.01846
1901.01853
1901.01947
1901.01954
1901.01957
1901.01967
1901.01988
1901.01993
1901.02013
1901.02096
1901.02115
1901.02149
1901.02195
1901.02216
1901.02234
1901.02548
1901.02616
1901.02619
1901.02632
1901.02650
1901.02653
1901.02685
1901.02870
1901.02872
1901.02912
1901.02951
1901.03002
1901.03078
1901.03098
1901.03153
1901.03233
1901.03436
1901.03506
1901.03598
1901.03785
1901.03820
1901.03824
1901.03841
1901.03894
1901.03980
1901.03985
1901.04044
1901.04061
1901.04075
1901.04096
1901.04336
1901.04354
1901.04361
1901.04385
1901.04470
1901.04481
1901.04528
1901.04549
1901.04722
1901.04788
1901.04807
1901.04835
1901.04838
1901.04839
1901.04840
1901.04841
1901.04842
1901.04855
1901.04919
1901.04922
1901.04937
1901.05133
1901.05142
1901.05326
1901.05327
1901.05328
1901.05329
1901.05330
1901.05382
1901.05490
1901.05516
1901.05606
1901.05661
1901.05730
1901.05785
1901.05833
1901.05886
1901.05887
1901.05888
1901.05889
1901.05890
1901.06017
1901.06070
1901.06157
1901.06198
1901.06295
1901.06460
1901.06564
1901.06596
1901.06602
1901.06628
1901.06673
1901.06710
1901.06721
1901.06751
1901.06761
1901.06781
1901.06894
1901.07009
1901.07086
1901.07092
1901.07117
1901.07156
1901.07166
1901.07219
1901.07324
1901.07386
1901.07479
1901.07661
1901.07843
1901.07875
1901.07877
1901.07882
1901.07898
1901.07908
1901.07917
1901.07962
1901.08111
1901.08202
1901.08220
1901.08230
1901.08423
1901.08446
1901.08468
1901.08503
1901.08550
1901.08653
1901.08734
1901.09013
1901.09014
1901.09053
1901.09191
1901.09243
1901.09301
1901.09372
1901.09411
1901.09433
1901.09574
1901.09803
1901.09818
1901.09820
1901.09896
1901.09945
1901.10004
1901.10016
1901.10086
1901.10115
1901.10373
1901.10511
1901.10602
1901.10636
1901.10656
1901.10694
1901.10790
1901.10965
1901.11151
1901.11289
1901.11294
1901.11465
1902.00361
1902.00362
1902.00414
1902.00446
1902.00568
1902.00699
1902.00718
1902.00737
1902.00745
1902.00777
1902.00790
1902.00794
1902.00880
1902.01008
1902.01068
1902.01098
1902.01102
1902.01149
1902.01323
1902.01363
1902.01381
1902.01444
1902.01638
1902.01773
1902.01916
1902.02008
1902.02058
1902.02094
1902.02241
1902.02512
1902.02572
1902.02630
1902.02686
1902.02862
1902.02897
1902.02899
1902.02913
1902.02931
1902.02956
1902.02985
1902.02995
1902.03064
1902.03118
1902.03202
1902.03217
1902.03269
1902.03450
1902.03483
1902.03491
1902.03521
1902.03540
1902.03571
1902.03734
1902.03802
1902.03851
1902.03870
1902.03936
1902.03961
1902.03985
1902.04011
1902.04180
1902.04194
1902.04203
1902.04271
1902.04274
1902.04312
1902.04389
1902.04447
1902.04544
1902.04631
1902.04708
1902.04730
1902.04795
1902.04910
1902.05065
1902.05155
1902.05199
1902.05250
1902.05258
1902.05302
1902.05349
1902.05421
1902.05438
1902.05473
1902.05666
1902.05757
1902.05885
1902.05989
1902.05992
1902.06047
1902.06072
1902.06081
1902.06104
1902.06277
1902.06330
1902.06429
1902.06456
1902.06523
1902.06530
1902.06534
1902.06546
1902.06563
1902.06589
1902.06728
1902.06763
1902.06878
1902.06879
1902.06885
1902.06906
1902.07002
1902.07042
1902.07061
1902.07078
1902.07109
1902.07140
1902.07321
1902.07397
1902.07448
1902.07665
1902.07782
1902.07784
1902.07785
1902.07798
1902.07801
1902.08015
1902.08155
1902.08381
1902.08435
1902.08459
1902.08801
1902.08814
1902.08857
1902.08978
1902.08981
1902.08982
1902.09019
1902.09034
1902.09048
1902.09109
1902.09219
1902.09220
1902.09224
1902.09231
1902.09309
1902.09311
1902.09450
1902.09609
1902.09624
1902.09632
1902.09712
1902.09814
1902.09858
1902.09877
1902.09894
1902.09983
1902.10046
1902.10179
1902.10372
1902.10380
1902.10483
1902.10512
1902.10554
1902.10558
1902.10602
1902.10672
1902.10698
1902.10789
1902.10809
1902.10839
1902.10911
1902.10987
1902.11001
1902.11042
1902.11164
1902.11171
1902.11198
1902.11207
1902.11283
1903.00121
1903.00169
1903.00250
1903.00255
1903.00262
1903.00419
1903.00457
1903.00465
1903.00670
1903.00835
1903.00977
1903.01076
1903.01098
1903.01157
1903.01313
1903.01371
1903.01384
1903.01393
1903.01398
1903.01407
1903.01518
1903.01560
1903.01566
1903.01677
1903.01697
1903.01824
1903.01881
1903.01929
1903.01962
1903.01986
1903.02031
1903.02092
1903.02106
1903.02248
1903.02427
1903.02430
1903.02432
1903.02480
1903.02544
1903.02592
1903.02805
1903.02818
1903.02882
1903.02922
1903.03160
1903.03200
1903.03262
1903.03281
1903.03361
1903.03365
1903.03392
1903.03416
1903.03458
1903.03533
1903.03563
1903.03604
1903.03747
1903.03766
1903.03901
1903.03923
1903.03932
1903.04005
1903.04074
1903.04136
1903.04140
1903.04210
1903.04264
1903.04284
1903.04322
1903.04385
1903.04545
1903.04577
1903.04588
1903.04903
1903.05023
1903.05032
1903.05060
1903.05111
1903.05123
1903.05270
1903.05487
1903.05491
1903.05629
1903.05630
1903.05735
1903.05737
1903.05811
1903.05857
1903.06019
1903.06064
1903.06069
1903.06143
1903.06145
1903.06148
1903.06207
1903.06328
1903.06451
1903.06686
1903.06690
1903.06722
1903.06736
1903.06770
1903.06778
1903.06825
1903.06868
1903.06961
1903.06977
1903.07057
1903.07089
1903.07095
1903.07126
1903.07132
1903.07215
1903.07225
1903.07232
1903.07248
1903.07284
1903.07302
1903.07314
1903.07330
1903.07346
1903.07368
1903.07490
1903.07587
1903.07613
1903.07701
1903.07876
1903.08007
1903.08043
1903.08095
1903.08147
1903.08266
1903.08274
1903.08331
1903.08370
1903.08433
1903.08686
1903.08715
1903.08779
1903.08834
1903.08841
1903.08865
1903.08996
1903.09134
1903.09250
1903.09274
1903.09318
1903.09352
1903.09362
1903.09470
1903.09497
1903.09508
1903.09509
1903.09619
1903.09624
1903.09638
1903.09796
1903.09881
1903.09978
1903.10070
1903.10096
1903.10166
1903.10309
1903.10394
1903.10413
1903.10435
1903.10585
1903.10602
1903.10662
1903.10668
1903.10798
1903.10999
1903.11000
1903.11051
1903.11057
1903.11106
1903.11147
1903.11155
1903.11271
1903.11285
1903.11311
1903.11569
1903.11689
1903.11759
1903.11793
1903.11973
1903.12036
1903.12159
1903.12200
1903.12445
1904.00116
1904.00163
1904.00179
1904.00190
1904.00215
1904.00269
1904.00279
1904.00290
1904.00348
1904.00443
1904.00490
1904.00499
1904.00501
1904.00590
1904.00667
1904.00732
1904.00789
1904.00844
1904.00873
1904.00995
1904.01433
1904.01644
1904.01714
1904.01737
1904.01874
1904.01940
1904.01968
1904.02025
1904.02073
1904.02248
1904.02258
1904.02324
1904.02330
1904.02349
1904.02355
1904.02374
1904.02377
1904.02402
1904.02474
1904.02525
1904.02550
1904.02573
1904.02776
1904.02787
1904.02791
1904.02879
1904.02918
1904.02952
1904.03010
1904.03029
1904.03060
1904.03068
1904.03123
1904.03395
1904.03398
1904.03404
1904.03432
1904.03466
1904.03489
1904.03503
1904.03533
1904.03573
1904.03635
1904.03812
1904.03978
1904.04070
1904.04219
1904.04337
1904.04411
1904.04457
1904.04487
1904.04509
1904.04518
1904.04578
1904.04582
1904.04601
1904.04622
1904.04709
1904.04728
1904.04803
1904.04806
1904.04902
1904.04942
1904.05051
1904.05058
1904.05074
1904.05096
1904.05138
1904.05225
1904.05235
1904.05285
1904.05377
1904.05492
1904.05630
1904.05693
1904.05731
1904.05756
1904.05908
1904.05942
1904.05996
1904.06000
1904.06055
1904.06121
1904.06148
1904.06226
1904.06369
1904.06512
1904.06532
1904.06665
1904.06783
1904.06794
1904.06858
1904.06864
1904.06936
1904.06988
1904.07055
1904.07062
1904.07071
1904.07102
1904.07121
1904.07264
1904.07268
1904.07330
1904.07476
1904.07567
1904.07582
1904.07743
1904.07759
1904.07844
1904.07847
1904.08002
1904.08004
1904.08033
1904.08041
1904.08204
1904.08234
1904.08240
1904.08296
1904.08416
1904.08592
1904.08618
1904.08646
1904.08662
1904.08691
1904.08838
1904.08857
1904.08905
1904.08958
1904.08989
1904.09040
1904.09063
1904.09196
1904.09517
1904.09522
1904.09560
1904.09717
1904.09754
1904.09835
1904.09850
1904.09855
1904.09887
1904.10064
1904.10080
1904.10103
1904.10191
1904.10201
1904.10249
1904.10346
1904.10352
1904.10431
1904.10519
1904.10532
1904.10561
1904.10609
1904.10707
1904.10815
1904.11051
1904.11096
1904.11330
1904.11333
1904.11369
1904.11409
1904.11479
1904.11782
1904.11850
1904.11900
1904.12032
1904.12097
1904.12143
1904.12173
1904.12177
1904.12373
1904.12393
1904.12438
1904.12463
1904.12506
1904.12548
1904.12554
1904.12594
1904.12621
1904.12727
1904.12776
1904.12845
1904.12920
1904.13002
1904.13063
1904.13109
1904.13280
1904.13297
1905.00035
1905.00227
1905.00242
1905.00244
1905.00291
1905.00306
1905.00506
1905.00527
1905.00533
1905.00681
1905.00725
1905.00792
1905.00827
1905.00832
1905.01015
1905.01079
1905.01225
1905.01319
1905.01363
1905.01411
1905.01423
1905.01462
1905.01481
1905.01510
1905.01512
1905.01547
1905.01668
1905.01678
1905.01765
1905.01767
1905.01775
1905.01862
1905.01883
1905.01914
1905.01949
1905.01954
1905.02045
1905.02227
1905.02307
1905.02364
1905.02413
1905.02539
1905.02542
1905.02547
1905.02644
1905.02760
1905.02767
1905.02795
1905.02834
1905.02864
1905.02926
1905.03056
1905.03085
1905.03215
1905.03235
1905.03283
1905.03310
1905.03368
1905.03374
1905.03568
1905.03661
1905.03701
1905.03940
1905.03961
1905.04023
1905.04060
1905.04193
1905.04202
1905.04282
1905.04298
1905.04364
1905.04369
1905.04552
1905.04645
1905.04721
1905.04772
1905.04875
1905.04909
1905.04966
1905.05028
1905.05045
1905.05048
1905.05080
1905.05236
1905.05260
1905.05545
1905.05624
1905.05687
1905.05705
1905.05714
1905.06138
1905.06151
1905.06171
1905.06217
1905.06295
1905.06374
1905.06447
1905.06450
1905.06483
1905.06492
1905.06506
1905.06563
1905.06701
1905.07001
1905.07247
1905.07307
1905.07455
1905.07500
1905.07623
1905.07648
1905.07702
1905.07798
1905.07819
1905.07938
1905.07944
1905.08002
1905.08018
1905.08020
1905.08068
1905.08075
1905.08229
1905.08244
1905.08345
1905.08408
1905.08455
1905.08457
1905.08462
1905.08555
1905.08589
1905.08779
1905.08882
1905.09012
1905.09078
1905.09134
1905.09172
1905.09212
1905.09233
1905.09234
1905.09238
1905.09303
1905.09316
1905.09327
1905.09332
1905.09378
1905.09426
1905.09452
1905.09641
1905.09745
1905.10036
1905.10362
1905.10369
1905.10495
1905.10579
1905.10704
1905.10743
1905.10897
1905.11038
1905.11126
1905.11183
1905.11269
1905.11322
1905.11323
1905.11432
1905.11495
1905.11603
1905.11649
1905.11657
1905.11665
1905.11743
1905.11755
1905.11851
1905.11914
1905.11949
1905.11981
1905.12023
1905.12097
1905.12123
1905.12144
1905.12234
1905.12488
1905.12579
1905.13003
1905.13063
1905.13067
1905.13109
1905.13123
1905.13475
1905.13487
1905.13610
1905.13644
1905.13729
1906.00089
1906.00103
1906.00118
1906.00122
1906.00244
1906.00312
1906.00344
1906.00345
1906.00384
1906.00416
1906.00419
1906.00428
1906.00445
1906.00470
1906.00510
1906.00561
1906.00632
1906.00747
1906.00788
1906.00870
1906.00899
1906.01047
1906.01067
1906.01097
1906.01151
1906.01172
1906.01248
1906.01274
1906.01565
1906.01652
1906.01766
1906.01911
1906.01994
1906.02018
1906.02029
1906.02261
1906.02264
1906.02328
1906.02538
1906.02654
1906.02674
1906.02690
1906.02803
1906.02847
1906.03282
1906.03344
1906.03370
1906.03433
1906.03477
1906.03534
1906.03583
1906.03615
1906.03705
1906.03730
1906.03745
1906.03793
1906.03914
1906.04008
1906.04114
1906.04140
1906.04254
1906.04646
1906.04686
1906.04789
1906.04927
1906.05027
1906.05068
1906.05179
1906.05206
1906.05485
1906.05508
1906.05529
1906.05589
1906.05618
1906.05783
1906.05798
1906.05877
1906.05927
1906.06036
1906.06103
1906.06258
1906.06330
1906.06413
1906.06564
1906.06585
1906.06631
1906.06772
1906.06840
1906.06921
1906.06967
1906.06982
1906.07121
1906.07240
1906.07271
1906.07384
1906.07410
1906.07442
1906.07447
1906.07459
1906.07506
1906.07526
1906.07628
1906.07652
1906.07654
1906.07657
1906.07717
1906.07819
1906.07877
1906.07903
1906.07904
1906.07989
1906.08046
1906.08083
1906.08233
1906.08336
1906.08377
1906.08437
1906.08463
1906.08625
1906.08671
1906.08683
1906.08703
1906.08741
1906.08751
1906.08818
1906.08906
1906.08944
1906.09100
1906.09117
1906.09168
1906.09196
1906.09220
1906.09407
1906.09487
1906.09493
1906.09555
1906.09570
1906.09597
1906.09629
1906.09646
1906.09718
1906.09869
1906.09892
1906.09906
1906.09916
1906.09922
1906.09947
1906.09960
1906.10001
1906.10364
1906.10373
1906.10459
1906.10473
1906.10474
1906.10532
1906.10566
1906.10580
1906.10645
1906.10668
1906.10672
1906.10722
1906.10939
1906.10962
1906.11076
1906.11112
1906.11128
1906.11173
1906.11188
1906.11342
1906.11857
1906.11910
1906.11978
1906.11986
1906.11991
1906.11997
1906.12032
1906.12054
1906.12184
1906.12203
1906.12206
1906.12303
1906.12339
1906.12346
1907.00090
1907.00188
1907.00286
1907.00363
1907.00370
1907.00513
1907.00674
1907.00675
1907.00894
1907.00896
1907.01057
1907.01107
1907.01116
1907.01229
1907.01232
1907.01236
1907.01335
1907.01336
1907.01524
1907.01634
1907.01735
1907.01832
1907.01834
1907.01854
1907.01935
1907.01987
1907.02007
1907.02049
1907.02246
1907.02302
1907.02418
1907.02466
1907.02650
1907.02689
1907.02722
1907.02737
1907.02895
1907.02914
1907.02922
1907.03026
1907.03101
1907.03108
1907.03145
1907.03147
1907.03188
1907.03307
1907.03347
1907.03350
1907.03357
1907.03391
1907.03417
1907.03501
1907.03650
1907.03669
1907.03721
1907.03740
1907.03856
1907.03901
1907.03915
1907.03934
1907.03941
1907.03943
1907.03959
1907.04024
1907.04056
1907.04086
1907.04089
1907.04109
1907.04110
1907.04143
1907.04259
1907.04522
1907.04590
1907.04593
1907.04594
1907.04753
1907.04803
1907.04844
1907.04845
1907.04850
1907.04852
1907.04910
1907.05002
1907.05105
1907.05144
1907.05167
1907.05202
1907.05204
1907.05563
1907.05684
1907.05776
1907.05838
1907.05890
1907.05971
1907.05999
1907.06016
1907.06043
1907.06050
1907.06103
1907.06163
1907.06225
1907.06289
1907.06387
1907.06393
1907.06435
1907.06456
1907.06603
1907.06608
1907.06700
1907.06716
1907.07026
1907.07097
1907.07200
1907.07209
1907.07231
1907.07257
1907.07302
1907.07372
1907.07431
1907.07483
1907.07572
1907.07664
1907.07763
1907.07838
1907.07839
1907.08016
1907.08098
1907.08118
1907.08239
1907.08285
1907.08327
1907.08389
1907.08446
1907.08558
1907.08559
1907.08608
1907.08655
1907.08670
1907.08675
1907.08691
1907.08694
1907.08700
1907.08781
1907.08783
1907.08808
1907.08810
1907.08848
1907.08894
1907.08959
1907.08984
1907.09020
1907.09075
1907.09129
1907.09130
1907.09134
1907.09223
1907.09324
1907.09355
1907.09391
1907.09422
1907.09431
1907.09641
1907.09847
1907.09858
1907.09869
1907.09923
1907.10023
1907.10145
1907.10253
1907.10390
1907.10463
1907.10525
1907.10530
1907.10534
1907.10881
1907.10964
1907.11070
1907.11159
1907.11201
1907.11225
1907.11428
1907.11500
1907.11545
1907.11658
1907.11745
1907.11877
1907.11918
1907.11967
1907.11994
1907.12057
1907.12086
1907.12097
1907.12103
1907.12158
1907.12185
1907.12272
1907.12351
1907.12459
1907.12465
1907.12529
1907.12864
1907.12981
1907.13038
1907.13040
1907.13217
1907.13247
1907.13302
1907.13333
1907.13383
1907.13441
1907.13450
1907.13536
1907.13547
1907.13617
1908.00035
1908.00057
1908.00081
1908.00091
1908.00106
1908.00121
1908.00199
1908.00224
1908.00311
1908.00378
1908.00383
1908.00421
1908.00444
1908.00713
1908.00961
1908.01076
1908.01079
1908.01152
1908.01198
1908.01245
1908.01250
1908.01410
1908.01509
1908.01605
1908.01690
1908.01701
1908.01752
1908.01805
1908.01982
1908.02010
1908.02098
1908.02102
1908.02153
1908.02155
1908.02194
1908.02208
1908.02250
1908.02318
1908.02384
1908.02394
1908.02526
1908.02682
1908.02732
1908.02932
1908.03044
1908.03065
1908.03108
1908.03184
1908.03200
1908.03221
1908.03235
1908.03236
1908.03249
1908.03321
1908.03392
1908.03485
1908.03616
1908.03658
1908.03751
1908.03783
1908.03834
1908.03855
1908.03914
1908.03937
1908.03941
1908.03953
1908.03969
1908.04078
1908.04169
1908.04248
1908.04251
1908.04263
1908.04286
1908.04363
1908.04770
1908.04775
1908.04833
1908.04876
1908.04932
1908.04938
1908.05061
1908.05123
1908.05220
1908.05353
1908.05404
1908.05452
1908.05508
1908.05509
1908.05587
1908.05591
1908.05594
1908.05598
1908.05888
1908.05954
1908.05980
1908.06014
1908.06058
1908.06157
1908.06161
1908.06174
1908.06231
1908.06289
1908.06292
1908.06348
1908.06365
1908.06366
1908.06411
1908.06424
1908.06587
1908.06626
1908.06642
1908.06682
1908.06789
1908.06808
1908.06891
1908.06946
1908.07019
1908.07073
1908.07095
1908.07165
1908.07185
1908.07205
1908.07290
1908.07361
1908.07480
1908.07501
1908.07569
1908.07641
1908.07720
1908.07737
1908.07741
1908.07791
1908.07922
1908.07929
1908.07947
1908.08063
1908.08262
1908.08291
1908.08296
1908.08390
1908.08424
1908.08613
1908.08660
1908.08678
1908.08816
1908.09023
1908.09036
1908.09050
1908.09197
1908.09248
1908.09307
1908.09420
1908.09439
1908.09483
1908.09491
1908.09503
1908.09512
1908.09589
1908.09596
1908.09714
1908.09768
1908.09793
1908.09848
1908.09877
1908.09905
1908.09965
1908.09974
1908.10095
1908.10143
1908.10263
1908.10298
1908.10346
1908.10392
1908.10421
1908.10429
1908.10459
1908.10482
1908.10537
1908.10591
1908.10902
1908.10997
1908.11009
1908.11014
1908.11088
1908.11147
1908.11185
1908.11192
1908.11222
1908.11228
1908.11244
1908.11497
1908.11537
1908.11690
1908.11777
1908.11793
1908.11803
1909.00039
1909.00108
1909.00135
1909.00194
1909.00213
1909.00309
1909.00364
1909.00480
1909.00511
1909.00601
1909.00634
1909.00637
1909.00655
1909.00802
1909.00804
1909.00854
1909.00924
1909.00969
1909.00980
1909.01018
1909.01030
1909.01052
1909.01198
1909.01217
1909.01253
1909.01271
1909.01306
1909.01338
1909.01384
1909.01433
1909.01434
1909.01447
1909.01485
1909.01499
1909.01508
1909.01510
1909.01714
1909.01764
1909.01833
1909.01850
1909.01852
1909.01898
1909.01928
1909.01935
1909.01938
1909.02022
1909.02328
1909.02593
1909.02608
1909.02661
1909.02697
1909.02699
1909.02700
1909.02709
1909.02942
1909.02943
1909.02952
1909.03125
1909.03165
1909.03266
1909.03294
1909.03407
1909.03431
1909.03450
1909.03465
1909.03476
1909.03507
1909.03536
1909.03541
1909.03562
1909.03643
1909.03649
1909.03666
1909.03689
1909.03718
1909.03778
1909.03849
1909.03863
1909.03903
1909.03959
1909.03972
1909.03975
1909.04098
1909.04103
1909.04124
1909.04245
1909.04287
1909.04342
1909.04414
1909.04462
1909.04736
1909.04772
1909.04808
1909.04982
1909.04992
1909.05021
1909.05188
1909.05205
1909.05209
1909.05376
1909.05422
1909.05446
1909.05467
1909.05605
1909.05734
1909.05745
1909.05933
1909.05991
1909.06051
1909.06062
1909.06100
1909.06127
1909.06517
1909.06531
1909.06705
1909.06714
1909.06725
1909.06740
1909.06766
1909.06905
1909.07004
1909.07062
1909.07112
1909.07121
1909.07135
1909.07184
1909.07222
1909.07256
1909.07350
1909.07365
1909.07465
1909.07468
1909.07473
1909.07723
1909.07762
1909.07779
1909.07835
1909.07967
1909.08183
1909.08253
1909.08301
1909.08382
1909.08499
1909.08561
1909.08568
1909.08688
1909.08731
1909.08777
1909.08953
1909.08983
1909.08990
1909.09046
1909.09053
1909.09091
1909.09232
1909.09312
1909.09419
1909.09497
1909.09537
1909.09597
1909.09622
1909.09665
1909.09684
1909.09832
1909.09900
1909.09917
1909.09997
1909.10102
1909.10162
1909.10224
1909.10282
1909.10294
1909.10450
1909.10507
1909.10509
1909.10592
1909.10748
1909.10808
1909.10844
1909.10860
1909.10889
1909.10898
1909.10902
1909.10930
1909.11008
1909.11156
1909.11214
1909.11222
1909.11326
1909.11335
1909.11432
1909.11477
1909.11510
1909.11517
1909.11561
1909.11712
1909.11729
1909.11808
1909.11844
1909.11858
1909.11971
1909.12052
1909.12075
1909.12099
1909.12139
1909.12143
1909.12159
1909.12187
1909.12219
1909.12263
1909.12280
1909.12374
1909.12462
1909.12470
1909.12625
1909.12654
1909.12747
1909.12806
1909.12915
1909.12986
1909.12987
1909.13074
1909.13105
1909.13173
1909.13218
1909.13230
1909.13549
1909.13597
1909.13745
1909.13792
1909.13798
1909.13800
1909.13869
1909.13871
1910.00109
1910.00126
1910.00165
1910.00181
1910.00202
1910.00209
1910.00306
1910.00322
1910.00332
1910.00448
1910.00449
1910.00518
1910.00569
1910.00777
1910.00779
1910.00865
1910.00904
1910.01001
1910.01039
1910.01107
1910.01192
1910.01227
1910.01239
1910.01360
1910.01437
1910.01469
1910.01561
1910.01824
1910.01874
1910.01876
1910.01908
1910.01961
1910.01988
1910.02067
1910.02122
1910.02284
1910.02408
1910.02418
1910.02455
1910.02473
1910.02485
1910.02525
1910.02589
1910.02636
1910.02745
1910.02805
1910.02821
1910.02828
1910.02832
1910.02842
1910.02862
1910.02885
1910.02939
1910.02973
1910.03029
1910.03036
1910.03037
1910.03050
1910.03079
1910.03098
1910.03146
1910.03147
1910.03148
1910.03164
1910.03180
1910.03205
1910.03232
1910.03289
1910.03292
1910.03379
1910.03528
1910.03563
1910.03647
1910.03727
1910.03790
1910.03792
1910.03819
1910.03871
1910.03937
1910.04003
1910.04022
1910.04043
1910.04095
1910.04136
1910.04240
1910.04262
1910.04328
1910.04479
1910.04531
1910.04568
1910.04653
1910.04674
1910.04675
1910.04733
1910.04947
1910.05043
1910.05070
1910.05076
1910.05079
1910.05204
1910.05207
1910.05319
1910.05353
1910.05423
1910.05454
1910.05487
1910.05718
1910.05754
1910.05894
1910.05919
1910.05934
1910.05936
1910.05974
1910.06083
1910.06252
1910.06257
1910.06388
1910.06436
1910.06502
1910.06519
1910.06587
1910.06805
1910.06817
1910.06850
1910.06856
1910.06877
1910.06900
1910.06942
1910.07051
1910.07164
1910.07208
1910.07319
1910.07329
1910.07335
1910.07404
1910.07453
1910.07551
1910.07569
1910.07637
1910.07739
1910.07740
1910.07785
1910.07824
1910.07884
1910.07966
1910.07979
1910.08205
1910.08228
1910.08255
1910.08274
1910.08303
1910.08323
1910.08358
1910.08507
1910.08539
1910.08546
1910.08680
1910.08782
1910.08932
1910.09069
1910.09101
1910.09145
1910.09214
1910.09262
1910.09285
1910.09296
1910.09386
1910.09576
1910.09666
1910.09685
1910.09691
1910.09825
1910.09837
1910.09960
1910.09969
1910.09983
1910.09992
1910.10061
1910.10132
1910.10206
1910.10321
1910.10325
1910.10405
1910.10413
1910.10430
1910.10545
1910.10569
1910.10611
1910.10752
1910.10753
1910.10790
1910.10800
1910.10884
1910.10932
1910.10984
1910.11057
1910.11159
1910.11171
1910.11207
1910.11324
1910.11409
1910.11556
1910.11598
1910.11636
1910.11663
1910.11668
1910.11681
1910.11749
1910.11766
1910.11798
1910.11807
1910.11823
1910.11835
1910.11989
1910.12105
1910.12113
1910.12160
1910.12276
1910.12290
1910.12303
1910.12320
1910.12321
1910.12356
1910.12409
1910.12410
1910.12426
1910.12461
1910.12484
1910.12571
1910.12661
1910.12664
1910.12665
1910.12743
1910.12755
1910.12788
1910.12798
1910.12835
1910.12928
1910.12986
1910.12987
1910.13071
1910.13170
1910.13218
1910.13248
1910.13250
1910.13310
1910.13384
1910.13391
1910.13402
1910.13410
1910.13450
1910.13586
1910.13702
1910.13713
1910.13715
1910.13990
1910.13994
1910.14015
1910.14097
1910.14122
1910.14128
1910.14171
1910.14174
1910.14190
1910.14203
1910.14249
1910.14251
1910.14284
1910.14358
1910.14368
1910.14379
1910.14485
1910.14530
1910.14581
1910.14582
1910.14633
1910.14674
1911.00096
1911.00112
1911.00113
1911.00121
1911.00146
1911.00168
1911.00409
1911.00431
1911.00464
1911.00480
1911.00587
1911.00746
1911.00778
1911.00793
1911.00854
1911.01022
1911.01029
1911.01087
1911.01131
1911.01350
1911.01579
1911.01743
1911.01749
1911.01790
1911.01800
1911.01821
1911.01837
1911.01842
1911.01880
1911.01884
1911.01925
1911.02008
1911.02071
1911.02096
1911.02137
1911.02141
1911.02148
1911.02236
1911.02267
1911.02269
1911.02342
1911.02368
1911.02458
1911.02608
1911.02650
1911.02684
1911.02783
1911.03135
1911.03157
1911.03190
1911.03215
1911.03234
1911.03349
1911.03354
1911.03383
1911.03410
1911.03412
1911.03419
1911.03428
1911.03435
1911.03476
1911.03551
1911.03689
1911.03707
1911.03732
1911.03820
1911.03968
1911.04029
1911.04119
1911.04141
1911.04267
1911.04269
1911.04281
1911.04532
1911.04575
1911.04626
1911.04713
1911.04739
1911.04777
1911.04925
1911.05019
1911.05264
1911.05365
1911.05411
1911.05431
1911.05456
1911.05595
1911.05618
1911.05799
1911.05910
1911.05915
1911.06115
1911.06170
1911.06247
1911.06265
1911.06288
1911.06310
1911.06513
1911.06690
1911.06801
1911.06933
1911.07129
1911.07148
1911.07204
1911.07215
1911.07220
1911.07369
1911.07487
1911.07562
1911.07666
1911.07670
1911.07733
1911.07745
1911.07907
1911.08087
1911.08176
1911.08266
1911.08310
1911.08458
1911.08615
1911.08742
1911.08752
1911.08758
1911.08865
1911.09076
1911.09139
1911.09140
1911.09155
1911.09216
1911.09323
1911.09324
1911.09446
1911.09492
1911.09497
1911.09589
1911.09623
1911.09624
1911.09718
1911.09884
1911.10177
1911.10236
1911.10268
1911.10308
1911.10336
1911.10399
1911.10491
1911.10497
1911.10590
1911.10634
1911.10639
1911.10643
1911.10649
1911.10669
1911.10705
1911.10744
1911.10991
1911.11004
1911.11133
1911.11196
1911.11198
1911.11246
1911.11505
1911.11515
1911.11667
1911.11820
1911.11963
1911.11969
1911.12005
1911.12030
1911.12098
1911.12155
1911.12262
1911.12271
1911.12283
1911.12313
1911.12453
1911.12550
1911.12551
1911.12761
1911.12838
1911.12858
1911.12964
1911.13022
1911.13115
1911.13189
1911.13191
1911.13227
1911.13275
1912.00140
1912.00173
1912.00174
1912.00204
1912.00345
1912.00390
1912.00452
1912.00575
1912.00663
1912.00701
1912.00765
1912.00797
1912.00851
1912.00853
1912.00857
1912.00883
1912.00901
1912.01090
1912.01153
1912.01199
1912.01307
1912.01310
1912.01351
1912.01424
1912.01445
1912.01512
1912.01571
1912.01573
1912.01656
1912.01716
1912.01751
1912.01904
1912.01994
1912.02044
1912.02159
1912.02167
1912.02277
1912.02310
1912.02356
1912.02358
1912.02420
1912.02526
1912.02554
1912.02555
1912.02668
1912.02698
1912.02909
1912.03019
1912.03073
1912.03103
1912.03209
1912.03214
1912.03274
1912.03483
1912.03491
1912.03527
1912.03657
1912.03689
1912.03711
1912.03772
1912.03811
1912.03847
1912.03995
1912.04037
1912.04047
1912.04178
1912.04256
1912.04298
1912.04324
1912.04338
1912.04351
1912.04373
1912.04413
1912.04503
1912.04552
1912.04574
1912.04600
1912.04620
1912.04647
1912.04653
1912.04658
1912.04668
1912.04766
1912.04886
1912.04972
1912.05041
1912.05065
1912.05157
1912.05161
1912.05162
1912.05204
1912.05209
1912.05277
1912.05306
1912.05319
1912.05348
1912.05518
1912.05608
1912.05618
1912.05639
1912.05655
1912.05722
1912.05757
1912.05893
1912.05925
1912.06004
1912.06009
1912.06034
1912.06134
1912.06146
1912.06263
1912.06345
1912.06483
1912.06562
1912.06652
1912.06702
1912.06807
1912.06822
1912.06911
1912.06921
1912.06951
1912.06961
1912.06962
1912.07054
1912.07081
1912.07102
1912.07119
1912.07159
1912.07169
1912.07171
1912.07201
1912.07202
1912.07251
1912.07408
1912.07450
1912.07496
1912.07541
1912.07566
1912.07665
1912.07738
1912.07851
1912.07892
1912.07907
1912.07920
1912.07979
1912.07997
1912.08033
1912.08043
1912.08068
1912.08070
1912.08075
1912.08109
1912.08126
1912.08127
1912.08137
1912.08430
1912.08512
1912.08565
1912.08576
1912.08626
1912.08730
1912.08999
1912.09010
1912.09013
1912.09023
1912.09125
1912.09293
1912.09362
1912.09375
1912.09473
1912.09690
1912.09766
1912.09772
1912.09798
1912.09820
1912.09823
1912.09836
1912.09927
1912.09963
1912.09968
1912.10033
1912.10254
1912.10259
1912.10263
1912.10283
1912.10341
1912.10365
1912.10381
1912.10386
1912.10411
1912.10462
1912.10516
1912.10725
1912.10777
1912.10932
1912.10987
1912.11220
1912.11260
1912.11261
1912.11265
1912.11267
1912.11269
1912.11441
1912.11471
1912.11496
1912.11587
1912.11663
1912.11750
1912.11815
1912.11825
1912.11857
1912.11921
1912.11941
1912.11942
1912.11955
1912.11978
1912.12084
1912.12088
1912.12253
1912.12289
1912.12312
1912.12364
1912.12369
1912.12445
1912.12536
1912.12545
1912.12556
1912.12565
1912.12572
1912.12687
1912.12754
1912.12809
1912.12850
1912.12928
1912.12930
1912.13030
1912.13070
1912.13073
1912.13277
1912.13294
1912.13338
2001.00028
2001.00045
2001.00108
2001.00126
2001.00163
2001.00185
2001.00210
2001.00297
2001.00343
2001.00353
2001.00380
2001.00386
2001.00472
2001.00474
2001.00475
2001.00482
2001.00530
2001.00578
2001.00618
2001.00659
2001.00764
2001.00790
2001.00796
2001.00865
2001.01016
2001.01064
2001.01104
2001.01262
2001.01316
2001.01367
2001.01396
2001.01422
2001.01534
2001.01621
2001.01635
2001.01695
2001.01721
2001.01725
2001.01814
2001.01855
2001.01897
2001.01936
2001.01973
2001.01981
2001.02158
2001.02263
2001.02311
2001.02405
2001.02429
2001.02437
2001.02737
2001.02859
2001.02860
2001.02924
2001.02987
2001.03077
2001.03186
2001.03208
2001.03242
2001.03265
2001.03283
2001.03296
2001.03325
2001.03374
2001.03380
2001.03429
2001.03471
2001.03546
2001.03547
2001.03630
2001.03741
2001.03832
2001.03878
2001.03892
2001.03941
2001.04137
2001.04138
2001.04154
2001.04160
2001.04288
2001.04310
2001.04337
2001.04424
2001.04635
2001.04687
2001.04736
2001.04838
2001.04956
2001.05018
2001.05114
2001.05220
2001.05294
2001.05325
2001.05350
2001.05428
2001.05429
2001.05453
2001.05557
2001.05616
2001.05629
2001.05632
2001.05635
2001.05641
2001.05686
2001.05718
2001.05765
2001.05782
2001.05944
2001.05947
2001.06022
2001.06061
2001.06073
2001.06078
2001.06162
2001.06321
2001.06455
2001.06515
2001.06663
2001.06671
2001.06727
2001.06809
2001.06855
2001.06869
2001.06878
2001.06953
2001.06977
2001.06994
2001.07017
2001.07083
2001.07094
2001.07211
2001.07213
2001.07229
2001.07270
2001.07273
2001.07280
2001.07332
2001.07468
2001.07500
2001.07693
2001.07777
2001.07818
2001.07825
2001.07826
2001.07851
2001.07898
2001.07939
2001.08065
2001.08066
2001.08067
2001.08079
2001.08104
2001.08115
2001.08117
2001.08186
2001.08246
2001.08287
2001.08312
2001.08347
2001.08455
2001.08487
2001.08498
2001.08549
2001.08633
2001.08634
2001.08660
2001.08672
2001.08704
2001.08722
2001.08820
2001.08875
2001.09009
2001.09068
2001.09076
2001.09274
2001.09304
2001.09337
2001.09402
2001.09513
2001.09617
2001.09634
2001.09640
2001.09702
2001.09717
2001.09721
2001.09733
2001.09810
2001.09814
2001.09815
2001.09845
2001.10229
2001.10236
2001.10246
2001.10265
2001.10276
2001.10315
2001.10407
2001.10413
2001.10457
2001.10471
2001.10475
2001.10555
2001.10694
2001.10702
2001.10839
2001.10860
2001.10891
2001.10927
2001.10956
2001.10970
2001.10990
2001.11035
2001.11072
2001.11097
2001.11178
2001.11204
2001.11353
2001.11368
2001.11407
2001.11413
2001.11468
2001.11557
2001.11632
2001.11665
2001.11700
2001.11726
2001.11764
2001.11768
2001.11776
2001.11800
2001.11856
2001.11991
2001.12001
2002.00087
2002.00096
2002.00172
2002.00295
2002.00300
2002.00324
2002.00375
2002.00431
2002.00447
2002.00455
2002.00493
2002.00500
2002.00502
2002.00510
2002.00546
2002.00548
2002.00550
2002.00563
2002.00591
2002.00595
2002.00635
2002.00672
2002.00814
2002.00888
2002.00919
2002.00927
2002.01024
2002.01039
2002.01076
2002.01158
2002.01223
2002.01345
2002.01520
2002.01538
2002.01665
2002.01676
2002.01835
2002.01853
2002.01867
2002.01906
2002.01949
2002.01993
2002.02006
2002.02023
2002.02053
2002.02059
2002.02067
2002.02115
2002.02122
2002.02188
2002.02205
2002.02220
2002.02236
2002.02292
2002.02324
2002.02409
2002.02442
2002.02488
2002.02640
2002.02665
2002.02714
2002.02731
2002.02736
2002.02772
2002.02783
2002.03075
2002.03092
2002.03094
2002.03104
2002.03232
2002.03250
2002.03255
2002.03263
2002.03291
2002.03361
2002.03435
2002.03498
2002.03499
2002.03511
2002.03512
2002.03570
2002.03602
2002.03650
2002.03705
2002.03707
2002.03719
2002.03756
2002.03783
2002.03811
2002.03879
2002.03918
2002.03919
2002.03926
2002.03994
2002.04007
2002.04134
2002.04140
2002.04191
2002.04420
2002.04444
2002.04445
2002.04477
2002.04520
2002.04580
2002.04641
2002.04667
2002.04717
2002.04750
2002.04767
2002.04797
2002.04871
2002.04912
2002.05030
2002.05080
2002.05130
2002.05142
2002.05144
2002.05234
2002.05413
2002.05456
2002.05535
2002.05647
2002.05682
2002.05834
2002.05863
2002.05872
2002.06026
2002.06029
2002.06140
2002.06221
2002.06310
2002.06357
2002.06584
2002.06602
2002.06687
2002.06706
2002.06769
2002.06845
2002.06994
2002.07043
2002.07095
2002.07121
2002.07212
2002.07519
2002.07559
2002.07773
2002.07846
2002.07923
2002.07929
2002.07986
2002.08022
2002.08057
2002.08062
2002.08120
2002.08228
2002.08411
2002.08435
2002.08452
2002.08551
2002.08750
2002.08807
2002.08814
2002.08903
2002.09061
2002.09148
2002.09379
2002.09450
2002.09466
2002.09486
2002.09509
2002.09521
2002.09551
2002.09582
2002.09798
2002.09813
2002.09819
2002.09894
2002.09906
2002.09908
2002.10000
2002.10056
2002.10203
2002.10232
2002.10300
2002.10358
2002.10450
2002.10554
2002.10682
2002.10741
2002.10775
2002.10824
2002.10854
2002.10960
2002.10976
2002.11033
2002.11068
2002.11094
2002.11125
2002.11179
2002.11183
2002.11285
2002.11353
2002.11366
2002.11417
2002.11445
2002.11489
2002.11539
2002.11607
2002.11608
2002.11627
2002.11657
2002.11709
2002.11811
2002.11858
2002.11872
2002.11899
2002.11920
2002.11931
2002.11941
2002.11964
2002.11968
2002.11981
2002.11984
2002.11988
2002.12072
2002.12074
2002.12099
2002.12107
2002.12136
2002.12139
2002.12155
2002.12332
2002.12353
2002.12421
2002.12644
2003.00077
2003.00314
2003.00398
2003.00469
2003.00581
2003.00604
2003.00666
2003.00761
2003.00781
2003.00815
2003.00852
2003.00901
2003.01237
2003.01253
2003.01255
2003.01387
2003.01428
2003.01451
2003.01500
2003.01559
2003.01561
2003.01675
2003.01689
2003.01830
2003.01844
2003.01863
2003.01890
2003.01925
2003.02006
2003.02112
2003.02118
2003.02153
2003.02201
2003.02243
2003.02246
2003.02414
2003.02419
2003.02494
2003.02511
2003.02543
2003.02557
2003.02572
2003.02592
2003.02772
2003.03048
2003.03082
2003.03175
2003.03240
2003.03298
2003.03400
2003.03429
2003.03450
2003.03493
2003.03661
2003.03733
2003.03764
2003.03790
2003.03840
2003.03911
2003.03965
2003.04029
2003.04075
2003.04076
2003.04077
2003.04112
2003.04121
2003.04122
2003.04153
2003.04197
2003.04240
2003.04350
2003.04611
2003.04615
2003.04634
2003.04648
2003.04667
2003.04738
2003.04825
2003.04918
2003.04929
2003.05031
2003.05180
2003.05205
2003.05236
2003.05368
2003.05374
2003.05380
2003.05418
2003.05421
2003.05427
2003.05584
2003.05589
2003.05629
2003.05791
2003.05834
2003.05906
2003.05960
2003.06057
2003.06114
2003.06165
2003.06367
2003.06386
2003.06490
2003.06546
2003.06547
2003.06569
2003.06621
2003.06643
2003.06645
2003.06654
2003.06668
2003.06673
2003.06689
2003.06766
2003.06890
2003.06931
2003.07168
2003.07170
2003.07172
2003.07185
2003.07204
2003.07287
2003.07359
2003.07389
2003.07517
2003.07570
2003.07633
2003.07827
2003.07831
2003.08068
2003.08083
2003.08117
2003.08157
2003.08242
2003.08253
2003.08308
2003.08338
2003.08454
2003.08527
2003.08565
2003.08625
2003.08634
2003.08644
2003.08703
2003.08707
2003.08796
2003.08888
2003.08903
2003.08914
2003.09010
2003.09026
2003.09027
2003.09028
2003.09102
2003.09139
2003.09186
2003.09368
2003.09593
2003.09687
2003.09748
2003.09810
2003.09888
2003.09907
2003.09951
2003.09955
2003.09977
2003.10118
2003.10161
2003.10174
2003.10206
2003.10252
2003.10301
2003.10597
2003.10616
2003.10652
2003.10705
2003.10883
2003.10951
2003.10977
2003.10988
2003.10995
2003.11037
2003.11129
2003.11165
2003.11286
2003.11289
2003.11322
2003.11324
2003.11349
2003.11360
2003.11406
2003.11426
2003.11484
2003.11822
2003.11936
2003.11944
2003.12002
2003.12016
2003.12113
2003.12161
2003.12166
2003.12173
2003.12242
2003.12269
2003.12354
2003.12357
2003.12378
2003.12491
2003.12653
2003.12706
2003.12707
2003.12731
2003.12749
2003.12785
2003.12868
2003.12910
2003.12926
2003.12965
2003.13040
2003.13100
2003.13122
2003.13140
2003.13188
2003.13248
2003.13378
2003.13458
2003.13714
2003.13738
2003.13829
2003.13916
2003.13937
2003.13938
2003.13944
2003.14035
2003.14153
2003.14154
2003.14221
2003.14252
2003.14277
2004.00090
2004.00189
2004.00209
2004.00233
2004.00278
2004.00284
2004.00332
2004.00373
2004.00504
2004.00555
2004.00578
2004.00612
2004.00820
2004.00821
2004.00823
2004.00840
2004.01040
2004.01080
2004.01125
2004.01175
2004.01224
2004.01425
2004.01641
2004.01780
2004.01844
2004.01884
2004.02074
2004.02090
2004.02185
2004.02193
2004.02245
2004.02292
2004.02301
2004.02367
2004.02500
2004.02666
2004.02847
2004.02971
2004.02976
2004.03014
2004.03117
2004.03122
2004.03263
2004.03308
2004.03331
2004.03365
2004.03396
2004.03581
2004.03594
2004.03596
2004.03770
2004.03847
2004.03920
2004.03944
2004.03949
2004.03983
2004.04298
2004.04436
2004.04556
2004.04651
2004.04716
2004.04766
2004.04855
2004.04920
2004.05144
2004.05147
2004.05156
2004.05212
2004.05218
2004.05227
2004.05376
2004.05391
2004.05393
2004.05468
2004.05492
2004.05581
2004.05602
2004.05643
2004.05644
2004.05678
2004.05854
2004.05924
2004.05926
2004.05929
2004.05949
2004.06024
2004.06035
2004.06039
2004.06146
2004.06204
2004.06232
2004.06241
2004.06350
2004.06611
2004.06710
2004.06791
2004.06886
2004.06923
2004.06959
2004.06988
2004.07137
2004.07172
2004.07264
2004.07335
2004.07357
2004.07587
2004.07611
2004.07652
2004.07689
2004.07722
2004.08001
2004.08007
2004.08081
2004.08117
2004.08158
2004.08232
2004.08244
2004.08266
2004.08315
2004.08316
2004.08461
2004.08660
2004.08743
2004.08860
2004.08899
2004.08954
2004.08989
2004.09041
2004.09046
2004.09092
2004.09155
2004.09256
2004.09283
2004.09343
2004.09353
2004.09357
2004.09358
2004.09377
2004.09488
2004.09505
2004.09765
2004.09975
2004.10038
2004.10054
2004.10086
2004.10189
2004.10269
2004.10273
2004.10278
2004.10357
2004.10418
2004.10526
2004.10528
2004.10559
2004.10564
2004.10583
2004.10592
2004.10601
2004.10625
2004.10650
2004.10719
2004.10839
2004.10997
2004.11415
2004.11495
2004.11501
2004.11510
2004.11774
2004.11835
2004.11859
2004.12036
2004.12044
2004.12085
2004.12122
2004.12142
2004.12153
2004.12172
2004.12257
2004.12490
2004.12528
2004.12552
2004.12605
2004.12912
2004.13108
2004.13208
2004.13227
2004.13228
2004.13415
2004.13487
2004.13644
2004.13683
2004.13690
2004.13801
2004.13813
2004.13882
2004.13938
2004.14000
2004.14022
2004.14037
2004.14076
2004.14158
2004.14244
2004.14410
2004.14450
2004.14465
2004.14631
2004.14683
2004.14742
2004.14760
2004.14763
2004.14828
2004.14904
2004.14916
2004.14947
2005.00125
2005.00150
2005.00194
2005.00255
2005.00275
2005.00380
2005.00530
2005.00679
2005.00888
2005.00896
2005.00911
2005.00941
2005.01062
2005.01067
2005.01145
2005.01212
2005.01216
2005.01272
2005.01300
2005.01490
2005.01523
2005.01537
2005.01664
2005.01685
2005.01695
2005.01907
2005.01915
2005.01919
2005.01940
2005.01963
2005.02017
2005.02027
2005.02081
2005.02128
2005.02226
2005.02246
2005.02327
2005.02340
2005.02385
2005.02391
2005.02393
2005.02422
2005.02438
2005.02448
2005.02520
2005.02615
2005.02622
2005.02685
2005.02920
2005.02922
2005.02923
2005.02989
2005.02996
2005.02998
2005.03162
2005.03273
2005.03280
2005.03316
2005.03392
2005.03407
2005.03484
2005.03587
2005.03628
2005.03680
2005.03811
2005.03874
2005.03921
2005.04102
2005.04159
2005.04164
2005.04194
2005.04197
2005.04280
2005.04281
2005.04295
2005.04314
2005.04429
2005.04478
2005.04481
2005.04521
2005.04595
2005.04633
2005.04656
2005.04663
2005.04664
2005.04698
2005.04746
2005.04776
2005.04786
2005.04801
2005.04811
2005.04829
2005.05008
2005.05039
2005.05142
2005.05188
2005.05214
2005.05231
2005.05285
2005.05302
2005.05315
2005.05379
2005.05473
2005.05475
2005.05484
2005.05500
2005.05564
2005.05694
2005.05800
2005.05804
2005.05833
2005.05881
2005.05983
2005.06163
2005.06174
2005.06438
2005.06531
2005.06566
2005.06646
2005.06669
2005.06713
2005.06722
2005.06799
2005.06855
2005.06859
2005.06862
2005.06882
2005.06996
2005.07020
2005.07054
2005.07181
2005.07213
2005.07319
2005.07321
2005.07329
2005.07333
2005.07391
2005.07577
2005.07585
2005.07629
2005.07793
2005.07846
2005.07909
2005.07919
2005.07932
2005.07981
2005.08093
2005.08185
2005.08279
2005.08316
2005.08651
2005.08710
2005.08833
2005.08852
2005.08865
2005.08955
2005.09009
2005.09031
2005.09051
2005.09055
2005.09078
2005.09186
2005.09201
2005.09263
2005.09300
2005.09307
2005.09341
2005.09402
2005.09434
2005.09491
2005.09543
2005.09690
2005.09693
2005.09710
2005.09770
2005.09779
2005.09799
2005.09852
2005.09893
2005.09926
2005.09933
2005.09949
2005.09970
2005.10046
2005.10170
2005.10185
2005.10188
2005.10231
2005.10282
2005.10337
2005.10345
2005.10352
2005.10354
2005.10372
2005.10377
2005.10396
2005.10609
2005.10706
2005.10708
2005.10714
2005.10733
2005.10763
2005.10809
2005.10874
2005.10920
2005.11095
2005.11145
2005.11166
2005.11231
2005.11268
2005.11381
2005.11386
2005.11533
2005.11559
2005.11666
2005.11835
2005.11855
2005.11887
2005.11892
2005.11937
2005.12034
2005.12042
2005.12084
2005.12105
2005.12118
2005.12190
2005.12229
2005.12312
2005.12353
2005.12449
2005.12509
2005.12512
2005.12642
2005.12646
2005.12694
2005.12799
2005.12819
2005.12882
2005.12896
2005.12899
2005.13217
2005.13246
2005.13328
2005.13349
2005.13368
2005.13408
2005.13432
2005.13484
2005.13526
2005.13598
2005.13620
2005.13629
2005.13636
2005.13640
2005.13721
2005.13726
2005.13870
2005.13903
2005.13915
2005.13935
2005.13994
2005.14013
2005.14110
2005.14157
2005.14196
2005.14267
2005.14349
2005.14358
2005.14365
2005.14379
2005.14466
2005.14490
2005.14590
2005.14632
2005.14649
2005.14655
2005.14681
2006.00121
2006.00167
2006.00340
2006.00461
2006.00534
2006.00541
2006.00549
2006.00620
2006.00637
2006.00673
2006.00733
2006.00827
2006.00883
2006.00941
2006.01003
2006.01041
2006.01046
2006.01063
2006.01122
2006.01257
2006.01502
2006.01691
2006.01756
2006.01774
2006.01891
2006.02185
2006.02202
2006.02264
2006.02288
2006.02291
2006.02335
2006.02356
2006.02373
2006.02429
2006.02494
2006.02527
2006.02538
2006.02543
2006.02623
2006.02630
2006.02638
2006.02680
2006.02702
2006.02754
2006.02783
2006.02791
2006.02874
2006.02877
2006.02918
2006.02953
2006.02966
2006.02967
2006.02970
2006.02997
2006.03003
2006.03008
2006.03013
2006.03036
2006.03135
2006.03300
2006.03337
2006.03401
2006.03574
2006.03585
2006.03660
2006.03668
2006.03692
2006.03878
2006.03934
2006.04060
2006.04095
2006.04177
2006.04187
2006.04196
2006.04281
2006.04288
2006.04302
2006.04329
2006.04450
2006.04465
2006.04490
2006.04500
2006.04503
2006.04531
2006.04668
2006.04741
2006.04758
2006.04789
2006.04869
2006.04909
2006.04914
2006.04927
2006.04934
2006.04936
2006.04993
2006.05116
2006.05269
2006.05273
2006.05417
2006.05667
2006.05685
2006.05727
2006.05803
2006.05954
2006.05984
2006.06116
2006.06139
2006.06157
2006.06213
2006.06230
2006.06388
2006.06572
2006.06859
2006.06876
2006.07069
2006.07088
2006.07423
2006.07432
2006.07445
2006.07566
2006.07645
2006.07646
2006.07811
2006.07819
2006.07824
2006.07873
2006.07895
2006.07927
2006.07951
2006.07987
2006.08013
2006.08050
2006.08083
2006.08113
2006.08126
2006.08142
2006.08250
2006.08394
2006.08406
2006.08444
2006.08462
2006.08474
2006.08503
2006.08542
2006.08563
2006.08578
2006.08838
2006.08909
2006.08926
2006.08968
2006.08998
2006.09036
2006.09076
2006.09177
2006.09305
2006.09413
2006.09520
2006.09541
2006.09620
2006.09659
2006.09704
2006.09727
2006.09880
2006.09922
2006.09924
2006.09947
2006.09954
2006.09958
2006.09968
2006.10074
2006.10170
2006.10295
2006.10344
2006.10349
2006.10549
2006.10590
2006.10697
2006.10725
2006.10790
2006.10870
2006.10878
2006.10906
2006.11074
2006.11075
2006.11230
2006.11260
2006.11261
2006.11269
2006.11499
2006.11640
2006.11644
2006.11678
2006.11699
2006.11701
2006.11745
2006.11748
2006.11753
2006.11838
2006.11847
2006.11866
2006.11870
2006.11922
2006.12002
2006.12034
2006.12048
2006.12116
2006.12173
2006.12239
2006.12310
2006.12319
2006.12357
2006.12438
2006.12472
2006.12481
2006.12547
2006.12548
2006.12650
2006.12781
2006.12820
2006.12869
2006.12967
2006.12991
2006.13052
2006.13097
2006.13103
2006.13115
2006.13162
2006.13196
2006.13323
2006.13345
2006.13355
2006.13356
2006.13446
2006.13454
2006.13569
2006.13604
2006.13647
2006.13667
2006.13723
2006.13771
2006.13930
2006.14012
2006.14134
2006.14203
2006.14219
2006.14228
2006.14342
2006.14425
2006.14489
2006.14491
2006.14562
2006.14716
2006.14742
2006.14764
2006.14786
2006.14907
2006.14935
2006.14963
2006.14966
2006.15106
2006.15200
2006.15236
2006.15250
2006.15251
2006.15287
2006.15307
2006.15361
2006.15365
2006.15388
2006.15400
2006.15439
2006.15504
2006.15511
2006.15612
2006.15613
2006.15661
2006.15683
2006.15723
2006.15726
2006.15835
2006.15842
2006.15856
2006.15952
2006.16076
2006.16119
2006.16195
2006.16237
2006.16294
2006.16354
2006.16358
2006.16419
2006.16447
2006.16457
2006.16491
2006.16513
2006.16565
2006.16629
2006.16667
2006.16674
2006.16756
2006.16794
2006.16853
2006.16857
2006.16884
2006.16886
2007.00055
2007.00065
2007.00123
2007.00172
2007.00173
2007.00213
2007.00270
2007.00414
2007.00512
2007.00567
2007.00802
2007.00956
2007.00988
2007.01209
2007.01227
2007.01275
2007.01329
2007.01336
2007.01364
2007.01515
2007.01749
2007.01808
2007.01894
2007.01920
2007.01991
2007.02055
2007.02069
2007.02301
2007.02318
2007.02344
2007.02508
2007.02623
2007.02644
2007.02647
2007.02689
2007.02697
2007.02730
2007.02814
2007.02917
2007.02988
2007.03088
2007.03170
2007.03376
2007.03411
2007.03476
2007.03489
2007.03528
2007.03664
2007.03712
2007.03957
2007.03981
2007.03996
2007.03998
2007.04114
2007.04288
2007.04290
2007.04742
2007.04859
2007.04864
2007.04914
2007.05017
2007.05043
2007.05211
2007.05383
2007.05398
2007.05476
2007.05480
2007.05601
2007.05763
2007.05771
2007.05774
2007.05823
2007.05871
2007.05953
2007.05958
2007.05972
2007.06224
2007.06453
2007.06454
2007.06652
2007.06777
2007.06788
2007.06821
2007.06861
2007.06879
2007.06981
2007.07130
2007.07303
2007.07392
2007.07454
2007.07659
2007.07765
2007.07800
2007.07822
2007.08008
2007.08119
2007.08147
2007.08264
2007.08280
2007.08295
2007.08358
2007.08407
2007.08683
2007.08756
2007.08774
2007.08865
2007.08967
2007.09044
2007.09242
2007.09274
2007.09275
2007.09292
2007.09497
2007.09508
2007.09514
2007.09553
2007.09705
2007.09734
2007.09787
2007.09794
2007.09803
2007.09819
2007.09821
2007.09918
2007.09984
2007.10094
2007.10132
2007.10249
2007.10313
2007.10447
2007.10533
2007.10535
2007.10554
2007.10585
2007.10713
2007.10816
2007.10910
2007.10936
2007.10949
2007.11014
2007.11017
2007.11060
2007.11062
2007.11162
2007.11169
2007.11334
2007.11425
2007.11473
2007.11486
2007.11526
2007.11552
2007.11570
2007.11861
2007.11873
2007.12042
2007.12097
2007.12143
2007.12169
2007.12282
2007.12299
2007.12321
2007.12533
2007.12573
2007.12781
2007.12797
2007.12879
2007.12962
2007.12996
2007.13047
2007.13097
2007.13147
2007.13154
2007.13189
2007.13205
2007.13214
2007.13268
2007.13291
2007.13330
2007.13367
2007.13397
2007.13569
2007.13582
2007.13583
2007.13636
2007.13817
2007.13844
2007.13929
2007.13949
2007.13961
2007.14008
2007.14037
2007.14048
2007.14182
2007.14183
2007.14324
2007.14422
2007.14537
2007.14551
2007.14567
2007.14616
2007.14617
2007.14618
2007.14639
2007.14661
2007.14785
2007.14930
2007.15078
2007.15089
2007.15100
2007.15142
2007.15170
2007.15180
2007.15327
2007.15482
2007.15644
2007.15682
2007.15977
2007.15997
2007.16016
2007.16033
2007.16099
2007.16159
2008.00050
2008.00066
2008.00215
2008.00284
2008.00389
2008.00433
2008.00538
2008.00556
2008.00570
2008.00654
2008.00764
2008.00844
2008.00850
2008.01073
2008.01222
2008.01223
2008.01228
2008.01417
2008.01501
2008.01603
2008.01607
2008.01678
2008.01757
2008.01771
2008.01793
2008.01834
2008.01862
2008.01959
2008.02210
2008.02235
2008.02343
2008.02351
2008.02422
2008.02462
2008.02488
2008.02525
2008.02541
2008.02570
2008.02571
2008.02619
2008.02621
2008.02632
2008.02647
2008.02717
2008.02967
2008.02998
2008.03041
2008.03432
2008.03505
2008.03575
2008.03608
2008.03618
2008.03630
2008.03769
2008.03774
2008.03916
2008.04029
2008.04043
2008.04192
2008.04243
2008.04268
2008.04300
2008.04440
2008.04472
2008.04518
2008.04709
2008.04728
2008.04787
2008.04841
2008.04842
2008.04956
2008.04960
2008.04971
2008.05036
2008.05165
2008.05253
2008.05280
2008.05354
2008.05469
2008.05689
2008.05738
2008.05778
2008.05837
2008.05947
2008.06077
2008.06124
2008.06140
2008.06143
2008.06155
2008.06174
2008.06235
2008.06398
2008.06401
2008.06469
2008.06523
2008.06675
2008.06749
2008.07099
2008.07136
2008.07144
2008.07206
2008.07216
2008.07218
2008.07337
2008.07379
2008.07400
2008.07503
2008.07655
2008.07659
2008.07752
2008.07794
2008.07804
2008.07850
2008.07938
2008.08020
2008.08029
2008.08095
2008.08149
2008.08153
2008.08187
2008.08229
2008.08253
2008.08344
2008.08392
2008.08398
2008.08411
2008.08566
2008.08568
2008.08684
2008.08687
2008.08768
2008.08962
2008.09087
2008.09235
2008.09247
2008.09380
2008.09489
2008.09560
2008.09573
2008.09677
2008.09698
2008.09852
2008.09871
2008.09886
2008.09905
2008.09962
2008.09971
2008.10069
2008.10095
2008.10113
2008.10152
2008.10186
2008.10198
2008.10252
2008.10294
2008.10310
2008.10328
2008.10335
2008.10339
2008.10342
2008.10398
2008.10500
2008.10502
2008.10574
2008.10718
2008.10732
2008.10899
2008.10965
2008.10974
2008.11020
2008.11031
2008.11063
2008.11071
2008.11096
2008.11101
2008.11103
2008.11119
2008.11150
2008.11163
2008.11253
2008.11268
2008.11325
2008.11559
2008.11637
2008.11771
2008.11905
2008.12026
2008.12035
2008.12040
2008.12113
2008.12119
2008.12160
2008.12232
2008.12392
2008.12400
2008.12406
2008.12506
2008.12536
2008.12593
2008.12809
2008.12847
2008.12913
2008.13053
2008.13073
2008.13079
2008.13106
2008.13157
2008.13158
2008.13163
2008.13297
2008.13399
2008.13407
2008.13475
2008.13500
2009.00129
2009.00194
2009.00313
2009.00441
2009.00654
2009.00691
2009.00769
2009.00892
2009.00947
2009.01084
2009.01089
2009.01096
2009.01106
2009.01114
2009.01191
2009.01281
2009.01301
2009.01346
2009.01402
2009.01414
2009.01425
2009.01428
2009.01477
2009.01511
2009.01622
2009.01667
2009.01774
2009.01795
2009.01813
2009.01831
2009.02025
2009.02140
2009.02221
2009.02442
2009.02446
2009.02485
2009.02501
2009.02533
2009.02639
2009.02680
2009.02729
2009.02758
2009.02767
2009.02842
2009.02981
2009.03127
2009.03174
2009.03225
2009.03275
2009.03277
2009.03282
2009.03306
2009.03345
2009.03392
2009.03460
2009.03493
2009.03513
2009.03515
2009.03609
2009.03620
2009.03708
2009.03725
2009.03772
2009.03875
2009.03931
2009.03943
2009.04031
2009.04050
2009.04052
2009.04099
2009.04112
2009.04229
2009.04322
2009.04379
2009.04389
2009.04431
2009.04716
2009.04757
2009.04853
2009.04955
2009.04957
2009.05000
2009.05084
2009.05125
2009.05223
2009.05238
2009.05251
2009.05278
2009.05299
2009.05305
2009.05433
2009.05435
2009.05480
2009.05751
2009.05760
2009.05862
2009.05937
2009.05979
2009.05980
2009.06012
2009.06250
2009.06464
2009.06473
2009.06575
2009.06583
2009.06597
2009.06612
2009.06708
2009.06718
2009.06722
2009.06800
2009.06915
2009.07028
2009.07089
2009.07093
2009.07104
2009.07128
2009.07134
2009.07150
2009.07180
2009.07194
2009.07236
2009.07254
2009.07328
2009.07336
2009.07350
2009.07441
2009.07609
2009.07614
2009.07779
2009.07807
2009.07891
2009.07976
2009.08035
2009.08053
2009.08184
2009.08222
2009.08230
2009.08235
2009.08298
2009.08399
2009.08419
2009.08444
2009.08476
2009.08505
2009.08571
2009.08622
2009.08846
2009.08969
2009.08998
2009.09044
2009.09160
2009.09240
2009.09268
2009.09274
2009.09293
2009.09340
2009.09409
2009.09510
2009.09518
2009.09601
2009.09639
2009.09640
2009.09701
2009.09807
2009.09885
2009.09951
2009.09992
2009.10313
2009.10431
2009.10433
2009.10485
2009.10512
2009.10546
2009.10572
2009.10774
2009.10850
2009.10851
2009.10857
2009.10873
2009.11019
2009.11379
2009.11400
2009.11490
2009.11578
2009.11602
2009.11605
2009.11703
2009.11704
2009.11707
2009.11721
2009.11750
2009.11786
2009.11874
2009.11886
2009.11897
2009.11934
2009.12159
2009.12180
2009.12251
2009.12305
2009.12329
2009.12450
2009.12475
2009.12594
2009.12598
2009.12650
2009.12761
2009.12899
2009.13024
2009.13119
2009.13258
2009.13262
2009.13343
2009.13360
2009.13387
2009.13486
2009.13497
2009.13608
2009.13669
2009.13791
2009.13795
2009.13809
2009.13837
2009.13926
2009.13947
2009.13980
2009.14026
2009.14069
2009.14070
2009.14099
2009.14170
2009.14196
2009.14236
2009.14298
2009.14353
2009.14359
2009.14382
2009.14400
2009.14504
2009.14568
2009.14609
2009.14644
2009.14652
2009.14742
2009.14762
2009.14773
2010.00126
2010.00563
2010.00650
2010.00657
2010.00707
2010.00715
2010.00759
2010.00920
2010.00924
2010.00945
2010.00963
2010.01000
2010.01008
2010.01096
2010.01130
2010.01211
2010.01213
2010.01281
2010.01308
2010.01325
2010.01455
2010.01511
2010.01517
2010.01594
2010.01714
2010.01731
2010.01743
2010.01784
2010.01789
2010.01806
2010.01896
2010.02050
2010.02063
2010.02067
2010.02271
2010.02292
2010.02321
2010.02325
2010.02328
2010.02410
2010.02504
2010.02595
2010.02668
2010.02677
2010.02712
2010.02913
2010.03020
2010.03055
2010.03151
2010.03186
2010.03254
2010.03304
2010.03359
2010.03410
2010.03440
2010.03463
2010.03474
2010.03521
2010.03696
2010.03801
2010.03811
2010.03830
2010.03884
2010.04059
2010.04490
2010.04522
2010.04670
2010.04846
2010.04919
2010.04982
2010.04988
2010.04996
2010.05018
2010.05033
2010.05138
2010.05231
2010.05283
2010.05361
2010.05420
2010.05450
2010.05505
2010.05678
2010.05748
2010.05775
2010.05804
2010.05944
2010.06013
2010.06036
2010.06093
2010.06272
2010.06297
2010.06399
2010.06428
2010.06462
2010.06500
2010.06575
2010.06598
2010.06643
2010.06719
2010.06756
2010.06817
2010.06833
2010.06898
2010.06967
2010.07112
2010.07197
2010.07200
2010.07214
2010.07238
2010.07247
2010.07251
2010.07285
2010.07294
2010.07331
2010.07353
2010.07362
2010.07364
2010.07365
2010.07579
2010.07682
2010.07705
2010.07890
2010.07924
2010.07992
2010.07995
2010.08023
2010.08026
2010.08085
2010.08096
2010.08133
2010.08331
2010.08332
2010.08342
2010.08408
2010.08435
2010.08481
2010.08579
2010.08594
2010.08623
2010.08646
2010.08672
2010.08736
2010.08842
2010.08857
2010.08970
2010.09004
2010.09043
2010.09069
2010.09123
2010.09124
2010.09167
2010.09178
2010.09200
2010.09238
2010.09266
2010.09492
2010.09493
2010.09530
2010.09551
2010.09699
2010.09881
2010.09910
2010.09996
2010.10014
2010.10021
2010.10023
2010.10094
2010.10153
2010.10175
2010.10251
2010.10256
2010.10335
2010.10355
2010.10490
2010.10496
2010.10558
2010.10668
2010.10675
2010.10689
2010.10705
2010.10725
2010.10745
2010.10946
2010.10974
2010.11022
2010.11069
2010.11139
2010.11179
2010.11275
2010.11355
2010.11479
2010.11670
2010.11756
2010.11763
2010.11892
2010.11905
2010.12145
2010.12403
2010.12410
2010.12555
2010.12845
2010.12979
2010.12999
2010.13010
2010.13079
2010.13293
2010.13307
2010.13390
2010.13426
2010.13489
2010.13521
2010.13526
2010.13614
2010.13638
2010.13645
2010.13781
2010.13932
2010.13947
2010.14024
2010.14046
2010.14065
2010.14118
2010.14315
2010.14321
2010.14345
2010.14410
2010.14494
2010.14536
2010.14559
2010.14567
2010.14572
2010.14574
2010.14696
2010.14760
2010.14790
2010.14843
2010.14899
2010.14932
2010.14941
2010.14956
2010.14960
2010.14990
2010.15004
2010.15107
2010.15118
2010.15160
2010.15170
2010.15216
2010.15291
2010.15325
2010.15424
2010.15494
2010.15512
2010.15543
2010.15580
2010.15592
2010.15608
2010.15657
2010.15707
2010.15744
2010.15935
2010.15941
2010.15988
2010.16123
2010.16134
2010.16291
2010.16329
2010.16370
2010.16371
2011.00025
2011.00142
2011.00152
2011.00158
2011.00284
2011.00314
2011.00434
2011.00455
2011.00590
2011.00600
2011.00932
2011.01099
2011.01172
2011.01186
2011.01356
2011.01451
2011.01527
2011.01577
2011.01598
2011.01658
2011.01684
2011.01717
2011.01759
2011.02058
2011.02064
2011.02118
2011.02254
2011.02331
2011.02386
2011.02393
2011.02611
2011.02649
2011.02650
2011.02685
2011.02755
2011.02757
2011.02762
2011.02847
2011.02968
2011.02975
2011.02984
2011.03233
2011.03313
2011.03326
2011.03400
2011.03457
2011.03613
2011.03858
2011.03887
2011.03951
2011.03967
2011.04039
2011.04220
2011.04325
2011.04326
2011.04374
2011.04388
2011.04390
2011.04846
2011.04900
2011.04944
2011.05006
2011.05024
2011.05069
2011.05187
2011.05198
2011.05237
2011.05307
2011.05387
2011.05398
2011.05407
2011.05415
2011.05535
2011.05572
2011.05810
2011.05815
2011.05848
2011.05952
2011.06136
2011.06142
2011.06178
2011.06273
2011.06318
2011.06360
2011.06559
2011.06579
2011.06586
2011.06627
2011.06683
2011.06972
2011.06986
2011.07020
2011.07056
2011.07241
2011.07354
2011.07386
2011.07409
2011.07504
2011.07525
2011.07536
2011.07540
2011.07558
2011.07578
2011.07582
2011.07708
2011.07716
2011.07767
2011.07796
2011.07922
2011.08118
2011.08220
2011.08348
2011.08358
2011.08386
2011.08427
2011.08429
2011.08535
2011.08640
2011.08667
2011.08699
2011.08732
2011.08766
2011.08773
2011.08776
2011.08788
2011.08834
2011.08842
2011.08874
2011.08887
2011.08958
2011.09163
2011.09187
2011.09306
2011.09310
2011.09382
2011.09401
2011.09405
2011.09451
2011.09521
2011.09597
2011.09691
2011.09807
2011.09885
2011.09898
2011.09963
2011.09989
2011.10140
2011.10267
2011.10387
2011.10497
2011.10552
2011.10692
2011.10703
2011.10722
2011.10859
2011.10913
2011.10978
2011.10980
2011.11135
2011.11419
2011.11468
2011.11549
2011.11718
2011.11727
2011.11790
2011.11945
2011.11980
2011.12054
2011.12084
2011.12089
2011.12204
2011.12275
2011.12316
2011.12370
2011.12613
2011.12748
2011.12795
2011.12840
2011.12880
2011.12894
2011.12897
2011.12940
2011.13008
2011.13067
2011.13068
2011.13195
2011.13266
2011.13513
2011.13525
2011.13578
2011.13617
2011.13701
2011.13708
2011.13891
2011.13903
2011.14161
2011.14210
2011.14232
2011.14248
2011.14338
2011.14348
2011.14367
2011.14401
2011.14466
2011.14502
2011.14524
2011.14528
2011.14601
2011.14653
2011.14671
2011.14915
2011.15064
2011.15075
2011.15098
2011.15106
2012.00178
2012.00264
2012.00285
2012.00340
2012.00502
2012.00539
2012.00542
2012.00570
2012.00591
2012.00610
2012.00625
2012.00882
2012.01041
2012.01117
2012.01147
2012.01202
2012.01324
2012.01337
2012.01391
2012.01408
2012.01413
2012.01534
2012.01670
2012.01677
2012.01681
2012.01712
2012.01720
2012.01762
2012.01809
2012.01844
2012.01904
2012.01969
2012.02078
2012.02187
2012.02428
2012.02457
2012.02503
2012.02563
2012.02588
2012.02853
2012.02892
2012.03052
2012.03056
2012.03068
2012.03076
2012.03102
2012.03523
2012.03771
2012.03818
2012.04013
2012.04084
2012.04093
2012.04139
2012.04146
2012.04165
2012.04219
2012.04311
2012.04392
2012.04508
2012.04523
2012.04615
2012.04693
2012.04695
2012.04836
2012.04871
2012.04914
2012.05102
2012.05121
2012.05236
2012.05281
2012.05483
2012.05599
2012.05675
2012.05746
2012.05778
2012.05984
2012.06220
2012.06247
2012.06322
2012.06323
2012.06339
2012.06445
2012.06476
2012.06515
2012.06581
2012.06676
2012.06949
2012.07067
2012.07076
2012.07078
2012.07083
2012.07097
2012.07232
2012.07308
2012.07323
2012.07324
2012.07336
2012.07338
2012.07402
2012.07492
2012.07568
2012.07673
2012.07781
2012.07803
2012.07807
2012.07817
2012.07918
2012.08122
2012.08211
2012.08232
2012.08277
2012.08280
2012.08283
2012.08480
2012.08500
2012.08558
2012.08585
2012.08683
2012.08699
2012.08705
2012.08728
2012.08877
2012.09045
2012.09085
2012.09198
2012.09208
2012.09280
2012.09464
2012.09506
2012.09563
2012.09644
2012.09675
2012.09735
2012.09774
2012.09836
2012.09840
2012.09893
2012.09926
2012.09927
2012.09947
2012.10015
2012.10064
2012.10290
2012.10332
2012.10486
2012.10587
2012.10697
2012.10742
2012.10766
2012.10784
2012.10799
2012.10803
2012.10805
2012.10835
2012.11005
2012.11034
2012.11063
2012.11121
2012.11173
2012.11302
2012.11306
2012.11458
2012.11535
2012.11565
2012.11686
2012.11750
2012.11770
2012.11771
2012.11837
2012.11845
2012.11846
2012.11872
2012.11897
2012.12017
2012.12038
2012.12046
2012.12064
2012.12245
2012.12339
2012.12353
2012.12363
2012.12475
2012.12534
2012.12666
2012.12672
2012.12674
2012.12719
2012.12757
2012.12833
2012.12879
2012.13213
2012.13274
2012.13372
2012.13433
2012.13451
2012.13471
2012.13655
2012.13672
2012.13711
2012.13855
2012.13984
2012.13998
2012.14006
2012.14019
2012.14054
2012.14064
2012.14075
2012.14354
2012.14403
2012.14422
2012.14461
2012.14485
2012.14529
2012.14659
2012.14824
2012.14841
2012.14861
2012.14922
2012.14960
2012.15065
2012.15066
2012.15073
2012.15135
2012.15271
2012.15292
2012.15315
2012.15319
2012.15401
2012.15434
2012.15507
2012.15508
2012.15509
2012.15539
2012.15598
2012.15659
2012.15663
2012.15669
2012.15736
2012.15765
2012.15778
2012.15794
2012.15801
2012.15805
2012.15809
2101.00103
2101.00263
2101.00279
2101.00342
2101.00487
2101.00560
2101.00601
2101.00632
2101.00635
2101.00658
2101.00766
2101.00776
2101.00811
2101.00839
2101.00846
2101.00872
2101.00917
2101.00919
2101.00979
2101.00998
2101.01010
2101.01034
2101.01059
2101.01089
2101.01090
2101.01112
2101.01136
2101.01265
2101.01348
2101.01424
2101.01451
2101.01512
2101.01529
2101.01567
2101.01579
2101.01650
2101.01747
2101.01760
2101.01858
2101.01862
2101.01873
2101.01879
2101.01893
2101.01903
2101.02076
2101.02189
2101.02283
2101.02293
2101.02586
2101.02673
2101.02771
2101.02832
2101.02902
2101.02933
2101.02950
2101.02953
2101.03001
2101.03101
2101.03114
2101.03136
2101.03145
2101.03316
2101.03407
2101.03421
2101.03440
2101.03475
2101.03561
2101.03576
2101.03607
2101.03748
2101.03797
2101.04024
2101.04055
2101.04298
2101.04418
2101.04578
2101.04597
2101.04638
2101.04654
2101.04676
2101.04900
2101.04901
2101.04906
2101.04931
2101.04937
2101.04991
2101.05112
2101.05185
2101.05193
2101.05238
2101.05251
2101.05274
2101.05480
2101.05531
2101.05557
2101.05583
2101.05663
2101.05713
2101.05743
2101.05757
2101.05797
2101.05910
2101.06163
2101.06165
2101.06202
2101.06257
2101.06260
2101.06295
2101.06303
2101.06304
2101.06357
2101.06412
2101.06530
2101.06648
2101.06695
2101.06705
2101.06708
2101.06710
2101.06835
2101.06985
2101.07111
2101.07309
2101.07446
2101.07449
2101.07453
2101.07507
2101.07558
2101.07593
2101.07608
2101.07658
2101.07675
2101.07740
2101.07946
2101.08036
2101.08038
2101.08058
2101.08067
2101.08118
2101.08161
2101.08163
2101.08191
2101.08220
2101.08245
2101.08417
2101.08483
2101.08599
2101.08610
2101.08631
2101.08761
2101.08768
2101.08773
2101.08823
2101.08826
2101.08898
2101.08989
2101.09089
2101.09232
2101.09268
2101.09296
2101.09386
2101.09390
2101.09485
2101.09590
2101.09595
2101.09598
2101.09599
2101.09602
2101.09718
2101.09753
2101.09759
2101.09770
2101.09806
2101.09811
2101.09812
2101.09846
2101.09897
2101.09906
2101.09972
2101.09982
2101.10046
2101.10134
2101.10272
2101.10336
2101.10364
2101.10400
2101.10401
2101.10415
2101.10428
2101.10432
2101.10686
2101.10910
2101.10938
2101.10959
2101.10968
2101.11039
2101.11094
2101.11114
2101.11157
2101.11384
2101.11396
2101.11458
2101.11491
2101.11542
2101.11585
2101.11593
2101.11705
2101.11779
2101.11813
2101.11819
2101.11853
2101.11886
2101.12106
2101.12166
2101.12174
2101.12180
2101.12263
2101.12296
2101.12400
2101.12585
2101.12592
2101.12627
2101.12664
2101.12707
2101.12747
2102.00111
2102.00137
2102.00303
2102.00370
2102.00372
2102.00480
2102.00493
2102.00549
2102.00559
2102.00602
2102.00821
2102.00900
2102.00906
2102.00944
2102.00978
2102.01018
2102.01027
2102.01055
2102.01193
2102.01296
2102.01534
2102.01543
2102.01545
2102.01573
2102.01613
2102.01626
2102.01655
2102.01673
2102.01861
2102.01949
2102.01967
2102.02081
2102.02092
2102.02113
2102.02151
2102.02172
2102.02280
2102.02306
2102.02373
2102.02411
2102.02469
2102.02591
2102.02600
2102.02605
2102.02687
2102.02702
2102.02739
2102.02777
2102.02781
2102.02796
2102.02851
2102.03087
2102.03100
2102.03154
2102.03330
2102.03384
2102.03392
2102.03421
2102.03451
2102.03486
2102.03695
2102.03714
2102.03912
2102.04027
2102.04038
2102.04042
2102.04073
2102.04077
2102.04100
2102.04115
2102.04165
2102.04185
2102.04191
2102.04278
2102.04319
2102.04354
2102.04372
2102.04405
2102.04451
2102.04536
2102.04651
2102.04663
2102.04820
2102.04834
2102.04857
2102.04859
2102.04865
2102.04967
2102.05041
2102.05094
2102.05127
2102.05158
2102.05296
2102.05352
2102.05355
2102.05446
2102.05480
2102.05564
2102.05577
2102.05720
2102.05759
2102.05779
2102.05841
2102.05842
2102.05862
2102.05925
2102.05979
2102.05993
2102.06050
2102.06105
2102.06113
2102.06127
2102.06188
2102.06206
2102.06264
2102.06305
2102.06344
2102.06369
2102.06374
2102.06396
2102.06415
2102.06653
2102.06941
2102.07083
2102.07086
2102.07184
2102.07392
2102.07411
2102.07465
2102.07561
2102.07573
2102.07745
2102.07918
2102.07928
2102.07946
2102.07977
2102.08018
2102.08022
2102.08077
2102.08151
2102.08236
2102.08320
2102.08371
2102.08379
2102.08478
2102.08568
2102.08654
2102.08676
2102.08741
2102.08753
2102.08798
2102.08844
2102.08859
2102.08999
2102.09062
2102.09070
2102.09129
2102.09329
2102.09330
2102.09451
2102.09465
2102.09481
2102.09684
2102.09730
2102.09870
2102.09941
2102.09942
2102.09945
2102.10051
2102.10095
2102.10173
2102.10189
2102.10417
2102.10481
2102.10589
2102.10602
2102.10620
2102.10690
2102.10692
2102.10693
2102.10723
2102.10766
2102.10804
2102.10842
2102.10851
2102.10941
2102.10942
2102.10949
2102.11106
2102.11190
2102.11197
2102.11223
2102.11234
2102.11404
2102.11419
2102.11441
2102.11496
2102.11518
2102.11552
2102.11699
2102.11725
2102.11737
2102.11769
2102.11798
2102.11808
2102.11820
2102.11839
2102.11897
2102.11966
2102.12114
2102.12168
2102.12177
2102.12187
2102.12297
2102.12410
2102.12440
2102.12618
2102.12653
2102.12688
2102.12689
2102.12724
2102.12883
2102.12964
2102.12966
2102.12977
2102.12995
2102.13099
2102.13264
2102.13424
2102.13459
2102.13494
2102.13578
2103.00074
2103.00106
2103.00149
2103.00282
2103.00307
2103.00425
2103.00426
2103.00444
2103.00544
2103.00546
2103.00641
2103.00649
2103.00664
2103.00679
2103.00767
2103.00904
2103.00987
2103.00989
2103.00990
2103.01057
2103.01073
2103.01248
2103.01377
2103.01564
2103.01565
2103.01725
2103.01784
2103.01956
2103.02092
2103.02115
2103.02289
2103.02341
2103.02353
2103.02431
2103.02483
2103.02490
2103.02516
2103.02540
2103.02599
2103.02775
2103.02871
2103.02951
2103.03138
2103.03298
2103.03439
2103.03470
2103.03552
2103.03554
2103.03605
2103.03640
2103.03823
2103.03870
2103.03942
2103.04149
2103.04184
2103.04407
2103.04538
2103.04561
2103.04589
2103.04591
2103.04817
2103.04883
2103.04890
2103.04945
2103.05038
2103.05049
2103.05163
2103.05281
2103.05306
2103.05322
2103.05413
2103.05492
2103.05495
2103.05555
2103.05589
2103.05634
2103.05731
2103.05830
2103.05836
2103.05986
2103.06103
2103.06147
2103.06150
2103.06154
2103.06163
2103.06203
2103.06237
2103.06239
2103.06345
2103.06436
2103.06464
2103.06481
2103.06787
2103.06822
2103.06853
2103.06864
2103.06910
2103.06917
2103.06965
2103.07126
2103.07192
2103.07282
2103.07422
2103.07496
2103.07500
2103.07698
2103.07835
2103.07872
2103.07890
2103.07896
2103.07955
2103.07956
2103.07967
2103.08015
2103.08027
2103.08252
2103.08268
2103.08302
2103.08351
2103.08382
2103.08530
2103.08542
2103.08553
2103.08844
2103.08858
2103.08904
2103.08912
2103.08947
2103.09064
2103.09119
2103.09405
2103.09418
2103.09438
2103.09485
2103.09508
2103.09653
2103.09667
2103.09730
2103.09795
2103.09799
2103.09814
2103.09866
2103.09933
2103.09945
2103.09994
2103.10061
2103.10228
2103.10261
2103.10349
2103.10612
2103.10622
2103.10658
2103.10707
2103.10889
2103.10904
2103.10907
2103.11001
2103.11252
2103.11347
2103.11361
2103.11389
2103.11406
2103.11419
2103.11421
2103.11462
2103.11492
2103.11514
2103.11535
2103.11538
2103.11543
2103.11570
2103.11621
2103.11837
2103.11876
2103.12015
2103.12027
2103.12113
2103.12200
2103.12251
2103.12284
2103.12288
2103.12330
2103.12438
2103.12533
2103.12590
2103.12606
2103.12659
2103.12914
2103.13066
2103.13118
2103.13126
2103.13360
2103.13478
2103.13542
2103.13619
2103.13707
2103.13765
2103.13880
2103.13975
2103.13995
2103.14002
2103.14239
2103.14307
2103.14487
2103.14594
2103.14646
2103.14670
2103.14683
2103.14715
2103.14747
2103.14773
2103.14786
2103.14851
2103.14861
2103.14875
2103.14894
2103.14932
2103.15003
2103.15077
2103.15129
2103.15176
2103.15291
2103.15300
2103.15479
2103.15528
2103.15646
2103.15648
2103.15675
2103.15713
2103.15717
2103.15745
2103.15850
2103.15962
2103.16005
2103.16124
2103.16186
2103.16380
2103.16530
2103.16533
2103.16568
2103.16627
2103.16648
2103.16672
2103.16756
2103.16837
2103.16873
2103.16936
2103.16949
2103.17097
2103.17223
2104.00105
2104.00111
2104.00153
2104.00197
2104.00401
2104.00602
2104.00612
2104.00856
2104.01128
2104.01274
2104.01379
2104.01399
2104.01434
2104.01453
2104.01582
2104.01599
2104.01692
2104.01746
2104.01880
2104.01886
2104.01933
2104.01956
2104.01968
2104.02048
2104.02335
2104.02440
2104.02505
2104.02520
2104.02569
2104.02582
2104.02630
2104.02670
2104.02692
2104.02711
2104.02779
2104.02812
2104.02855
2104.03127
2104.03156
2104.03216
2104.03232
2104.03299
2104.03358
2104.03405
2104.03431
2104.03929
2104.04145
2104.04177
2104.04308
2104.04341
2104.04344
2104.04367
2104.04544
2104.04701
2104.04719
2104.04752
2104.04808
2104.04814
2104.04875
2104.04876
2104.04919
2104.05042
2104.05118
2104.05129
2104.05157
2104.05258
2104.05303
2104.05339
2104.05455
2104.05593
2104.05664
2104.05842
2104.05912
2104.06211
2104.06226
2104.06228
2104.06270
2104.06363
2104.06407
2104.06491
2104.06492
2104.06501
2104.06562
2104.06732
2104.06741
2104.06765
2104.06846
2104.06966
2104.06974
2104.07025
2104.07090
2104.07119
2104.07137
2104.07403
2104.07443
2104.07640
2104.07641
2104.07816
2104.08162
2104.08385
2104.08561
2104.08606
2104.08798
2104.08833
2104.08897
2104.08932
2104.08948
2104.09030
2104.09089
2104.09129
2104.09213
2104.09239
2104.09298
2104.09407
2104.09422
2104.09448
2104.09475
2104.09634
2104.09710
2104.09724
2104.09726
2104.09761
2104.09825
2104.09888
2104.09909
2104.09916
2104.09930
2104.09939
2104.10023
2104.10055
2104.10060
2104.10198
2104.10202
2104.10243
2104.10250
2104.10251
2104.10337
2104.10504
2104.10540
2104.10547
2104.10713
2104.10754
2104.10797
2104.10817
2104.10989
2104.11175
2104.11330
2104.11366
2104.11367
2104.11528
2104.11616
2104.11689
2104.11701
2104.11704
2104.11794
2104.11941
2104.11954
2104.12015
2104.12017
2104.12019
2104.12105
2104.12185
2104.12262
2104.12263
2104.12264
2104.12412
2104.12514
2104.12529
2104.12566
2104.12575
2104.12593
2104.12660
2104.12680
2104.12711
2104.12877
2104.13006
2104.13025
2104.13038
2104.13072
2104.13086
2104.13170
2104.13219
2104.13223
2104.13234
2104.13256
2104.13274
2104.13286
2104.13310
2104.13422
2104.13438
2104.13448
2104.13522
2104.13558
2104.13838
2104.14092
2104.14247
2104.14249
2104.14253
2104.14366
2104.14381
2104.14508
2104.14523
2104.14625
2104.14705
2104.14710
2104.14732
2104.14765
2104.14766
2104.14794
2104.14946
2104.15057
2104.15116
2105.00087
2105.00140
2105.00147
2105.00382
2105.00415
2105.00496
2105.00570
2105.00593
2105.01022
2105.01251
2105.01270
2105.01449
2105.01450
2105.01569
2105.01758
2105.01880
2105.01917
2105.02060
2105.02068
2105.02190
2105.02286
2105.02374
2105.02479
2105.02492
2105.02521
2105.02770
2105.02792
2105.02812
2105.02832
2105.02854
2105.02860
2105.02998
2105.03086
2105.03219
2105.03352
2105.03416
2105.03513
2105.03525
2105.03550
2105.03601
2105.03715
2105.03771
2105.03783
2105.03816
2105.03915
2105.03916
2105.03927
2105.03957
2105.04032
2105.04141
2105.04147
2105.04204
2105.04334
2105.04352
2105.04370
2105.04675
2105.04734
2105.04781
2105.04811
2105.04835
2105.04918
2105.04942
2105.04954
2105.04959
2105.05048
2105.05184
2105.05230
2105.05240
2105.05317
2105.05319
2105.05437
2105.05567
2105.05570
2105.05660
2105.05809
2105.05823
2105.05845
2105.06013
2105.06128
2105.06190
2105.06215
2105.06294
2105.06341
2105.06440
2105.06513
2105.06574
2105.06627
2105.06776
2105.06821
2105.06848
2105.06897
2105.06910
2105.06925
2105.06945
2105.06946
2105.06957
2105.07130
2105.07293
2105.07422
2105.07435
2105.07550
2105.07670
2105.07683
2105.07705
2105.07868
2105.08000
2105.08003
2105.08125
2105.08172
2105.08254
2105.08274
2105.08277
2105.08441
2105.08515
2105.08661
2105.08860
2105.09038
2105.09083
2105.09130
2105.09181
2105.09367
2105.09387
2105.09426
2105.09565
2105.09631
2105.09814
2105.09822
2105.09834
2105.10071
2105.10354
2105.10364
2105.10444
2105.10458
2105.10710
2105.10745
2105.10805
2105.10844
2105.10863
2105.10870
2105.10916
2105.10975
2105.11009
2105.11020
2105.11047
2105.11049
2105.11093
2105.11214
2105.11230
2105.11247
2105.11274
2105.11316
2105.11350
2105.11423
2105.11608
2105.11699
2105.11737
2105.11771
2105.11779
2105.11968
2105.12013
2105.12027
2105.12069
2105.12156
2105.12352
2105.12411
2105.12418
2105.12435
2105.12547
2105.12561
2105.12570
2105.12604
2105.12642
2105.12679
2105.12696
2105.12760
2105.12850
2105.12854
2105.12947
2105.12950
2105.12955
2105.12956
2105.12958
2105.13028
2105.13152
2105.13170
2105.13207
2105.13216
2105.13221
2105.13237
2105.13252
2105.13408
2105.13513
2105.13568
2105.13587
2105.13735
2105.13872
2105.13875
2105.13883
2105.14181
2105.14223
2105.14235
2105.14436
2105.14532
2105.14537
2105.14623
2105.14653
2105.14814
2105.14837
2105.14841
2105.14872
2105.14892
2105.15025
2105.15049
2105.15051
2105.15085
2105.15090
2105.15127
2105.15169
2105.15195
2106.00004
2106.00094
2106.00165
2106.00298
2106.00340
2106.00346
2106.00382
2106.00395
2106.00529
2106.00631
2106.00778
2106.00801
2106.00836
2106.00878
2106.00960
2106.01020
2106.01119
2106.01162
2106.01166
2106.01218
2106.01252
2106.01311
2106.01408
2106.01460
2106.01517
2106.01522
2106.01605
2106.01612
2106.01638
2106.01715
2106.01736
2106.01742
2106.01929
2106.01937
2106.01964
2106.01983
2106.02002
2106.02033
2106.02109
2106.02158
2106.02334
2106.02381
2106.02486
2106.02537
2106.02627
2106.02895
2106.02924
2106.02959
2106.03005
2106.03057
2106.03123
2106.03183
2106.03247
2106.03319
2106.03335
2106.03370
2106.03509
2106.03608
2106.03659
2106.03675
2106.03682
2106.03789
2106.03803
2106.03910
2106.03986
2106.04036
2106.04049
2106.04055
2106.04061
2106.04091
2106.04261
2106.04291
2106.04309
2106.04313
2106.04473
2106.04523
2106.04551
2106.04579
2106.04768
2106.04797
2106.04806
2106.04828
2106.05107
2106.05213
2106.05243
2106.05257
2106.05322
2106.05339
2106.05381
2106.05382
2106.05483
2106.05541
2106.05585
2106.05619
2106.05666
2106.05672
2106.05703
2106.05949
2106.06084
2106.06460
2106.06572
2106.06645
2106.06782
2106.06846
2106.06861
2106.06903
2106.06915
2106.07269
2106.07298
2106.07328
2106.07373
2106.07375
2106.07376
2106.07397
2106.07422
2106.07745
2106.07773
2106.07808
2106.07811
2106.08057
2106.08234
2106.08270
2106.08275
2106.08381
2106.08560
2106.08860
2106.08884
2106.08986
2106.09001
2106.09120
2106.09126
2106.09143
2106.09313
2106.09315
2106.09342
2106.09554
2106.09585
2106.09615
2106.09619
2106.09755
2106.09773
2106.09800
2106.09813
2106.09949
2106.09950
2106.09959
2106.10001
2106.10008
2106.10054
2106.10093
2106.10120
2106.10145
2106.10239
2106.10320
2106.10357
2106.10400
2106.10586
2106.10602
2106.10603
2106.10643
2106.10674
2106.10712
2106.10729
2106.10756
2106.10842
2106.10873
2106.10917
2106.10953
2106.11141
2106.11147
2106.11155
2106.11337
2106.11340
2106.11392
2106.11449
2106.11452
2106.11544
2106.11553
2106.11590
2106.11608
2106.11630
2106.11758
2106.11781
2106.11838
2106.11859
2106.11898
2106.12006
2106.12019
2106.12095
2106.12218
2106.12267
2106.12333
2106.12409
2106.12438
2106.12500
2106.12516
2106.12527
2106.12540
2106.12837
2106.12953
2106.13003
2106.13051
2106.13399
2106.13481
2106.13613
2106.13651
2106.13653
2106.13759
2106.13796
2106.13873
2106.13944
2106.13983
2106.14042
2106.14061
2106.14096
2106.14142
2106.14200
2106.14511
2106.14558
2106.14593
2106.14674
2106.14735
2106.14751
2106.14856
2106.14953
2106.14963
2106.15038
2106.15141
2106.15213
2106.15245
2106.15260
2106.15437
2106.15588
2106.15677
2106.15722
2106.15790
2106.15881
2106.15886
2106.15985
2106.16005
2106.16076
2106.16082
2106.16165
2107.00253
2107.00325
2107.00461
2107.00542
2107.00589
2107.00714
2107.00787
2107.00958
2107.00971
2107.01158
2107.01311
2107.01364
2107.01437
2107.01550
2107.01780
2107.01838
2107.01874
2107.01907
2107.01911
2107.01992
2107.02037
2107.02131
2107.02158
2107.02159
2107.02213
2107.02360
2107.02571
2107.02607
2107.02669
2107.02687
2107.02696
2107.02699
2107.02914
2107.03027
2107.03064
2107.03097
2107.03114
2107.03197
2107.03261
2107.03269
2107.03275
2107.03511
2107.03536
2107.03539
2107.03549
2107.03556
2107.03579
2107.03643
2107.03788
2107.03908
2107.04028
2107.04111
2107.04113
2107.04280
2107.04348
2107.04416
2107.04483
2107.04600
2107.04727
2107.04733
2107.04809
2107.04844
2107.04861
2107.05076
2107.05147
2107.05358
2107.05371
2107.05400
2107.05514
2107.05525
2107.05618
2107.05744
2107.05902
2107.05921
2107.05973
2107.05982
2107.06030
2107.06225
2107.06328
2107.06363
2107.06432
2107.06457
2107.06506
2107.06523
2107.06527
2107.06549
2107.06610
2107.06644
2107.06722
2107.06731
2107.06746
2107.06759
2107.06761
2107.06803
2107.06807
2107.06864
2107.07073
2107.07092
2107.07245
2107.07262
2107.07583
2107.07637
2107.07639
2107.07656
2107.07884
2107.07885
2107.07908
2107.08084
2107.08130
2107.08250
2107.08290
2107.08308
2107.08318
2107.08363
2107.08375
2107.08493
2107.08548
2107.08587
2107.08755
2107.08832
2107.08838
2107.08905
2107.08906
2107.08984
2107.08989
2107.08998
2107.09013
2107.09027
2107.09107
2107.09114
2107.09165
2107.09166
2107.09173
2107.09191
2107.09230
2107.09865
2107.10081
2107.10298
2107.10305
2107.10310
2107.10380
2107.10392
2107.10605
2107.10619
2107.10717
2107.10886
2107.10900
2107.10906
2107.10909
2107.10918
2107.10988
2107.11009
2107.11134
2107.11160
2107.11266
2107.11466
2107.11488
2107.11492
2107.11515
2107.11772
2107.11840
2107.11952
2107.11969
2107.12121
2107.12123
2107.12150
2107.12238
2107.12240
2107.12366
2107.12405
2107.12453
2107.12510
2107.12555
2107.12559
2107.12819
2107.12860
2107.12929
2107.13030
2107.13086
2107.13301
2107.13357
2107.13499
2107.13515
2107.13557
2107.13613
2107.13636
2107.13674
2107.13726
2107.13868
2107.14025
2107.14168
2107.14278
2107.14284
2107.14308
2107.14320
2107.14413
2107.14429
2107.14468
2107.14536
2107.14543
2107.14748
2108.00130
2108.00168
2108.00287
2108.00396
2108.00431
2108.00545
2108.00549
2108.00676
2108.00726
2108.00810
2108.00811
2108.00822
2108.00823
2108.00826
2108.00840
2108.00844
2108.00943
2108.01008
2108.01027
2108.01040
2108.01247
2108.01270
2108.01275
2108.01302
2108.01355
2108.01484
2108.01822
2108.01827
2108.01904
2108.02024
2108.02086
2108.02111
2108.02227
2108.02301
2108.02342
2108.02435
2108.02441
2108.02640
2108.02823
2108.02845
2108.02919
2108.03017
2108.03079
2108.03088
2108.03123
2108.03198
2108.03261
2108.03268
2108.03286
2108.03367
2108.03393
2108.03395
2108.03396
2108.03398
2108.03520
2108.03525
2108.03565
2108.03566
2108.03584
2108.03628
2108.03651
2108.03664
2108.03716
2108.03832
2108.03833
2108.03932
2108.03985
2108.04094
2108.04120
2108.04132
2108.04147
2108.04148
2108.04155
2108.04163
2108.04171
2108.04270
2108.04363
2108.04411
2108.04502
2108.04513
2108.04535
2108.04538
2108.04638
2108.04662
2108.04756
2108.04807
2108.04870
2108.04968
2108.05007
2108.05049
2108.05235
2108.05262
2108.05496
2108.05591
2108.05592
2108.05625
2108.05688
2108.05777
2108.05794
2108.05886
2108.05958
2108.06034
2108.06253
2108.06260
2108.06292
2108.06319
2108.06358
2108.06369
2108.06402
2108.06433
2108.06457
2108.06540
2108.06544
2108.06549
2108.06560
2108.06656
2108.06732
2108.06754
2108.06775
2108.06780
2108.06804
2108.06998
2108.07029
2108.07042
2108.07185
2108.07264
2108.07318
2108.07373
2108.07459
2108.07557
2108.07577
2108.07608
2108.07617
2108.07677
2108.08049
2108.08066
2108.08107
2108.08171
2108.08232
2108.08337
2108.08534
2108.08572
2108.08580
2108.08634
2108.08727
2108.09001
2108.09006
2108.09013
2108.09191
2108.09212
2108.09258
2108.09333
2108.09410
2108.09421
2108.09492
2108.09560
2108.09564
2108.09570
2108.09577
2108.09729
2108.09857
2108.10142
2108.10238
2108.10247
2108.10253
2108.10401
2108.10439
2108.10553
2108.10624
2108.10754
2108.10756
2108.10777
2108.10845
2108.10863
2108.10878
2108.10953
2108.11016
2108.11090
2108.11162
2108.11233
2108.11313
2108.11322
2108.11367
2108.11382
2108.11401
2108.11495
2108.11555
2108.11595
2108.11828
2108.11862
2108.11937
2108.12254
2108.12283
2108.12351
2108.12404
2108.12405
2108.12417
2108.12520
2108.12543
2108.12577
2108.12656
2108.12660
2108.12679
2108.12733
2108.12785
2108.12796
2108.12979
2108.13116
2108.13132
2108.13135
2108.13173
2108.13198
2108.13204
2108.13287
2108.13397
2108.13402
2108.13441
2108.13470
2108.13471
2108.13480
2108.13532
2108.13546
2108.13625
2108.13845
2108.13868
2108.13879
2108.13903
2108.13991
2109.00027
2109.00032
2109.00117
2109.00174
2109.00241
2109.00394
2109.00461
2109.00470
2109.00536
2109.00587
2109.00609
2109.00616
2109.00618
2109.00655
2109.00738
2109.00745
2109.00762
2109.00772
2109.00830
2109.01008
2109.01043
2109.01114
2109.01200
2109.01210
2109.01213
2109.01217
2109.01289
2109.01382
2109.01460
2109.01477
2109.01515
2109.01597
2109.01798
2109.01828
2109.01909
2109.02000
2109.02130
2109.02249
2109.02378
2109.02594
2109.02720
2109.02825
2109.02851
2109.02924
2109.02932
2109.03093
2109.03288
2109.03316
2109.03339
2109.03534
2109.03547
2109.03680
2109.03726
2109.03746
2109.03767
2109.03922
2109.03923
2109.03929
2109.03985
2109.03986
2109.04068
2109.04121
2109.04172
2109.04262
2109.04267
2109.04302
2109.04303
2109.04308
2109.04331
2109.04333
2109.04342
2109.04377
2109.04445
2109.04642
2109.04772
2109.04850
2109.04932
2109.05017
2109.05018
2109.05054
2109.05099
2109.05141
2109.05147
2109.05273
2109.05379
2109.05415
2109.05600
2109.05616
2109.05661
2109.05708
2109.05731
2109.05734
2109.05781
2109.05865
2109.05943
2109.05965
2109.06291
2109.06298
2109.06461
2109.06482
2109.06541
2109.06581
2109.06603
2109.06624
2109.06665
2109.06693
2109.06696
2109.06766
2109.06778
2109.06794
2109.06829
2109.07050
2109.07109
2109.07124
2109.07209
2109.07244
2109.07291
2109.07325
2109.07417
2109.07457
2109.07463
2109.07544
2109.07649
2109.07663
2109.07737
2109.07845
2109.07917
2109.08137
2109.08217
2109.08257
2109.08258
2109.08375
2109.08431
2109.08499
2109.08509
2109.08552
2109.08656
2109.08737
2109.08757
2109.08765
2109.08778
2109.08788
2109.08962
2109.09040
2109.09097
2109.09128
2109.09230
2109.09301
2109.09398
2109.09599
2109.09639
2109.09646
2109.09848
2109.09860
2109.09877
2109.09993
2109.10012
2109.10136
2109.10180
2109.10218
2109.10225
2109.10233
2109.10238
2109.10245
2109.10300
2109.10309
2109.10344
2109.10394
2109.10396
2109.10427
2109.10434
2109.10548
2109.10550
2109.10551
2109.10578
2109.10844
2109.10860
2109.10979
2109.11003
2109.11006
2109.11111
2109.11117
2109.11167
2109.11184
2109.11222
2109.11290
2109.11309
2109.11332
2109.11448
2109.11691
2109.11726
2109.11744
2109.11858
2109.11883
2109.11918
2109.11961
2109.12034
2109.12217
2109.12344
2109.12495
2109.12501
2109.12532
2109.12643
2109.12668
2109.12744
2109.12770
2109.12782
2109.12972
2109.13174
2109.13218
2109.13329
2109.13330
2109.13458
2109.13506
2109.13519
2109.13552
2109.13652
2109.13676
2109.13700
2109.13718
2109.13790
2109.13803
2109.13809
2109.14070
2109.14106
2109.14141
2109.14145
2109.14177
2109.14256
2109.14328
2109.14362
2109.14432
2109.14793
2109.14852
2109.14949
2109.15230
2109.15243
2109.15244
2109.15306
2109.15311
2110.00057
2110.00102
2110.00197
2110.00225
2110.00231
2110.00237
2110.00311
2110.00450
2110.00477
2110.00545
2110.00614
2110.00705
2110.00706
2110.00787
2110.00870
2110.00995
2110.01081
2110.01116
2110.01132
2110.01151
2110.01273
2110.01282
2110.01327
2110.01350
2110.01558
2110.01597
2110.01638
2110.01751
2110.01768
2110.01783
2110.01820
2110.01855
2110.02143
2110.02172
2110.02188
2110.02365
2110.02366
2110.02371
2110.02486
2110.02520
2110.02539
2110.02569
2110.02598
2110.02615
2110.02675
2110.02741
2110.02749
2110.02779
2110.02847
2110.03178
2110.03202
2110.03288
2110.03293
2110.03401
2110.03489
2110.03554
2110.03558
2110.03651
2110.03670
2110.03746
2110.03782
2110.03784
2110.03793
2110.03942
2110.03947
2110.03974
2110.04078
2110.04167
2110.04221
2110.04247
2110.04263
2110.04278
2110.04287
2110.04302
2110.04348
2110.04349
2110.04409
2110.04625
2110.04657
2110.04797
2110.04799
2110.04805
2110.04813
2110.04834
2110.04905
2110.04944
2110.04978
2110.05381
2110.05401
2110.05420
2110.05426
2110.05486
2110.05504
2110.05521
2110.05534
2110.05553
2110.05616
2110.05659
2110.05693
2110.05694
2110.05696
2110.05959
2110.05993
2110.06001
2110.06076
2110.06129
2110.06202
2110.06237
2110.06244
2110.06254
2110.06260
2110.06261
2110.06272
2110.06472
2110.06496
2110.06614
2110.06669
2110.06718
2110.06768
2110.06783
2110.06855
2110.06973
2110.07001
2110.07176
2110.07241
2110.07271
2110.07386
2110.07400
2110.07407
2110.07452
2110.07457
2110.07556
2110.07664
2110.07712
2110.07819
2110.07854
2110.07973
2110.07987
2110.08047
2110.08108
2110.08123
2110.08218
2110.08310
2110.08452
2110.08482
2110.08539
2110.08587
2110.08656
2110.08657
2110.08682
2110.08714
2110.08911
2110.08974
2110.09053
2110.09063
2110.09070
2110.09112
2110.09125
2110.09368
2110.09398
2110.09457
2110.09466
2110.09614
2110.09629
2110.09652
2110.09790
2110.09875
2110.09906
2110.09925
2110.09952
2110.09990
2110.10146
2110.10251
2110.10350
2110.10361
2110.10583
2110.10620
2110.10683
2110.10789
2110.10796
2110.10820
2110.10830
2110.10941
2110.10958
2110.11030
2110.11114
2110.11174
2110.11224
2110.11282
2110.11300
2110.11463
2110.11503
2110.11529
2110.11687
2110.11699
2110.11890
2110.11916
2110.11937
2110.11969
2110.12156
2110.12226
2110.12269
2110.12549
2110.12643
2110.12682
2110.12755
2110.13062
2110.13102
2110.13112
2110.13127
2110.13247
2110.13257
2110.13313
2110.13447
2110.13478
2110.13657
2110.13687
2110.13763
2110.13858
2110.13873
2110.13890
2110.13908
2110.13963
2110.13997
2110.14100
2110.14136
2110.14145
2110.14156
2110.14159
2110.14178
2110.14229
2110.14250
2110.14321
2110.14323
2110.14342
2110.14478
2110.14556
2110.14829
2110.15065
2110.15404
2110.15429
2110.15546
2110.15580
2110.15686
2110.15696
2110.15736
2110.15835
2110.15837
2110.15861
2111.00051
2111.00058
2111.00216
2111.00318
2111.00408
2111.00442
2111.00499
2111.00504
2111.00617
2111.00671
2111.00696
2111.00756
2111.00848
2111.00853
2111.00914
2111.01002
2111.01012
2111.01018
2111.01021
2111.01044
2111.01099
2111.01126
2111.01481
2111.01509
2111.01559
2111.01565
2111.01601
2111.01661
2111.01764
2111.01830
2111.01843
2111.01844
2111.01870
2111.01887
2111.01891
2111.01893
2111.02103
2111.02105
2111.02256
2111.02297
2111.02488
2111.02562
2111.02635
2111.02694
2111.02746
2111.02756
2111.02773
2111.02788
2111.02795
2111.02933
2111.03004
2111.03343
2111.03345
2111.03502
2111.03526
2111.03546
2111.03548
2111.03586
2111.03655
2111.03684
2111.03723
2111.03834
2111.03838
2111.03982
2111.04034
2111.04049
2111.04058
2111.04136
2111.04166
2111.04171
2111.04183
2111.04184
2111.04209
2111.04215
2111.04232
2111.04234
2111.04251
2111.04258
2111.04341
2111.04387
2111.04535
2111.04538
2111.04616
2111.04660
2111.04680
2111.04697
2111.04713
2111.04834
2111.04853
2111.04890
2111.04899
2111.04974
2111.05085
2111.05086
2111.05162
2111.05219
2111.05256
2111.05403
2111.05406
2111.05436
2111.05489
2111.05626
2111.05644
2111.05662
2111.05720
2111.05741
2111.05747
2111.05751
2111.05753
2111.05813
2111.05899
2111.05996
2111.06072
2111.06082
2111.06113
2111.06122
2111.06139
2111.06153
2111.06170
2111.06244
2111.06245
2111.06256
2111.06354
2111.06507
2111.06533
2111.06697
2111.06937
2111.06954
2111.06963
2111.06973
2111.07082
2111.07097
2111.07115
2111.07127
2111.07131
2111.07155
2111.07157
2111.07270
2111.07277
2111.07311
2111.07361
2111.07475
2111.07504
2111.07544
2111.07550
2111.07591
2111.07686
2111.07747
2111.07754
2111.07791
2111.07794
2111.07882
2111.07883
2111.08215
2111.08240
2111.08341
2111.08345
2111.08393
2111.08432
2111.08558
2111.08569
2111.08641
2111.08668
2111.08766
2111.08775
2111.08778
2111.08797
2111.08847
2111.08866
2111.08886
2111.08905
2111.08912
2111.08917
2111.09053
2111.09195
2111.09404
2111.09433
2111.09524
2111.09568
2111.09592
2111.09632
2111.09746
2111.09777
2111.09784
2111.09786
2111.09869
2111.09923
2111.10001
2111.10082
2111.10143
2111.10162
2111.10276
2111.10279
2111.10324
2111.10389
2111.10477
2111.10590
2111.10702
2111.10740
2111.10825
2111.10905
2111.10998
2111.10999
2111.11021
2111.11062
2111.11081
2111.11084
2111.11109
2111.11116
2111.11123
2111.11132
2111.11137
2111.11216
2111.11227
2111.11244
2111.11395
2111.11399
2111.11409
2111.11522
2111.11549
2111.11563
2111.11580
2111.11618
2111.11774
2111.11898
2111.11911
2111.12031
2111.12069
2111.12409
2111.12466
2111.12660
2111.12662
2111.12827
2111.12898
2111.12930
2111.12974
2111.12975
2111.13056
2111.13134
2111.13274
2111.13276
2111.13286
2111.13398
2111.13422
2111.13474
2111.13553
2111.13649
2111.13745
2111.13766
2111.13994
2111.14054
2111.14076
2111.14180
2111.14211
2111.14234
2111.14256
2111.14304
2111.14363
2111.14389
2111.14477
2111.14487
2111.14532
2111.14689
2111.14727
2111.14784
2111.14967
2111.14981
2111.15003
2111.15054
2111.15062
2111.15151
2111.15251
2111.15287
2111.15315
2111.15410
2111.15485
2111.15495
2111.15545
2111.15576
2111.15582
2112.00003
2112.00230
2112.00280
2112.00308
2112.00367
2112.00444
2112.00472
2112.00511
2112.00520
2112.00615
2112.00618
2112.00620
2112.00622
2112.00687
2112.00810
2112.00843
2112.01133
2112.01192
2112.01427
2112.01615
2112.01795
2112.01802
2112.02016
2112.02147
2112.02166
2112.02257
2112.02280
2112.02403
2112.02436
2112.02455
2112.02470
2112.02529
2112.02533
2112.02556
2112.02722
2112.02760
2112.02771
2112.02860
2112.02865
2112.03077
2112.03110
2112.03150
2112.03226
2112.03264
2112.03361
2112.03362
2112.03389
2112.03531
2112.03607
2112.03617
2112.03663
2112.03726
2112.03741
2112.03782
2112.03797
2112.03873
2112.03913
2112.04144
2112.04173
2112.04210
2112.04311
2112.04315
2112.04714
2112.04783
2112.04791
2112.04935
2112.05004
2112.05027
2112.05064
2112.05227
2112.05279
2112.05441
2112.05500
2112.05501
2112.05552
2112.05557
2112.05649
2112.06156
2112.06187
2112.06210
2112.06328
2112.06491
2112.06524
2112.06604
2112.06653
2112.06688
2112.06744
2112.06851
2112.06860
2112.06983
2112.07006
2112.07046
2112.07058
2112.07130
2112.07291
2112.07367
2112.07402
2112.07410
2112.07494
2112.07700
2112.07762
2112.07816
2112.08143
2112.08205
2112.08234
2112.08522
2112.08568
2112.08573
2112.08577
2112.08585
2112.08704
2112.08716
2112.08820
2112.08894
2112.08927
2112.09080
2112.09269
2112.09322
2112.09481
2112.09525
2112.09576
2112.09592
2112.09758
2112.09819
2112.10018
2112.10023
2112.10140
2112.10268
2112.10340
2112.10413
2112.10561
2112.10616
2112.10694
2112.10854
2112.11012
2112.11013
2112.11039
2112.11135
2112.11293
2112.11297
2112.11303
2112.11379
2112.11408
2112.11412
2112.11524
2112.11566
2112.11725
2112.11752
2112.11813
2112.11841
2112.11847
2112.11882
2112.11884
2112.11892
2112.11994
2112.11997
2112.12005
2112.12010
2112.12032
2112.12066
2112.12076
2112.12081
2112.12170
2112.12234
2112.12256
2112.12314
2112.12339
2112.12367
2112.12422
2112.12426
2112.12620
2112.12679
2112.12732
2112.12801
2112.12815
2112.12864
2112.12943
2112.12949
2112.12978
2112.13040
2112.13051
2112.13151
2112.13265
2112.13324
2112.13335
2112.13375
2112.13376
2112.13405
2112.13409
2112.13441
2112.13482
2112.13627
2112.13886
2112.13919
2112.13952
2112.14047
2112.14164
2112.14304
2112.14306
2112.14365
2112.14383
2112.14396
2112.14411
2112.14422
2112.14427
2112.14489
2112.14547
2112.14558
2112.14613
2112.14642
2112.14670
2112.14746
2112.14812
2112.14863
2112.14886
2112.14937
2112.15096
2112.15164
2112.15243
2112.15262
2112.15268
2112.15310
2112.15349
2112.15378
2112.15467
2112.15474
2112.15551
2201.00033
2201.00104
2201.00109
2201.00120
2201.00127
2201.00215
2201.00305
2201.00310
2201.00326
2201.00342
2201.00406
2201.00447
2201.00473
2201.00478
2201.00482
2201.00501
2201.00524
2201.00559
2201.00585
2201.00602
2201.00799
2201.00837
2201.00841
2201.00899
2201.00952
2201.01106
2201.01117
2201.01124
2201.01159
2201.01178
2201.01234
2201.01238
2201.01352
2201.01402
2201.01464
2201.01527
2201.01642
2201.01651
2201.01676
2201.01714
2201.01751
2201.01768
2201.01885
2201.01979
2201.02000
2201.02027
2201.02078
2201.02108
2201.02383
2201.02556
2201.02583
2201.02699
2201.02751
2201.02900
2201.03047
2201.03062
2201.03119
2201.03146
2201.03198
2201.03233
2201.03270
2201.03418
2201.03523
2201.03751
2201.03986
2201.03990
2201.04046
2201.04094
2201.04103
2201.04115
2201.04247
2201.04284
2201.04291
2201.04293
2201.04355
2201.04365
2201.04372
2201.04421
2201.04454
2201.04573
2201.04708
2201.04776
2201.04785
2201.05003
2201.05087
2201.05091
2201.05116
2201.05186
2201.05201
2201.05378
2201.05380
2201.05579
2201.05704
2201.05708
2201.05785
2201.05871
2201.05982
2201.05997
2201.06013
2201.06048
2201.06120
2201.06124
2201.06156
2201.06168
2201.06184
2201.06226
2201.06232
2201.06283
2201.06322
2201.06402
2201.06424
2201.06630
2201.06636
2201.06663
2201.06736
2201.06746
2201.06766
2201.06895
2201.06939
2201.06942
2201.06951
2201.06970
2201.07046
2201.07138
2201.07431
2201.07526
2201.07741
2201.07825
2201.07836
2201.07840
2201.07868
2201.08037
2201.08063
2201.08076
2201.08203
2201.08231
2201.08490
2201.08599
2201.08760
2201.08777
2201.08800
2201.08870
2201.08873
2201.08874
2201.08885
2201.08898
2201.08957
2201.09002
2201.09005
2201.09215
2201.09262
2201.09278
2201.09287
2201.09304
2201.09326
2201.09572
2201.09649
2201.09674
2201.09688
2201.10124
2201.10136
2201.10193
2201.10229
2201.10455
2201.10539
2201.10624
2201.10629
2201.10676
2201.10727
2201.10730
2201.10771
2201.10868
2201.10891
2201.10919
2201.10942
2201.10955
2201.10964
2201.11075
2201.11076
2201.11077
2201.11079
2201.11093
2201.11101
2201.11144
2201.11145
2201.11190
2201.11235
2201.11236
2201.11240
2201.11274
2201.11322
2201.11334
2201.11468
2201.11471
2201.11545
2201.11707
2201.11733
2201.11805
2201.11820
2201.11839
2201.11946
2201.12019
2201.12162
2201.12371
2201.12413
2201.12453
2201.12481
2201.12588
2201.12750
2201.12780
2201.12783
2201.12821
2201.12840
2201.12922
2201.12953
2201.12968
2201.12974
2201.13270
2201.13385
2201.13424
2202.00066
2202.00191
2202.00241
2202.00405
2202.00461
2202.00521
2202.00611
2202.00635
2202.00637
2202.00704
2202.00744
2202.00829
2202.00873
2202.00920
2202.00936
2202.00987
2202.01138
2202.01217
2202.01247
2202.01296
2202.01305
2202.01501
2202.01556
2202.01596
2202.01632
2202.01673
2202.01800
2202.01837
2202.01911
2202.02020
2202.02075
2202.02100
2202.02134
2202.02348
2202.02381
2202.02384
2202.02400
2202.02449
2202.02497
2202.02657
2202.02675
2202.02780
2202.02844
2202.03010
2202.03213
2202.03298
2202.03303
2202.03329
2202.03446
2202.03461
2202.03470
2202.03526
2202.03585
2202.03603
2202.03604
2202.03615
2202.03718
2202.03804
2202.03839
2202.03877
2202.03992
2202.04001
2202.04008
2202.04057
2202.04284
2202.04317
2202.04417
2202.04452
2202.04739
2202.04818
2202.04819
2202.04896
2202.04922
2202.04924
2202.04951
2202.05010
2202.05021
2202.05043
2202.05077
2202.05221
2202.05235
2202.05305
2202.05340
2202.05359
2202.05408
2202.05804
2202.05818
2202.05916
2202.05921
2202.05955
2202.05966
2202.06031
2202.06195
2202.06235
2202.06269
2202.06286
2202.06357
2202.06364
2202.06379
2202.06566
2202.06676
2202.06691
2202.06759
2202.06789
2202.06799
2202.06848
2202.06903
2202.07142
2202.07286
2202.07509
2202.07555
2202.07621
2202.07744
2202.07763
2202.07809
2202.07814
2202.07976
2202.08075
2202.08116
2202.08120
2202.08122
2202.08126
2202.08156
2202.08170
2202.08189
2202.08222
2202.08271
2202.08277
2202.08382
2202.08390
2202.08421
2202.08642
2202.08738
2202.08767
2202.08783
2202.08929
2202.08986
2202.09032
2202.09219
2202.09249
2202.09296
2202.09304
2202.09342
2202.09394
2202.09397
2202.09471
2202.09491
2202.09540
2202.09542
2202.09781
2202.09805
2202.09915
2202.09922
2202.09937
2202.09974
2202.10127
2202.10257
2202.10370
2202.10420
2202.10427
2202.10530
2202.10653
2202.10738
2202.10759
2202.10782
2202.10853
2202.10909
2202.11212
2202.11293
2202.11306
2202.11329
2202.11344
2202.11647
2202.11815
2202.11835
2202.11843
2202.11887
2202.11934
2202.12001
2202.12032
2202.12054
2202.12126
2202.12141
2202.12401
2202.12467
2202.12573
2202.12610
2202.12724
2202.12969
2202.13130
2202.13143
2202.13171
2202.13182
2202.13192
2202.13238
2202.13253
2202.13256
2202.13301
2202.13478
2202.13497
2202.13512
2202.13573
2202.13619
2202.13679
2202.13694
2202.13841
2202.13931
2202.13990
2202.14003
2203.00207
2203.00217
2203.00248
2203.00389
2203.00470
2203.00626
2203.00646
2203.00704
2203.00731
2203.00747
2203.00755
2203.00777
2203.00912
2203.00983
2203.01106
2203.01140
2203.01293
2203.01448
2203.01489
2203.01691
2203.01697
2203.01768
2203.01840
2203.01890
2203.01901
2203.01908
2203.02000
2203.02009
2203.02015
2203.02045
2203.02061
2203.02070
2203.02097
2203.02197
2203.02213
2203.02276
2203.02278
2203.02279
2203.02296
2203.02477
2203.02509
2203.02604
2203.02620
2203.02661
2203.02665
2203.02802
2203.02868
2203.03023
2203.03052
2203.03061
2203.03085
2203.03310
2203.03444
2203.03486
2203.03517
2203.03531
2203.03533
2203.03589
2203.03701
2203.03842
2203.03855
2203.03873
2203.03880
2203.03942
2203.04068
2203.04184
2203.04216
2203.04242
2203.04267
2203.04520
2203.04521
2203.04657
2203.04849
2203.04853
2203.05083
2203.05290
2203.05359
2203.05427
2203.05451
2203.05535
2203.05541
2203.05609
2203.05690
2203.05713
2203.05798
2203.05810
2203.05917
2203.06009
2203.06045
2203.06101
2203.06135
2203.06205
2203.06236
2203.06266
2203.06268
2203.06274
2203.06322
2203.06325
2203.06370
2203.06405
2203.06446
2203.06453
2203.06519
2203.06623
2203.06770
2203.06845
2203.06881
2203.06970
2203.07016
2203.07061
2203.07169
2203.07606
2203.07625
2203.07696
2203.07701
2203.07710
2203.07787
2203.07870
2203.07871
2203.07873
2203.07974
2203.08109
2203.08311
2203.08342
2203.08384
2203.08401
2203.08526
2203.08593
2203.08628
2203.08671
2203.08690
2203.08987
2203.09120
2203.09131
2203.09156
2203.09165
2203.09273
2203.09290
2203.09340
2203.09355
2203.09406
2203.09426
2203.09432
2203.09434
2203.09448
2203.09465
2203.09490
2203.09515
2203.09542
2203.09559
2203.09649
2203.09651
2203.09716
2203.09826
2203.09827
2203.09834
2203.09853
2203.09858
2203.10034
2203.10187
2203.10211
2203.10235
2203.10287
2203.10376
2203.10380
2203.10391
2203.10413
2203.10436
2203.10530
2203.10635
2203.10672
2203.10728
2203.10814
2203.10826
2203.10932
2203.10999
2203.11126
2203.11254
2203.11273
2203.11302
2203.11342
2203.11366
2203.11422
2203.11457
2203.11488
2203.11498
2203.11588
2203.11608
2203.11750
2203.11755
2203.11786
2203.11801
2203.11855
2203.11982
2203.12006
2203.12008
2203.12157
2203.12159
2203.12161
2203.12168
2203.12238
2203.12259
2203.12266
2203.12282
2203.12364
2203.12475
2203.12477
2203.12762
2203.12785
2203.12791
2203.12838
2203.12901
2203.12945
2203.13117
2203.13174
2203.13353
2203.13523
2203.13644
2203.13747
2203.13889
2203.13996
2203.14030
2203.14096
2203.14131
2203.14164
2203.14357
2203.14420
2203.14431
2203.14458
2203.14582
2203.14583
2203.14678
2203.14793
2203.14841
2203.14937
2203.14971
2203.15168
2203.15179
2203.15223
2203.15462
2203.15572
2203.15665
2203.15701
2203.15731
2203.15998
2203.16039
2203.16047
2203.16081
2203.16086
2203.16215
2203.16232
2203.16234
2203.16344
2203.16400
2203.16420
2203.16431
2203.16435
2203.16469
2203.16709
2203.16774
2203.16821
2203.17074
2203.17091
2204.00055
2204.00083
2204.00105
2204.00234
2204.00274
2204.00412
2204.00432
2204.00574
2204.00658
2204.00765
2204.00775
2204.00854
2204.00899
2204.00962
2204.01008
2204.01036
2204.01068
2204.01128
2204.01143
2204.01153
2204.01212
2204.01252
2204.01261
2204.01331
2204.01347
2204.01367
2204.01402
2204.01496
2204.01545
2204.01579
2204.01581
2204.01624
2204.01651
2204.01858
2204.01874
2204.01980
2204.01997
2204.02012
2204.02048
2204.02096
2204.02131
2204.02178
2204.02436
2204.02444
2204.02535
2204.02576
2204.02588
2204.02595
2204.02628
2204.02644
2204.02706
2204.02711
2204.02748
2204.02829
2204.02836
2204.02914
2204.03147
2204.03194
2204.03226
2204.03411
2204.03473
2204.03519
2204.03674
2204.03754
2204.03755
2204.04011
2204.04101
2204.04425
2204.04446
2204.04459
2204.04474
2204.04535
2204.04613
2204.04624
2204.04719
2204.04725
2204.04731
2204.04784
2204.04839
2204.05014
2204.05019
2204.05038
2204.05161
2204.05163
2204.05277
2204.05287
2204.05465
2204.05526
2204.05592
2204.05769
2204.06053
2204.06261
2204.06368
2204.06379
2204.06530
2204.06757
2204.06805
2204.06866
2204.06976
2204.07006
2204.07116
2204.07218
2204.07273
2204.07325
2204.07345
2204.07357
2204.07364
2204.07462
2204.07602
2204.07658
2204.07715
2204.07759
2204.07784
2204.07785
2204.07807
2204.07843
2204.07961
2204.07977
2204.08018
2204.08019
2204.08053
2204.08138
2204.08215
2204.08221
2204.08228
2204.08233
2204.08262
2204.08268
2204.08275
2204.08277
2204.08302
2204.08310
2204.08318
2204.08388
2204.08392
2204.08408
2204.08423
2204.08455
2204.08551
2204.08606
2204.08639
2204.08793
2204.08830
2204.08868
2204.08971
2204.08982
2204.09037
2204.09239
2204.09249
2204.09322
2204.09340
2204.09396
2204.09452
2204.09608
2204.09757
2204.09814
2204.09887
2204.09956
2204.10074
2204.10076
2204.10108
2204.10121
2204.10132
2204.10136
2204.10140
2204.10146
2204.10311
2204.10343
2204.10468
2204.10510
2204.10567
2204.10604
2204.10617
2204.10693
2204.10799
2204.10924
2204.10930
2204.10950
2204.10977
2204.10980
2204.11052
2204.11157
2204.11237
2204.11250
2204.11267
2204.11354
2204.11429
2204.11443
2204.11581
2204.11607
2204.11761
2204.11773
2204.11967
2204.12082
2204.12102
2204.12136
2204.12179
2204.12207
2204.12286
2204.12287
2204.12311
2204.12345
2204.12594
2204.12612
2204.12626
2204.12760
2204.12828
2204.13053
2204.13275
2204.13337
2204.13417
2204.13457
2204.13461
2204.13472
2204.13504
2204.13541
2204.13660
2204.13674
2204.13689
2204.13826
2204.13882
2204.13887
2204.13891
2204.14013
2204.14183
2204.14196
2204.14208
2205.00041
2205.00135
2205.00151
2205.00253
2205.00273
2205.00464
2205.00502
2205.00527
2205.00565
2205.00580
2205.00601
2205.00641
2205.00642
2205.00649
2205.00702
2205.00730
2205.00796
2205.00879
2205.00946
2205.00972
2205.00982
2205.01000
2205.01024
2205.01084
2205.01282
2205.01295
2205.01361
2205.01391
2205.01456
2205.01479
2205.01502
2205.01824
2205.01928
2205.02016
2205.02019
2205.02094
2205.02145
2205.02163
2205.02292
2205.02354
2205.02391
2205.02488
2205.02574
2205.02643
2205.02644
2205.02952
2205.03007
2205.03022
2205.03103
2205.03138
2205.03191
2205.03558
2205.03848
2205.03879
2205.03928
2205.03976
2205.03980
2205.03981
2205.04128
2205.04242
2205.04244
2205.04249
2205.04364
2205.04499
2205.04527
2205.04576
2205.04608
2205.04620
2205.04671
2205.04710
2205.04811
2205.05062
2205.05208
2205.05238
2205.05247
2205.05252
2205.05329
2205.05376
2205.05418
2205.05436
2205.05438
2205.05462
2205.05540
2205.05562
2205.05579
2205.05822
2205.05992
2205.06033
2205.06038
2205.06120
2205.06183
2205.06219
2205.06223
2205.06235
2205.06288
2205.06298
2205.06425
2205.06503
2205.06510
2205.06553
2205.06615
2205.06653
2205.06685
2205.06775
2205.07016
2205.07165
2205.07282
2205.07296
2205.07328
2205.07349
2205.07383
2205.07414
2205.07570
2205.07650
2205.07754
2205.07801
2205.07841
2205.07931
2205.08080
2205.08081
2205.08183
2205.08197
2205.08206
2205.08226
2205.08273
2205.08392
2205.08466
2205.08490
2205.08504
2205.08507
2205.08511
2205.08617
2205.08684
2205.08693
2205.08749
2205.08773
2205.08899
2205.08946
2205.09004
2205.09212
2205.09368
2205.09371
2205.09471
2205.09492
2205.09503
2205.09527
2205.09614
2205.09684
2205.09719
2205.09720
2205.09790
2205.09819
2205.09902
2205.09929
2205.10010
2205.10050
2205.10299
2205.10344
2205.10554
2205.10582
2205.10754
2205.11129
2205.11217
2205.11334
2205.11351
2205.11415
2205.11437
2205.11562
2205.11778
2205.11864
2205.11933
2205.11964
2205.12107
2205.12108
2205.12151
2205.12226
2205.12366
2205.12439
2205.12492
2205.12637
2205.12786
2205.12801
2205.12829
2205.12932
2205.13017
2205.13107
2205.13168
2205.13180
2205.13285
2205.13442
2205.13468
2205.13517
2205.13597
2205.13611
2205.13825
2205.13831
2205.13991
2205.13995
2205.14043
2205.14059
2205.14131
2205.14194
2205.14562
2205.14604
2205.14689
2205.14711
2205.14744
2205.14805
2205.14914
2205.14924
2205.14996
2205.15013
2205.15192
2205.15199
2205.15352
2205.15365
2205.15382
2205.15391
2205.15601
2205.15620
2205.15844
2205.15861
2205.15877
2205.15907
2206.00072
2206.00115
2206.00331
2206.00412
2206.00413
2206.00420
2206.00433
2206.00434
2206.00465
2206.00530
2206.00567
2206.00589
2206.00642
2206.00750
2206.00819
2206.00862
2206.00872
2206.00880
2206.00896
2206.00935
2206.01027
2206.01123
2206.01190
2206.01220
2206.01275
2206.01383
2206.01391
2206.01491
2206.01551
2206.01554
2206.01582
2206.01699
2206.01786
2206.01810
2206.01911
2206.01947
2206.02022
2206.02084
2206.02167
2206.02190
2206.02192
2206.02293
2206.02302
2206.02352
2206.02401
2206.02475
2206.02560
2206.02589
2206.02592
2206.02612
2206.02654
2206.02888
2206.02989
2206.03047
2206.03184
2206.03214
2206.03350
2206.03458
2206.03479
2206.03526
2206.03541
2206.03604
2206.03679
2206.03682
2206.03696
2206.03733
2206.03758
2206.03810
2206.03872
2206.04021
2206.04214
2206.04252
2206.04261
2206.04290
2206.04304
2206.04402
2206.04559
2206.04752
2206.04821
2206.04826
2206.04842
2206.04885
2206.05023
2206.05026
2206.05079
2206.05321
2206.05329
2206.05349
2206.05371
2206.05372
2206.05440
2206.05441
2206.05445
2206.05449
2206.05529
2206.05560
2206.05660
2206.05740
2206.05752
2206.05801
2206.05817
2206.05823
2206.05877
2206.05955
2206.05969
2206.05987
2206.06209
2206.06261
2206.06296
2206.06306
2206.06442
2206.06517
2206.06525
2206.06675
2206.06798
2206.06905
2206.06944
2206.07145
2206.07254
2206.07283
2206.07337
2206.07409
2206.07478
2206.07540
2206.07610
2206.07613
2206.07742
2206.07809
2206.07863
2206.07954
2206.07983
2206.08001
2206.08116
2206.08212
2206.08282
2206.08351
2206.08392
2206.08595
2206.08891
2206.08924
2206.08943
2206.09134
2206.09174
2206.09234
2206.09405
2206.09493
2206.09512
2206.09515
2206.09706
2206.09725
2206.09778
2206.09795
2206.09801
2206.09874
2206.09904
2206.10008
2206.10020
2206.10037
2206.10104
2206.10194
2206.10276
2206.10327
2206.10353
2206.10355
2206.10356
2206.10420
2206.10556
2206.10928
2206.11003
2206.11085
2206.11112
2206.11125
2206.11195
2206.11256
2206.11389
2206.11411
2206.11577
2206.11729
2206.11767
2206.11778
2206.11779
2206.11823
2206.11986
2206.12154
2206.12184
2206.12302
2206.12313
2206.12317
2206.12345
2206.12377
2206.12421
2206.12442
2206.12516
2206.12535
2206.12557
2206.12579
2206.12726
2206.12743
2206.12775
2206.12842
2206.12860
2206.12871
2206.13052
2206.13054
2206.13065
2206.13194
2206.13195
2206.13331
2206.13403
2206.13466
2206.13625
2206.13653
2206.13795
2206.13832
2206.13855
2206.13931
2206.13997
2206.14027
2206.14032
2206.14067
2206.14080
2206.14084
2206.14193
2206.14232
2206.14242
2206.14252
2206.14345
2206.14474
2206.14549
2206.14600
2206.14636
2206.14645
2206.14671
2206.14731
2206.14783
2206.14795
2206.14836
2206.14931
2206.14959
2206.14980
2206.15181
2206.15208
2206.15230
2206.15240
2206.15278
2206.15281
2206.15372
2206.15452
math-ph/0101008
math-ph/0203048
math-ph/0207044
math-ph/0208007
math-ph/0209028
math-ph/0210040
math-ph/0210058
math-ph/0211059
math-ph/0305047
math-ph/0305048
math-ph/0306004
math-ph/0306071
math-ph/0307033
math-ph/0309020
math-ph/0309047
math-ph/0310016
math-ph/0312021
math-ph/0404066
math-ph/0406015
math-ph/0406024
math-ph/0409031
math-ph/0411056
math-ph/0501047
math-ph/0502043
math-ph/0503030
math-ph/0503046
math-ph/0509044
math-ph/0510079
math-ph/0512018
math-ph/0601053
math-ph/0606070
math-ph/0608027
math-ph/0611043
math-ph/0702011
math-ph/0702034
math-ph/0703073
math-ph/9811020
math-ph/9901001
math-ph/9911012
math/0001011
math/0001013
math/0001021
math/0001078
math/0001124
math/0001190
math/0002026
math/0002088
math/0002103
math/0002139
math/0002171
math/0002173
math/0002179
math/0002192
math/0002205
math/0002253
math/0003011
math/0003032
math/0003062
math/0003086
math/0003114
math/0003136
math/0003172
math/0003200
math/0003219
math/0004029
math/0004173
math/0004188
math/0005015
math/0005029
math/0005031
math/0005069
math/0005139
math/0005140
math/0005158
math/0005160
math/0005174
math/0005186
math/0005204
math/0005220
math/0005222
math/0005242
math/0005266
math/0005300
math/0005310
math/0006025
math/0006043
math/0006051
math/0006058
math/0006088
math/0006089
math/0006095
math/0006096
math/0006128
math/0006140
math/0006158
math/0006159
math/0006170
math/0007001
math/0007094
math/0007116
math/0007193
math/0007209
math/0008020
math/0008028
math/0008089
math/0008134
math/0008177
math/0008221
math/0008246
math/0009024
math/0009036
math/0009041
math/0009046
math/0009092
math/0009113
math/0009121
math/0009123
math/0009134
math/0009143
math/0009187
math/0010027
math/0010049
math/0010056
math/0010086
math/0010103
math/0010145
math/0010148
math/0010169
math/0010186
math/0010193
math/0010194
math/0010195
math/0010201
math/0010209
math/0010210
math/0010220
math/0010260
math/0010272
math/0010284
math/0010285
math/0010286
math/0010298
math/0010302
math/0010307
math/0010324
math/0011054
math/0011067
math/0011088
math/0011102
math/0011110
math/0011254
math/0011261
math/0011269
math/0012005
math/0012045
math/0012090
math/0012178
math/0012231
math/0101050
math/0101055
math/0101096
math/0101164
math/0101166
math/0101187
math/0101202
math/0101242
math/0101270
math/0102048
math/0102073
math/0102106
math/0102149
math/0102206
math/0102231
math/0103046
math/0103054
math/0103058
math/0103059
math/0103082
math/0103125
math/0103151
math/0103191
math/0103203
math/0103234
math/0103237
math/0103241
math/0104012
math/0104032
math/0104051
math/0104053
math/0104086
math/0104115
math/0104116
math/0104131
math/0104145
math/0104148
math/0104176
math/0104178
math/0104200
math/0104205
math/0104222
math/0104234
math/0104247
math/0104289
math/0105005
math/0105008
math/0105022
math/0105031
math/0105087
math/0105123
math/0105150
math/0105172
math/0105181
math/0105182
math/0105218
math/0105238
math/0105261
math/0105262
math/0105267
math/0106016
math/0106054
math/0106063
math/0106103
math/0106148
math/0106156
math/0106213
math/0106223
math/0106269
math/0106270
math/0106271
math/0106273
math/0107043
math/0107119
math/0107142
math/0107147
math/0107150
math/0107156
math/0107210
math/0107219
math/0108003
math/0108054
math/0108121
math/0108129
math/0108155
math/0108199
math/0108216
math/0108222
math/0109010
math/0109013
math/0109014
math/0109071
math/0109108
math/0109121
math/0109127
math/0109141
math/0109155
math/0109228
math/0109229
math/0110048
math/0110055
math/0110060
math/0110068
math/0110069
math/0110070
math/0110071
math/0110150
math/0110180
math/0110208
math/0110217
math/0110231
math/0110238
math/0110262
math/0110288
math/0110327
math/0110334
math/0110340
math/0110343
math/0111081
math/0111091
math/0111093
math/0111105
math/0111108
math/0111159
math/0111191
math/0111194
math/0111212
math/0111312
math/0111329
math/0112076
math/0112077
math/0112086
math/0112097
math/0112098
math/0112100
math/0112137
math/0112196
math/0112239
math/0112254
math/0112257
math/0112258
math/0112305
math/0112306
math/0112321
math/0201008
math/0201013
math/0201029
math/0201044
math/0201046
math/0201069
math/0201071
math/0201109
math/0201154
math/0201175
math/0201182
math/0201183
math/0201185
math/0201226
math/0201265
math/0201299
math/0201311
math/0201320
math/0201321
math/0202053
math/0202102
math/0202125
math/0202137
math/0202141
math/0202145
math/0202154
math/0202161
math/0202166
math/0202189
math/0202206
math/0202224
math/0202247
math/0202270
math/0202273
math/0203024
math/0203061
math/0203076
math/0203093
math/0203094
math/0203111
math/0203120
math/0203132
math/0203134
math/0203144
math/0203165
math/0203181
math/0203191
math/0203194
math/0203217
math/0203242
math/0203292
math/0204001
math/0204002
math/0204006
math/0204011
math/0204023
math/0204024
math/0204035
math/0204036
math/0204037
math/0204052
math/0204065
math/0204100
math/0204110
math/0204148
math/0204173
math/0204179
math/0204194
math/0204195
math/0204234
math/0204274
math/0204306
math/0204330
math/0204332
math/0204358
math/0204359
math/0204360
math/0204361
math/0205002
math/0205003
math/0205008
math/0205026
math/0205055
math/0205104
math/0205116
math/0205117
math/0205129
math/0205135
math/0205196
math/0205201
math/0205306
math/0206018
math/0206022
math/0206024
math/0206101
math/0206147
math/0206161
math/0206166
math/0206168
math/0206176
math/0206188
math/0206217
math/0206284
math/0206292
math/0206293
math/0207015
math/0207029
math/0207036
math/0207059
math/0207081
math/0207088
math/0207101
math/0207102
math/0207123
math/0207124
math/0207163
math/0207168
math/0207175
math/0207177
math/0207180
math/0207201
math/0207236
math/0207237
math/0207284
math/0207286
math/0207306
math/0207308
math/0207311
math/0208008
math/0208027
math/0208038
math/0208056
math/0208060
math/0208118
math/0208213
math/0208220
math/0208230
math/0209006
math/0209072
math/0209076
math/0209092
math/0209102
math/0209114
math/0209137
math/0209140
math/0209162
math/0209177
math/0209204
math/0209219
math/0209228
math/0209247
math/0209256
math/0209269
math/0209283
math/0209287
math/0209317
math/0209333
math/0209360
math/0209362
math/0209383
math/0209413
math/0210041
math/0210053
math/0210060
math/0210105
math/0210149
math/0210158
math/0210173
math/0210176
math/0210181
math/0210184
math/0210198
math/0210202
math/0210235
math/0210248
math/0210269
math/0210281
math/0210296
math/0210297
math/0210300
math/0210330
math/0210333
math/0210349
math/0210363
math/0210388
math/0210390
math/0210402
math/0210403
math/0210404
math/0210435
math/0210476
math/0210480
math/0210483
math/0211001
math/0211004
math/0211005
math/0211006
math/0211034
math/0211038
math/0211075
math/0211077
math/0211083
math/0211097
math/0211120
math/0211128
math/0211189
math/0211200
math/0211204
math/0211206
math/0211207
math/0211217
math/0211232
math/0211259
math/0211290
math/0211315
math/0211327
math/0211378
math/0211394
math/0211418
math/0211449
math/0211460
math/0211467
math/0212011
math/0212050
math/0212061
math/0212067
math/0212085
math/0212091
math/0212100
math/0212109
math/0212132
math/0212133
math/0212144
math/0212145
math/0212190
math/0212200
math/0212202
math/0212208
math/0212209
math/0212220
math/0212276
math/0212286
math/0212304
math/0212344
math/0212403
math/0212408
math/0212417
math/0212419
math/0301023
math/0301029
math/0301089
math/0301093
math/0301102
math/0301111
math/0301115
math/0301140
math/0301173
math/0301177
math/0301179
math/0301186
math/0301201
math/0301240
math/0301252
math/0301264
math/0301270
math/0301272
math/0301274
math/0301277
math/0301304
math/0301308
math/0301343
math/0301387
math/0302019
math/0302054
math/0302055
math/0302085
math/0302090
math/0302091
math/0302102
math/0302117
math/0302125
math/0302138
math/0302153
math/0302154
math/0302155
math/0302156
math/0302157
math/0302161
math/0302172
math/0302183
math/0302216
math/0302262
math/0302266
math/0302277
math/0302311
math/0302315
math/0302319
math/0303001
math/0303038
math/0303043
math/0303130
math/0303143
math/0303150
math/0303152
math/0303154
math/0303162
math/0303163
math/0303176
math/0303193
math/0303226
math/0303250
math/0303251
math/0303279
math/0303332
math/0303340
math/0303369
math/0304014
math/0304017
math/0304028
math/0304085
math/0304100
math/0304129
math/0304138
math/0304142
math/0304169
math/0304202
math/0304203
math/0304216
math/0304222
math/0304230
math/0304231
math/0304235
math/0304242
math/0304272
math/0304316
math/0304329
math/0304356
math/0304405
math/0304425
math/0304428
math/0304430
math/0304431
math/0304432
math/0304433
math/0304434
math/0304448
math/0304471
math/0304477
math/0304480
math/0304489
math/0304496
math/0304497
math/0305028
math/0305041
math/0305064
math/0305066
math/0305087
math/0305114
math/0305127
math/0305133
math/0305172
math/0305181
math/0305183
math/0305226
math/0305255
math/0305270
math/0305281
math/0305284
math/0305299
math/0305305
math/0305308
math/0305314
math/0305318
math/0305320
math/0305321
math/0305339
math/0305340
math/0305341
math/0305351
math/0305360
math/0305362
math/0305383
math/0305399
math/0305420
math/0305421
math/0305435
math/0306037
math/0306052
math/0306060
math/0306085
math/0306101
math/0306124
math/0306128
math/0306163
math/0306224
math/0306249
math/0306277
math/0306292
math/0306309
math/0306339
math/0306351
math/0306377
math/0306423
math/0306427
math/0307027
math/0307031
math/0307034
math/0307059
math/0307089
math/0307137
math/0307142
math/0307150
math/0307195
math/0307213
math/0307214
math/0307215
math/0307219
math/0307230
math/0307264
math/0307352
math/0307376
math/0308007
math/0308021
math/0308028
math/0308052
math/0308069
math/0308072
math/0308075
math/0308081
math/0308087
math/0308120
math/0308140
math/0308141
math/0308165
math/0308194
math/0308213
math/0308286
math/0309004
math/0309006
math/0309023
math/0309029
math/0309090
math/0309104
math/0309109
math/0309123
math/0309153
math/0309178
math/0309190
math/0309201
math/0309215
math/0309224
math/0309244
math/0309272
math/0309273
math/0309283
math/0309292
math/0309304
math/0309309
math/0309327
math/0309387
math/0309389
math/0309425
math/0309433
math/0309475
math/0309478
math/0310005
math/0310061
math/0310062
math/0310077
math/0310082
math/0310106
math/0310123
math/0310139
math/0310159
math/0310162
math/0310163
math/0310177
math/0310196
math/0310201
math/0310205
math/0310224
math/0310230
math/0310231
math/0310240
math/0310248
math/0310252
math/0310259
math/0310275
math/0310276
math/0310285
math/0310287
math/0310289
math/0310372
math/0310381
math/0310382
math/0310383
math/0310384
math/0310402
math/0310418
math/0310457
math/0310476
math/0311002
math/0311010
math/0311014
math/0311029
math/0311046
math/0311082
math/0311085
math/0311120
math/0311131
math/0311137
math/0311151
math/0311194
math/0311202
math/0311226
math/0311243
math/0311287
math/0311289
math/0311296
math/0311306
math/0311309
math/0311310
math/0311335
math/0311364
math/0311365
math/0311366
math/0311367
math/0311368
math/0311391
math/0311421
math/0311453
math/0311465
math/0311468
math/0311483
math/0311497
math/0311499
math/0311511
math/0312019
math/0312029
math/0312034
math/0312036
math/0312038
math/0312049
math/0312060
math/0312148
math/0312234
math/0312235
math/0312266
math/0312357
math/0312359
math/0312366
math/0312391
math/0312393
math/0312394
math/0312399
math/0312423
math/0312434
math/0312435
math/0312440
math/0312443
math/0312448
math/0312471
math/0312489
math/0312490
math/0312497
math/0401008
math/0401010
math/0401012
math/0401013
math/0401014
math/0401024
math/0401029
math/0401057
math/0401066
math/0401118
math/0401124
math/0401126
math/0401141
math/0401148
math/0401149
math/0401156
math/0401197
math/0401209
math/0401215
math/0401223
math/0401231
math/0401261
math/0401262
math/0401265
math/0401270
math/0401276
math/0401319
math/0401334
math/0401341
math/0401356
math/0401358
math/0401371
math/0401392
math/0401438
math/0402016
math/0402080
math/0402085
math/0402091
math/0402092
math/0402093
math/0402095
math/0402111
math/0402135
math/0402152
math/0402163
math/0402165
math/0402168
math/0402206
math/0402230
math/0402348
math/0402373
math/0402375
math/0402382
math/0402415
math/0402420
math/0402439
math/0402458
math/0402459
math/0402460
math/0402461
math/0402462
math/0402463
math/0403027
math/0403030
math/0403032
math/0403046
math/0403056
math/0403082
math/0403084
math/0403106
math/0403116
math/0403157
math/0403167
math/0403176
math/0403178
math/0403200
math/0403225
math/0403228
math/0403233
math/0403240
math/0403253
math/0403265
math/0403287
math/0403295
math/0403296
math/0403338
math/0403360
math/0403374
math/0403420
math/0403422
math/0403424
math/0403457
math/0403458
math/0403487
math/0403510
math/0403515
math/0403516
math/0403548
math/0404022
math/0404025
math/0404057
math/0404067
math/0404112
math/0404114
math/0404116
math/0404122
math/0404124
math/0404129
math/0404144
math/0404185
math/0404188
math/0404203
math/0404213
math/0404219
math/0404236
math/0404245
math/0404254
math/0404263
math/0404268
math/0404297
math/0404314
math/0404327
math/0404333
math/0404339
math/0404347
math/0404350
math/0404375
math/0404378
math/0404379
math/0404384
math/0404394
math/0404398
math/0404400
math/0404412
math/0404425
math/0404427
math/0404429
math/0404431
math/0404452
math/0404456
math/0404478
math/0404484
math/0404498
math/0404521
math/0404523
math/0404555
math/0405006
math/0405007
math/0405054
math/0405056
math/0405069
math/0405082
math/0405120
math/0405124
math/0405137
math/0405139
math/0405147
math/0405162
math/0405164
math/0405171
math/0405180
math/0405209
math/0405220
math/0405302
math/0405305
math/0405306
math/0405318
math/0405324
math/0405351
math/0405367
math/0405390
math/0405426
math/0405433
math/0405446
math/0405449
math/0405459
math/0405503
math/0405505
math/0405518
math/0405527
math/0405534
math/0405542
math/0405543
math/0405544
math/0405549
math/0405573
math/0405581
math/0406012
math/0406025
math/0406033
math/0406048
math/0406064
math/0406085
math/0406102
math/0406131
math/0406133
math/0406135
math/0406231
math/0406232
math/0406235
math/0406236
math/0406243
math/0406244
math/0406245
math/0406273
math/0406307
math/0406308
math/0406312
math/0406330
math/0406335
math/0406366
math/0406388
math/0406407
math/0406417
math/0406461
math/0406512
math/0406538
math/0406547
math/0406579
math/0406610
math/0406625
math/0407001
math/0407003
math/0407038
math/0407049
math/0407061
math/0407081
math/0407084
math/0407088
math/0407117
math/0407142
math/0407159
math/0407166
math/0407193
math/0407227
math/0407256
math/0407264
math/0407295
math/0407306
math/0407308
math/0407334
math/0407335
math/0407336
math/0407360
math/0407378
math/0407393
math/0407413
math/0407415
math/0407421
math/0407426
math/0407430
math/0407433
math/0407466
math/0407469
math/0407473
math/0407475
math/0407480
math/0407509
math/0407535
math/0408018
math/0408029
math/0408035
math/0408050
math/0408051
math/0408058
math/0408065
math/0408069
math/0408081
math/0408093
math/0408100
math/0408107
math/0408122
math/0408126
math/0408129
math/0408139
math/0408141
math/0408142
math/0408153
math/0408154
math/0408167
math/0408168
math/0408170
math/0408212
math/0408214
math/0408221
math/0408271
math/0408288
math/0408293
math/0408304
math/0408309
math/0408341
math/0408350
math/0408359
math/0408371
math/0408380
math/0408381
math/0408383
math/0408396
math/0408404
math/0408406
math/0408427
math/0409008
math/0409020
math/0409066
math/0409101
math/0409102
math/0409115
math/0409122
math/0409141
math/0409149
math/0409173
math/0409209
math/0409223
math/0409231
math/0409232
math/0409233
math/0409259
math/0409283
math/0409300
math/0409306
math/0409314
math/0409331
math/0409334
math/0409341
math/0409352
math/0409354
math/0409357
math/0409374
math/0409375
math/0409386
math/0409395
math/0409420
math/0409450
math/0409453
math/0409456
math/0409458
math/0409468
math/0409480
math/0409482
math/0409484
math/0409489
math/0409493
math/0409501
math/0409506
math/0409507
math/0409509
math/0409510
math/0409520
math/0409523
math/0409530
math/0409531
math/0409532
math/0409533
math/0409535
math/0409540
math/0409584
math/0409607
math/0410002
math/0410004
math/0410060
math/0410067
math/0410117
math/0410193
math/0410203
math/0410223
math/0410244
math/0410245
math/0410246
math/0410254
math/0410259
math/0410266
math/0410292
math/0410297
math/0410305
math/0410306
math/0410333
math/0410372
math/0410375
math/0410387
math/0410409
math/0410429
math/0410477
math/0410502
math/0410522
math/0410531
math/0410536
math/0410563
math/0410617
math/0411005
math/0411031
math/0411035
math/0411054
math/0411059
math/0411087
math/0411096
math/0411099
math/0411104
math/0411130
math/0411131
math/0411140
math/0411141
math/0411152
math/0411214
math/0411215
math/0411246
math/0411261
math/0411262
math/0411274
math/0411310
math/0411369
math/0411378
math/0411393
math/0411413
math/0411446
math/0411464
math/0411484
math/0411486
math/0411490
math/0411496
math/0411498
math/0411501
math/0411533
math/0411534
math/0411623
math/0412003
math/0412009
math/0412039
math/0412063
math/0412067
math/0412076
math/0412083
math/0412086
math/0412090
math/0412099
math/0412104
math/0412135
math/0412141
math/0412145
math/0412173
math/0412178
math/0412181
math/0412213
math/0412220
math/0412224
math/0412227
math/0412237
math/0412239
math/0412240
math/0412242
math/0412262
math/0412277
math/0412288
math/0412293
math/0412294
math/0412303
math/0412313
math/0412357
math/0412366
math/0412367
math/0412368
math/0412372
math/0412401
math/0412427
math/0412464
math/0412468
math/0412471
math/0412473
math/0412480
math/0412505
math/0412524
math/0412525
math/0412539
math/0501004
math/0501070
math/0501113
math/0501115
math/0501120
math/0501155
math/0501162
math/0501163
math/0501171
math/0501177
math/0501181
math/0501198
math/0501205
math/0501236
math/0501243
math/0501245
math/0501277
math/0501282
math/0501284
math/0501295
math/0501309
math/0501314
math/0501361
math/0501380
math/0501388
math/0501420
math/0501424
math/0501425
math/0501520
math/0501528
math/0501554
math/0502002
math/0502005
math/0502007
math/0502017
math/0502019
math/0502034
math/0502085
math/0502097
math/0502130
math/0502158
math/0502193
math/0502197
math/0502199
math/0502204
math/0502222
math/0502243
math/0502250
math/0502254
math/0502259
math/0502276
math/0502288
math/0502374
math/0502376
math/0502401
math/0502439
math/0502447
math/0502470
math/0502475
math/0502476
math/0502493
math/0502507
math/0502508
math/0502510
math/0502537
math/0503003
math/0503014
math/0503061
math/0503069
math/0503078
math/0503083
math/0503090
math/0503095
math/0503115
math/0503120
math/0503134
math/0503148
math/0503156
math/0503160
math/0503164
math/0503177
math/0503186
math/0503241
math/0503252
math/0503264
math/0503345
math/0503347
math/0503359
math/0503362
math/0503365
math/0503373
math/0503378
math/0503379
math/0503383
math/0503398
math/0503438
math/0503440
math/0503441
math/0503446
math/0503447
math/0503452
math/0503480
math/0503507
math/0503524
math/0503606
math/0503619
math/0503637
math/0503649
math/0503699
math/0503714
math/0503722
math/0503724
math/0503732
math/0504007
math/0504016
math/0504021
math/0504026
math/0504042
math/0504070
math/0504073
math/0504080
math/0504118
math/0504119
math/0504130
math/0504160
math/0504186
math/0504204
math/0504215
math/0504218
math/0504226
math/0504261
math/0504272
math/0504281
math/0504289
math/0504303
math/0504316
math/0504332
math/0504336
math/0504402
math/0504411
math/0504418
math/0504483
math/0504533
math/0504534
math/0504552
math/0504579
math/0504581
math/0505001
math/0505007
math/0505016
math/0505037
math/0505074
math/0505078
math/0505098
math/0505167
math/0505174
math/0505177
math/0505186
math/0505198
math/0505234
math/0505270
math/0505275
math/0505295
math/0505326
math/0505348
math/0505352
math/0505354
math/0505382
math/0505396
math/0505402
math/0505405
math/0505409
math/0505437
math/0505453
math/0505474
math/0505511
math/0505543
math/0505558
math/0505568
math/0505647
math/0505670
math/0506053
math/0506067
math/0506069
math/0506070
math/0506078
math/0506102
math/0506117
math/0506205
math/0506207
math/0506218
math/0506224
math/0506267
math/0506274
math/0506318
math/0506319
math/0506322
math/0506325
math/0506326
math/0506327
math/0506349
math/0506370
math/0506373
math/0506388
math/0506398
math/0506416
math/0506420
math/0506461
math/0506462
math/0506480
math/0506483
math/0506490
math/0506496
math/0506497
math/0506513
math/0506514
math/0506519
math/0506576
math/0507009
math/0507061
math/0507101
math/0507111
math/0507128
math/0507231
math/0507259
math/0507274
math/0507275
math/0507302
math/0507329
math/0507331
math/0507368
math/0507369
math/0507370
math/0507374
math/0507381
math/0507407
math/0507430
math/0507436
math/0507450
math/0507484
math/0507486
math/0507496
math/0507502
math/0507507
math/0507515
math/0507539
math/0507541
math/0507561
math/0507569
math/0507572
math/0507596
math/0507613
math/0508007
math/0508018
math/0508019
math/0508032
math/0508063
math/0508066
math/0508078
math/0508083
math/0508086
math/0508094
math/0508115
math/0508120
math/0508125
math/0508126
math/0508127
math/0508129
math/0508130
math/0508136
math/0508147
math/0508150
math/0508159
math/0508163
math/0508174
math/0508179
math/0508182
math/0508185
math/0508191
math/0508198
math/0508201
math/0508205
math/0508228
math/0508251
math/0508256
math/0508259
math/0508271
math/0508309
math/0508364
math/0508378
math/0508417
math/0508418
math/0508443
math/0508458
math/0508472
math/0508498
math/0508509
math/0508522
math/0508547
math/0508608
math/0508611
math/0508613
math/0508642
math/0509001
math/0509005
math/0509023
math/0509024
math/0509026
math/0509042
math/0509043
math/0509059
math/0509067
math/0509077
math/0509088
math/0509092
math/0509095
math/0509118
math/0509152
math/0509168
math/0509175
math/0509205
math/0509286
math/0509304
math/0509312
math/0509315
math/0509316
math/0509339
math/0509350
math/0509370
math/0509401
math/0509424
math/0509428
math/0509465
math/0509474
math/0509480
math/0509484
math/0509485
math/0509486
math/0509508
math/0509513
math/0509523
math/0509559
math/0509560
math/0509566
math/0509589
math/0509591
math/0509598
math/0509600
math/0509603
math/0509613
math/0509618
math/0509619
math/0509653
math/0509723
math/0510001
math/0510003
math/0510023
math/0510054
math/0510063
math/0510089
math/0510100
math/0510113
math/0510121
math/0510147
math/0510163
math/0510164
math/0510182
math/0510197
math/0510217
math/0510239
math/0510245
math/0510291
math/0510293
math/0510310
math/0510345
math/0510355
math/0510356
math/0510357
math/0510369
math/0510404
math/0510408
math/0510417
math/0510429
math/0510434
math/0510441
math/0510444
math/0510481
math/0510482
math/0510483
math/0510491
math/0510530
math/0510570
math/0510572
math/0510583
math/0510633
math/0510634
math/0510681
math/0510683
math/0511007
math/0511041
math/0511069
math/0511084
math/0511092
math/0511107
math/0511113
math/0511115
math/0511130
math/0511131
math/0511135
math/0511146
math/0511174
math/0511176
math/0511182
math/0511188
math/0511190
math/0511205
math/0511211
math/0511228
math/0511244
math/0511245
math/0511262
math/0511274
math/0511276
math/0511277
math/0511295
math/0511318
math/0511323
math/0511356
math/0511358
math/0511361
math/0511362
math/0511363
math/0511366
math/0511397
math/0511410
math/0511417
math/0511434
math/0511485
math/0511505
math/0511542
math/0511556
math/0511560
math/0511569
math/0511587
math/0511591
math/0511635
math/0511650
math/0511672
math/0511681
math/0511686
math/0511728
math/0512006
math/0512015
math/0512022
math/0512027
math/0512083
math/0512085
math/0512092
math/0512093
math/0512096
math/0512113
math/0512114
math/0512132
math/0512133
math/0512134
math/0512138
math/0512146
math/0512151
math/0512170
math/0512175
math/0512228
math/0512239
math/0512248
math/0512260
math/0512269
math/0512270
math/0512271
math/0512279
math/0512314
math/0512338
math/0512350
math/0512355
math/0512373
math/0512399
math/0512404
math/0512418
math/0512436
math/0512445
math/0512472
math/0512549
math/0512595
math/0512606
math/0512614
math/0512623
math/0512628
math/0512637
math/0512643
math/0512644
math/0512650
math/0601046
math/0601054
math/0601072
math/0601082
math/0601084
math/0601100
math/0601109
math/0601127
math/0601131
math/0601136
math/0601138
math/0601141
math/0601143
math/0601207
math/0601211
math/0601230
math/0601238
math/0601261
math/0601263
math/0601286
math/0601336
math/0601339
math/0601344
math/0601360
math/0601374
math/0601401
math/0601422
math/0601438
math/0601460
math/0601479
math/0601487
math/0601507
math/0601508
math/0601515
math/0601516
math/0601549
math/0601558
math/0601562
math/0601565
math/0601576
math/0601580
math/0601588
math/0601596
math/0601604
math/0601622
math/0601653
math/0601660
math/0601663
math/0601675
math/0601685
math/0601686
math/0601691
math/0601692
math/0601695
math/0601717
math/0602012
math/0602060
math/0602083
math/0602115
math/0602116
math/0602145
math/0602154
math/0602166
math/0602189
math/0602192
math/0602193
math/0602225
math/0602236
math/0602270
math/0602294
math/0602340
math/0602342
math/0602352
math/0602355
math/0602362
math/0602364
math/0602367
math/0602374
math/0602412
math/0602425
math/0602438
math/0602485
math/0602494
math/0602498
math/0602500
math/0602541
math/0602546
math/0602554
math/0602568
math/0602586
math/0602606
math/0602615
math/0602618
math/0602637
math/0602650
math/0602668
math/0602673
math/0603016
math/0603051
math/0603072
math/0603121
math/0603129
math/0603149
math/0603150
math/0603264
math/0603268
math/0603277
math/0603358
math/0603373
math/0603415
math/0603436
math/0603439
math/0603442
math/0603451
math/0603469
math/0603477
math/0603478
math/0603499
math/0603505
math/0603555
math/0603557
math/0603566
math/0603569
math/0603576
math/0603594
math/0603600
math/0603608
math/0603623
math/0603625
math/0603634
math/0603644
math/0603650
math/0603700
math/0603713
math/0603714
math/0603724
math/0603727
math/0604013
math/0604034
math/0604036
math/0604055
math/0604095
math/0604097
math/0604099
math/0604107
math/0604119
math/0604129
math/0604149
math/0604163
math/0604193
math/0604227
math/0604232
math/0604249
math/0604252
math/0604263
math/0604275
math/0604312
math/0604314
math/0604320
math/0604340
math/0604346
math/0604347
math/0604356
math/0604359
math/0604376
math/0604385
math/0604413
math/0604422
math/0604425
math/0604427
math/0604449
math/0604465
math/0604489
math/0604505
math/0604524
math/0604593
math/0604602
math/0605004
math/0605011
math/0605012
math/0605013
math/0605024
math/0605028
math/0605063
math/0605098
math/0605101
math/0605111
math/0605162
math/0605165
math/0605167
math/0605182
math/0605227
math/0605244
math/0605254
math/0605288
math/0605310
math/0605317
math/0605347
math/0605348
math/0605351
math/0605381
math/0605382
math/0605383
math/0605429
math/0605444
math/0605492
math/0605520
math/0605523
math/0605560
math/0605563
math/0605565
math/0605592
math/0605649
math/0605653
math/0605721
math/0605724
math/0605727
math/0605735
math/0605747
math/0605753
math/0605763
math/0605783
math/0606003
math/0606052
math/0606059
math/0606076
math/0606080
math/0606087
math/0606088
math/0606096
math/0606108
math/0606109
math/0606129
math/0606130
math/0606152
math/0606178
math/0606179
math/0606213
math/0606217
math/0606227
math/0606252
math/0606269
math/0606282
math/0606283
math/0606298
math/0606301
math/0606316
math/0606332
math/0606355
math/0606363
math/0606368
math/0606405
math/0606422
math/0606465
math/0606492
math/0606515
math/0606531
math/0606547
math/0606578
math/0606580
math/0606607
math/0606610
math/0606613
math/0606636
math/0606653
math/0606670
math/0606684
math/0606691
math/0606700
math/0606701
math/0606707
math/0606708
math/0606731
math/0606732
math/0606762
math/0606765
math/0606771
math/0606777
math/0606780
math/0607008
math/0607072
math/0607084
math/0607096
math/0607115
math/0607146
math/0607158
math/0607169
math/0607182
math/0607196
math/0607199
math/0607202
math/0607204
math/0607208
math/0607209
math/0607238
math/0607247
math/0607261
math/0607308
math/0607346
math/0607363
math/0607390
math/0607408
math/0607409
math/0607414
math/0607460
math/0607473
math/0607474
math/0607483
math/0607494
math/0607514
math/0607515
math/0607569
math/0607571
math/0607583
math/0607588
math/0607591
math/0607606
math/0607611
math/0607655
math/0607656
math/0607665
math/0607681
math/0607688
math/0607689
math/0607692
math/0607698
math/0607699
math/0607705
math/0607724
math/0607734
math/0607763
math/0607779
math/0607815
math/0607816
math/0608038
math/0608042
math/0608060
math/0608068
math/0608078
math/0608084
math/0608085
math/0608094
math/0608098
math/0608101
math/0608104
math/0608105
math/0608109
math/0608131
math/0608148
math/0608150
math/0608156
math/0608169
math/0608179
math/0608185
math/0608206
math/0608208
math/0608256
math/0608263
math/0608318
math/0608359
math/0608360
math/0608411
math/0608419
math/0608427
math/0608456
math/0608458
math/0608464
math/0608468
math/0608497
math/0608521
math/0608539
math/0608564
math/0608573
math/0608577
math/0608587
math/0608595
math/0608596
math/0608657
math/0608658
math/0608675
math/0608718
math/0608741
math/0608755
math/0608761
math/0608766
math/0609032
math/0609066
math/0609095
math/0609120
math/0609127
math/0609144
math/0609210
math/0609227
math/0609242
math/0609244
math/0609271
math/0609272
math/0609283
math/0609308
math/0609315
math/0609322
math/0609345
math/0609361
math/0609366
math/0609383
math/0609387
math/0609388
math/0609410
math/0609459
math/0609460
math/0609465
math/0609468
math/0609480
math/0609505
math/0609510
math/0609536
math/0609540
math/0609562
math/0609588
math/0609613
math/0609615
math/0609621
math/0609631
math/0609645
math/0609657
math/0609658
math/0609664
math/0609708
math/0609716
math/0609723
math/0609733
math/0609749
math/0609763
math/0609799
math/0609816
math/0609817
math/0609844
math/0609851
math/0610012
math/0610021
math/0610042
math/0610050
math/0610073
math/0610121
math/0610132
math/0610156
math/0610158
math/0610162
math/0610163
math/0610177
math/0610200
math/0610230
math/0610247
math/0610276
math/0610277
math/0610278
math/0610281
math/0610286
math/0610290
math/0610315
math/0610318
math/0610335
math/0610360
math/0610372
math/0610377
math/0610400
math/0610403
math/0610416
math/0610417
math/0610446
math/0610488
math/0610495
math/0610497
math/0610504
math/0610525
math/0610549
math/0610572
math/0610581
math/0610582
math/0610601
math/0610604
math/0610612
math/0610631
math/0610632
math/0610670
math/0610681
math/0610684
math/0610694
math/0610708
math/0610717
math/0610732
math/0610737
math/0610739
math/0610791
math/0610860
math/0610861
math/0610959
math/0610962
math/0610968
math/0610973
math/0610982
math/0611041
math/0611048
math/0611086
math/0611096
math/0611103
math/0611109
math/0611115
math/0611121
math/0611135
math/0611136
math/0611146
math/0611148
math/0611150
math/0611151
math/0611159
math/0611161
math/0611209
math/0611214
math/0611220
math/0611240
math/0611284
math/0611291
math/0611293
math/0611300
math/0611304
math/0611305
math/0611354
math/0611368
math/0611384
math/0611429
math/0611471
math/0611476
math/0611509
math/0611591
math/0611594
math/0611606
math/0611619
math/0611622
math/0611624
math/0611663
math/0611694
math/0611700
math/0611704
math/0611715
math/0611735
math/0611739
math/0611761
math/0611820
math/0611835
math/0611847
math/0611849
math/0611940
math/0611955
math/0612004
math/0612005
math/0612007
math/0612045
math/0612054
math/0612068
math/0612076
math/0612080
math/0612081
math/0612093
math/0612100
math/0612121
math/0612147
math/0612156
math/0612171
math/0612184
math/0612186
math/0612189
math/0612195
math/0612263
math/0612268
math/0612269
math/0612271
math/0612305
math/0612317
math/0612318
math/0612348
math/0612396
math/0612415
math/0612424
math/0612439
math/0612550
math/0612595
math/0612602
math/0612603
math/0612611
math/0612618
math/0612620
math/0612631
math/0612664
math/0612666
math/0612667
math/0612668
math/0612721
math/0612725
math/0612729
math/0612731
math/0612732
math/0612801
math/0612807
math/0612816
math/0612838
math/0612839
math/0612843
math/0612850
math/0701001
math/0701006
math/0701075
math/0701080
math/0701093
math/0701105
math/0701111
math/0701139
math/0701149
math/0701168
math/0701177
math/0701213
math/0701232
math/0701234
math/0701239
math/0701240
math/0701251
math/0701257
math/0701285
math/0701291
math/0701305
math/0701310
math/0701343
math/0701345
math/0701348
math/0701369
math/0701375
math/0701397
math/0701442
math/0701478
math/0701517
math/0701528
math/0701566
math/0701577
math/0701585
math/0701614
math/0701620
math/0701624
math/0701636
math/0701676
math/0701685
math/0701726
math/0701743
math/0701772
math/0701776
math/0701836
math/0701850
math/0701861
math/0701882
math/0701908
math/0701919
math/0702027
math/0702030
math/0702106
math/0702135
math/0702136
math/0702209
math/0702240
math/0702244
math/0702279
math/0702280
math/0702286
math/0702300
math/0702310
math/0702379
math/0702381
math/0702387
math/0702394
math/0702410
math/0702434
math/0702436
math/0702441
math/0702445
math/0702464
math/0702480
math/0702502
math/0702516
math/0702545
math/0702549
math/0702593
math/0702623
math/0702661
math/0702673
math/0702679
math/0702693
math/0702697
math/0702729
math/0702742
math/0702755
math/0702766
math/0702780
math/0702817
math/0702824
math/0702853
math/0702868
math/0702877
math/0702881
math/0703029
math/0703040
math/0703052
math/0703108
math/0703112
math/0703120
math/0703122
math/0703180
math/0703181
math/0703222
math/0703225
math/0703237
math/0703245
math/0703246
math/0703266
math/0703284
math/0703322
math/0703324
math/0703325
math/0703326
math/0703340
math/0703363
math/0703392
math/0703418
math/0703426
math/0703431
math/0703440
math/0703467
math/0703470
math/0703485
math/0703508
math/0703519
math/0703522
math/0703532
math/0703533
math/0703535
math/0703549
math/0703553
math/0703556
math/0703566
math/0703570
math/0703578
math/0703624
math/0703625
math/0703646
math/0703668
math/0703686
math/0703704
math/0703707
math/0703722
math/0703749
math/0703760
math/0703767
math/0703842
math/0703845
math/0703853
math/0703877
math/0703888
math/0703906
math/0703907
math/0703925
math/9407220
math/9411212
math/9505206
math/9507217
math/9508210
math/9508211
math/9512217
math/9602221
math/9605216
math/9611219
math/9705230
math/9707215
math/9709234
math/9710222
math/9801017
math/9801030
math/9802046
math/9802136
math/9803012
math/9803082
math/9804011
math/9804042
math/9804045
math/9804051
math/9804069
math/9805018
math/9806070
math/9806100
math/9806117
math/9806170
math/9806172
math/9806173
math/9807029
math/9807062
math/9807075
math/9807102
math/9807104
math/9807105
math/9807108
math/9808021
math/9808074
math/9808126
math/9808127
math/9808142
math/9808144
math/9809009
math/9809015
math/9809016
math/9809023
math/9809058
math/9809059
math/9809166
math/9809208
math/9809210
math/9810052
math/9810153
math/9811068
math/9811088
math/9811096
math/9811112
math/9811133
math/9811134
math/9812020
math/9812046
math/9812047
math/9812082
math/9812089
math/9812092
math/9812130
math/9812143
math/9812147
math/9812162
math/9812171
math/9901038
math/9902004
math/9902014
math/9902042
math/9902092
math/9903011
math/9903013
math/9903061
math/9903092
math/9903131
math/9904008
math/9904028
math/9904044
math/9904070
math/9904172
math/9905069
math/9905157
math/9905175
math/9905217
math/9905218
math/9906016
math/9906068
math/9906132
math/9906134
math/9906174
math/9906175
math/9906217
math/9906218
math/9907003
math/9907014
math/9907015
math/9907018
math/9907019
math/9907054
math/9907193
math/9907214
math/9907215
math/9908067
math/9908082
math/9908092
math/9908138
math/9908152
math/9908173
math/9908176
math/9909009
math/9909018
math/9909022
math/9909023
math/9909052
math/9909074
math/9909098
math/9909121
math/9909131
math/9909141
math/9909142
math/9909143
math/9909144
math/9909178
math/9909180
math/9909183
math/9910055
math/9910072
math/9910090
math/9910124
math/9910136
math/9910141
math/9910145
math/9910149
math/9910184
math/9910191
math/9911025
math/9911031
math/9911032
math/9911075
math/9911094
math/9911168
math/9911175
math/9911218
math/9911272
math/9911273
math/9911274
math/9912019
math/9912045
math/9912069
math/9912079
math/9912103
math/9912144
math/9912252
