Precomputing primes congruent to 3 mod 4...
Precomputed 4806 primes.

--- Iteration 1 ---
Number of target v's to block: 12
Precomputing residues...
Precomputation finished. Starting greedy selection...
Chosen primes for cover (10): [(11, 4), (8863, 2370), (19, 9), (23, 2), (31, 4), (43, 9), (47, 42), (59, 12), (67, 23), (71, 12)]
Candidate n digits: 39
V_all size: 3560
Failed: 1594 failing v's. First few: [74656, 106496, 293096, 425984, 1286144]
Added 1594 new v's to blocked.

--- Iteration 2 ---
Number of target v's to block: 1606
Precomputing residues...
Precomputation finished. Starting greedy selection...
Chosen primes for cover (235): [(31, 16), (11, 9), (127, 107), (43, 15), (331, 172), (19, 1), (23, 18), (71, 2), (59, 26), (151, 78), (683, 105), (47, 27), (79, 1), (67, 1), (83, 26), (103, 18), (107, 47), (251, 35), (8191, 1664), (131, 35), (631, 101), (2731, 2293), (139, 52), (167, 132), (179, 117), (223, 136), (307, 209), (191, 136), (199, 98), (211, 171), (4051, 2878), (5419, 1807), (283, 141), (163, 34), (227, 155), (271, 7), (439, 331), (499, 292), (239, 87), (263, 190), (311, 3), (347, 102), (367, 244), (431, 60), (563, 485), (2179, 56), (359, 255), (379, 336), (383, 102), (419, 251), (463, 246), (467, 51), (479, 14), (487, 70), (547, 119), (571, 485), (587, 585), (619, 357), (647, 54), (691, 378), (743, 128), (751, 273), (787, 455), (859, 87), (967, 200), (1103, 563), (1583, 1262), (3251, 80), (5927, 2394), (23311, 18084), (491, 230), (503, 94), (523, 237), (599, 441), (607, 361), (643, 481), (719, 486), (727, 17), (739, 608), (811, 583), (823, 8), (827, 61), (839, 259), (863, 243), (883, 846), (911, 375), (919, 136), (947, 446), (971, 843), (983, 243), (991, 895), (1019, 765), (1063, 436), (1123, 4), (1151, 1037), (1223, 688), (1259, 1213), (1319, 566), (1367, 1322), (1447, 1133), (1459, 1275), (1511, 407), (1523, 271), (1571, 9), (1579, 1533), (1663, 249), (1667, 1053), (1699, 1279), (1723, 903), (1811, 145), (1847, 82), (1871, 256), (1879, 253), (1999, 288), (2143, 696), (2251, 2094), (2339, 1823), (2351, 642), (2411, 843), (2467, 239), (2503, 1312), (2699, 2579), (2879, 2308), (2887, 2595), (3307, 822), (3319, 441), (3463, 1276), (3691, 2563), (4931, 3448), (11119, 6951), (13523, 9550), (19759, 15154), (443, 321), (659, 426), (887, 222), (907, 739), (1031, 86), (1039, 580), (1051, 927), (1087, 407), (1091, 64), (1163, 734), (1171, 818), (1187, 698), (1279, 181), (1283, 551), (1291, 20), (1303, 836), (1307, 1156), (1327, 428), (1423, 962), (1427, 491), (1439, 941), (1451, 355), (1471, 1154), (1483, 1365), (1487, 389), (1499, 357), (1559, 1007), (1567, 1138), (1607, 521), (1619, 950), (1627, 509), (1747, 156), (1759, 1489), (1787, 1200), (1823, 438), (1867, 1820), (1931, 1357), (1951, 1507), (1987, 602), (2003, 140), (2011, 503), (2027, 1905), (2039, 1435), (2087, 1076), (2111, 1605), (2207, 1362), (2239, 1314), (2243, 1723), (2267, 2191), (2311, 38), (2371, 535), (2383, 299), (2399, 401), (2423, 1684), (2539, 1436), (2551, 649), (2663, 2527), (2687, 359), (2707, 135), (2791, 502), (2803, 1440), (2963, 2227), (2999, 1917), (3019, 1757), (3023, 2103), (3119, 1227), (3511, 2702), (3719, 968), (3823, 3235), (4259, 2513), (4283, 3277), (4423, 94), (4451, 104), (4643, 55), (4723, 4053), (4871, 3793), (4943, 1958), (5783, 397), (6763, 696), (6971, 300), (7723, 6735), (9323, 4283), (10303, 7833), (11527, 2618), (17327, 12233), (20743, 18888), (21283, 16920), (23143, 7647), (1231, 55), (1399, 203), (1531, 1159), (1543, 1147), (1783, 413), (1831, 1005), (1907, 1102), (1979, 1601), (2063, 512), (2083, 1657), (2099, 2037), (2131, 715), (2203, 1666), (2287, 1147), (2347, 1423)]
Warning: prime 31 has 5 unavoidable fails with lift 97
Warning: prime 11 has 17 unavoidable fails with lift 14
Warning: prime 19 has 1 unavoidable fails with lift 96
Candidate n digits: 1448
V_all size: 6401
Failed: 1240 failing v's. First few: [1172384, 5144576, 18670496, 20578304, 298290746]
Added 1223 new v's to blocked.

--- Iteration 3 ---
Number of target v's to block: 2829
Precomputing residues...
Precomputation finished. Starting greedy selection...
Chosen primes for cover (382): [(31, 8), (11, 1), (127, 52), (43, 13), (23, 8), (19, 7), (331, 104), (59, 25), (151, 40), (71, 50), (683, 220), (47, 34), (67, 25), (79, 11), (103, 16), (8191, 3328), (83, 36), (107, 41), (2731, 1444), (5419, 3161), (131, 81), (163, 24), (251, 156), (139, 6), (167, 28), (191, 26), (307, 86), (223, 47), (211, 43), (227, 82), (631, 77), (179, 17), (199, 64), (263, 248), (283, 168), (239, 12), (4051, 3463), (271, 155), (379, 93), (439, 32), (547, 78), (311, 52), (347, 39), (359, 328), (367, 290), (383, 339), (419, 369), (431, 405), (463, 188), (467, 334), (499, 22), (563, 197), (571, 193), (587, 343), (599, 369), (607, 98), (691, 423), (1103, 209), (23311, 20832), (479, 139), (487, 351), (491, 36), (503, 6), (523, 160), (619, 232), (647, 508), (727, 132), (739, 317), (743, 606), (751, 519), (823, 416), (827, 782), (863, 614), (971, 135), (991, 879), (1019, 633), (1427, 68), (1439, 742), (1583, 1053), (1619, 926), (1663, 1098), (1723, 1596), (1811, 1502), (2143, 2115), (2267, 1641), (2351, 904), (13367, 8954), (643, 42), (787, 188), (839, 757), (859, 697), (911, 772), (919, 92), (947, 25), (967, 574), (983, 531), (1031, 834), (1063, 469), (1087, 999), (1091, 660), (1123, 790), (1171, 179), (1259, 814), (1303, 311), (1307, 58), (1319, 402), (1327, 664), (1367, 242), (1447, 876), (1459, 583), (1511, 1009), (1523, 591), (1559, 995), (1667, 1064), (1847, 1790), (1867, 1037), (1871, 1267), (1931, 1814), (1999, 535), (2003, 1626), (2011, 836), (2039, 575), (2371, 2164), (2399, 1536), (2767, 1657), (2887, 454), (2971, 2474), (3023, 2396), (3191, 674), (3319, 522), (3767, 16), (4451, 3468), (4663, 3139), (5683, 5615), (11119, 4874), (443, 56), (659, 345), (719, 217), (811, 456), (883, 25), (887, 354), (907, 519), (1039, 924), (1051, 673), (1151, 67), (1187, 712), (1223, 1), (1279, 259), (1283, 758), (1291, 354), (1399, 178), (1423, 1107), (1451, 587), (1483, 91), (1499, 1083), (1531, 1192), (1543, 1054), (1567, 1478), (1571, 1372), (1579, 703), (1607, 1503), (1627, 346), (1699, 380), (1747, 43), (1759, 957), (1783, 1110), (1787, 530), (1823, 625), (1831, 168), (1879, 85), (1907, 810), (1979, 1575), (2027, 1425), (2083, 113), (2087, 72), (2179, 1221), (2207, 858), (2239, 1721), (2243, 93), (2251, 683), (2339, 1083), (2347, 1388), (2411, 2163), (2423, 1875), (2447, 1915), (2467, 2198), (2539, 16), (2543, 1531), (2591, 1444), (2663, 2546), (2687, 147), (2699, 738), (2711, 490), (2791, 925), (2879, 1444), (2903, 2207), (2963, 181), (3011, 1765), (3079, 2448), (3251, 2475), (3271, 78), (3307, 2554), (3331, 2582), (3391, 2993), (3463, 3383), (3559, 2191), (3847, 2374), (4259, 1764), (4447, 925), (4643, 1654), (5231, 3393), (5351, 1537), (5443, 3175), (5927, 4888), (6691, 115), (6883, 3277), (8231, 1513), (8443, 3850), (9127, 1700), (9719, 5572), (10531, 4973), (11087, 6120), (12203, 10259), (12503, 809), (12763, 9295), (13691, 9017), (13711, 7209), (13903, 12072), (15259, 11311), (17047, 9970), (17107, 3019), (18287, 7125), (24527, 6206), (33647, 9279), (1163, 95), (1231, 28), (1471, 22), (1487, 1432), (1951, 452), (1987, 521), (2063, 992), (2099, 1761), (2111, 843), (2131, 1324), (2287, 1740), (2311, 337), (2459, 854), (2503, 1874), (2531, 735), (2551, 1262), (2579, 1395), (2647, 1934), (2659, 554), (2671, 330), (2683, 350), (2707, 1645), (2719, 2181), (2803, 1242), (2843, 839), (2851, 1415), (2927, 2453), (2939, 1961), (2999, 1662), (3019, 2338), (3067, 476), (3083, 1790), (3167, 2346), (3187, 1887), (3259, 779), (3299, 627), (3323, 1009), (3343, 2421), (3347, 3228), (3359, 242), (3371, 397), (3407, 2648), (3467, 2359), (3491, 792), (3499, 2743), (3511, 889), (3547, 2668), (3583, 2719), (3607, 2521), (3623, 900), (3643, 1406), (3691, 1040), (3719, 90), (3739, 3128), (3803, 1216), (3823, 645), (3919, 1182), (3923, 2146), (3931, 3635), (3947, 227), (4003, 3640), (4007, 278), (4079, 628), (4091, 720), (4111, 404), (4139, 332), (4159, 519), (4211, 3596), (4219, 2058), (4243, 2515), (4271, 3767), (4283, 739), (4327, 4002), (4339, 3869), (4363, 2488), (4423, 4273), (4483, 3081), (4507, 1683), (4519, 3454), (4639, 4178), (4691, 2552), (4703, 348), (4783, 3544), (4799, 3470), (4831, 777), (4871, 3304), (4903, 3674), (4931, 1272), (4951, 1068), (4967, 4631), (5099, 65), (5107, 2675), (5119, 4148), (5347, 804), (5387, 3887), (5483, 4446), (5503, 378), (5563, 3241), (5711, 3606), (5807, 4706), (5839, 3899), (6067, 3244), (6211, 2156), (6871, 1103), (6959, 4553), (7127, 4314), (7159, 5611), (7211, 5562), (8123, 4996), (8423, 3255), (8527, 8371), (9151, 1812), (9803, 3368), (9931, 2916), (10103, 5152), (10343, 6052), (10459, 1970), (10663, 1804), (11059, 7204), (11299, 3789), (11471, 2224), (12527, 6221), (13931, 10835), (15139, 954), (17231, 11914), (17807, 16250), (32371, 13691), (32531, 23332), (34211, 26525), (2203, 1357), (2383, 1592), (2819, 2464), (3119, 707), (3163, 823), (3203, 2717), (3527, 2028), (3539, 2650), (3571, 2762), (3631, 2161), (3659, 3194), (3671, 1309), (3727, 1841), (3779, 1451), (3851, 3752), (3863, 2653), (3911, 926), (3943, 1811), (4019, 1482)]
Warning: prime 31 has 9 unavoidable fails with lift 511
Warning: prime 11 has 28 unavoidable fails with lift 89
Warning: prime 23 has 3 unavoidable fails with lift 355
Warning: prime 19 has 3 unavoidable fails with lift 160
Candidate n digits: 2535
V_all size: 6401
Failed: 782 failing v's. First few: [1166906, 329252864, 4779646976, 27917287424, 337154932736]
Added 760 new v's to blocked.

--- Iteration 4 ---
Number of target v's to block: 3589
Precomputing residues...
Precomputation finished. Starting greedy selection...
Chosen primes for cover (491): [(31, 2), (11, 5), (127, 61), (23, 16), (19, 11), (43, 17), (331, 144), (59, 36), (71, 30), (683, 475), (151, 20), (47, 36), (67, 49), (83, 68), (79, 5), (103, 26), (2731, 361), (8191, 4102), (107, 48), (5419, 1801), (131, 49), (251, 39), (307, 170), (223, 153), (191, 156), (631, 485), (163, 161), (139, 46), (167, 121), (179, 61), (199, 115), (211, 201), (227, 34), (271, 122), (283, 155), (239, 187), (263, 258), (4051, 1799), (347, 219), (367, 148), (383, 36), (431, 392), (439, 16), (571, 117), (1103, 1014), (311, 91), (379, 256), (419, 29), (467, 436), (547, 47), (587, 95), (691, 271), (359, 222), (463, 116), (479, 42), (487, 106), (499, 323), (503, 158), (523, 144), (743, 200), (751, 186), (23311, 18084), (491, 290), (563, 196), (599, 540), (607, 416), (619, 125), (787, 712), (811, 26), (911, 267), (967, 673), (971, 564), (1063, 953), (1087, 436), (1091, 653), (1559, 1238), (1583, 424), (1663, 787), (1847, 696), (2411, 237), (2971, 1266), (443, 244), (643, 226), (647, 128), (719, 525), (727, 269), (739, 107), (823, 606), (827, 730), (839, 141), (863, 51), (907, 230), (919, 220), (947, 16), (991, 407), (1019, 45), (1031, 774), (1123, 477), (1187, 468), (1283, 586), (1427, 887), (1531, 998), (1543, 874), (1607, 462), (1699, 455), (1723, 285), (1823, 275), (1831, 360), (2143, 267), (2179, 224), (2351, 1963), (2699, 2187), (5927, 4031), (9719, 3099), (11119, 2716), (659, 275), (859, 289), (883, 652), (887, 648), (983, 186), (1051, 416), (1151, 256), (1163, 97), (1171, 522), (1223, 932), (1259, 1217), (1291, 732), (1303, 114), (1307, 692), (1327, 875), (1367, 479), (1399, 1294), (1439, 1098), (1447, 523), (1459, 354), (1487, 952), (1511, 900), (1567, 750), (1579, 1325), (1619, 1106), (1627, 697), (1783, 139), (1811, 11), (1867, 139), (1871, 477), (1879, 497), (1999, 295), (2039, 1136), (2207, 236), (2243, 1328), (2267, 266), (2311, 908), (2371, 1413), (2399, 243), (2423, 2263), (2503, 2080), (2791, 1907), (2843, 59), (2887, 1126), (2963, 1164), (3019, 2458), (3391, 2989), (3407, 2849), (3719, 2319), (4259, 46), (4643, 2287), (6163, 4175), (6571, 1301), (13367, 8954), (16603, 2513), (1039, 757), (1231, 810), (1279, 64), (1319, 121), (1423, 1354), (1451, 650), (1471, 352), (1483, 1291), (1499, 584), (1523, 1516), (1571, 1472), (1667, 1082), (1747, 1502), (1759, 253), (1787, 3), (1907, 1863), (1931, 1049), (1951, 1361), (1979, 1773), (2003, 784), (2011, 64), (2027, 12), (2063, 516), (2083, 379), (2087, 425), (2111, 539), (2131, 1469), (2203, 2185), (2251, 1978), (2287, 64), (2339, 616), (2347, 2249), (2447, 2263), (2467, 281), (2531, 2028), (2539, 2479), (2543, 1392), (2551, 677), (2579, 1465), (2647, 1104), (2659, 1484), (2663, 1687), (2671, 1067), (2687, 599), (2707, 169), (2767, 1873), (2803, 1891), (2851, 620), (2879, 1970), (2903, 2389), (2939, 946), (2999, 1625), (3011, 2284), (3023, 789), (3079, 1845), (3083, 2763), (3119, 272), (3191, 1956), (3251, 1468), (3259, 1311), (3271, 1384), (3299, 429), (3319, 2865), (3323, 38), (3331, 2126), (3343, 3115), (3359, 1192), (3371, 1642), (3463, 1190), (3491, 2034), (3499, 3485), (3547, 3054), (3671, 2267), (3691, 3376), (3727, 1152), (3767, 942), (3823, 544), (3847, 2229), (3907, 1988), (3911, 2148), (3931, 731), (3967, 2194), (4019, 1679), (4091, 3242), (4127, 3067), (4159, 1574), (4231, 1925), (4283, 2709), (4327, 1288), (4339, 827), (4363, 1398), (4447, 1389), (4451, 3953), (4507, 630), (4523, 4001), (4567, 1122), (4723, 3195), (4831, 1676), (4903, 1675), (4931, 2545), (4967, 4911), (5099, 1569), (5227, 3227), (5231, 4040), (5303, 1038), (5323, 4376), (5351, 5005), (5399, 4075), (5431, 882), (5507, 2693), (5531, 346), (5711, 901), (5743, 1799), (5807, 820), (5839, 392), (5843, 5656), (6043, 5921), (6367, 296), (6551, 4196), (6971, 2478), (7883, 4956), (7919, 180), (8179, 2453), (8311, 2278), (8563, 389), (9151, 6301), (10531, 3962), (10891, 2079), (12763, 4586), (12979, 4787), (13859, 9194), (14411, 14097), (14699, 12409), (15739, 8568), (15991, 11056), (17107, 14570), (20719, 19850), (28867, 6245), (29131, 6047), (29927, 11414), (37171, 28806), (1987, 1637), (2099, 790), (2239, 1421), (2383, 1216), (2459, 777), (2591, 427), (2683, 1804), (2711, 1974), (2719, 2031), (2819, 2692), (2927, 837), (3067, 795), (3163, 1263), (3167, 1100), (3187, 474), (3203, 2087), (3307, 1289), (3347, 1847), (3467, 2563), (3511, 3125), (3527, 3001), (3539, 1850), (3559, 1818), (3571, 855), (3607, 1550), (3623, 2936), (3631, 3326), (3643, 940), (3659, 909), (3739, 947), (3779, 2046), (3803, 3741), (3851, 287), (3863, 352), (3923, 520), (3943, 3491), (3947, 1274), (4007, 3554), (4027, 131), (4079, 219), (4111, 197), (4139, 332), (4211, 2554), (4219, 3245), (4243, 2431), (4391, 4124), (4423, 3422), (4463, 2452), (4483, 2468), (4519, 943), (4547, 1690), (4583, 2264), (4591, 4495), (4603, 118), (4651, 290), (4663, 4529), (4679, 2646), (4691, 1369), (4703, 3055), (4751, 4061), (4759, 1322), (4783, 327), (4787, 1211), (4799, 1085), (4871, 4406), (4919, 2143), (4943, 4060), (4987, 2227), (4999, 2619), (5003, 1476), (5023, 1549), (5039, 696), (5051, 3110), (5107, 1431), (5119, 3772), (5167, 3136), (5171, 3940), (5347, 221), (5387, 1264), (5443, 4013), (5479, 1405), (5483, 757), (5503, 4984), (5563, 3610), (5591, 2401), (5639, 4721), (5647, 413), (5651, 801), (5659, 4922), (5683, 793), (5783, 442), (5867, 4747), (5923, 2522), (5939, 3606), (5987, 5128), (6011, 4882), (6047, 2858), (6067, 5386), (6091, 2301), (6143, 5476), (6199, 2738), (6211, 6002), (6287, 3015), (6311, 4241), (6323, 1481), (6491, 410), (6599, 2088), (6659, 3204), (6691, 4487), (6779, 6099), (6803, 197), (6863, 1347), (6883, 1991), (6947, 475), (7219, 3015), (7243, 2845), (7351, 4447), (7727, 3640), (7823, 4903), (8111, 3985), (8123, 3142), (8147, 1383), (8167, 1161), (8431, 5670), (8719, 4119), (8831, 3375), (9391, 9041), (9439, 4418), (9643, 5915), (9887, 4310), (10399, 3698), (10427, 6001), (10631, 7052), (10639, 5075), (11351, 6474), (11491, 7070), (12203, 9817), (13003, 130), (13007, 8173), (13099, 11197), (13127, 5898), (13331, 6521), (14011, 9811), (14083, 6171), (15199, 91), (15287, 4251), (16007, 3989), (16651, 9122), (18127, 885), (19891, 17778), (25111, 19280), (29327, 19464), (32159, 17398), (3583, 559), (3919, 2279), (4003, 1343), (4099, 2157), (4271, 2274), (4639, 273), (4951, 1519), (5011, 2039), (5059, 4323), (5087, 2980), (5147, 4201), (5179, 900), (5279, 3521), (5407, 2055), (5471, 3369), (5519, 320), (5527, 4435), (5623, 5075), (5779, 1136), (5791, 1251), (5827, 509), (5851, 1231), (5879, 5467), (6007, 846), (6079, 2761), (6131, 4663), (6151, 2238)]
Warning: prime 31 has 11 unavoidable fails with lift 690
Warning: prime 11 has 34 unavoidable fails with lift 59
Warning: prime 23 has 5 unavoidable fails with lift 27
Warning: prime 19 has 5 unavoidable fails with lift 26
Warning: prime 43 has 1 unavoidable fails with lift 1825
Candidate n digits: 3362
V_all size: 6401
Failed: 418 failing v's. First few: [321536, 27262976, 4802084864, 1251001805367296, 7318349394477056]
Added 386 new v's to blocked.

--- Iteration 5 ---
Number of target v's to block: 3975
Precomputing residues...
Precomputation finished. Starting greedy selection...
Chosen primes for cover (543): [(31, 4), (11, 3), (127, 107), (23, 3), (43, 15), (19, 5), (331, 245), (59, 46), (71, 54), (683, 509), (151, 10), (79, 25), (47, 12), (67, 54), (83, 12), (103, 92), (107, 10), (8191, 832), (2731, 876), (307, 148), (251, 106), (131, 123), (167, 7), (5419, 1880), (631, 5), (139, 77), (163, 61), (211, 183), (179, 45), (199, 16), (223, 201), (191, 118), (283, 152), (227, 207), (271, 67), (263, 204), (239, 68), (431, 40), (4051, 2745), (311, 216), (347, 31), (367, 240), (379, 121), (383, 251), (439, 196), (463, 16), (547, 149), (587, 184), (691, 624), (467, 417), (487, 370), (491, 3), (571, 293), (1103, 286), (359, 74), (419, 189), (479, 126), (499, 267), (523, 223), (599, 320), (607, 120), (619, 356), (751, 617), (811, 416), (823, 220), (1663, 269), (11119, 6924), (13367, 4477), (23311, 2719), (503, 219), (563, 485), (647, 106), (727, 349), (743, 37), (787, 712), (827, 692), (863, 858), (911, 307), (971, 402), (983, 27), (991, 330), (1031, 12), (1087, 639), (1123, 635), (1723, 1706), (1811, 1723), (2971, 2457), (3191, 2686), (443, 398), (643, 274), (659, 70), (719, 666), (739, 434), (839, 5), (859, 131), (919, 795), (947, 134), (967, 202), (1051, 498), (1063, 978), (1091, 497), (1171, 527), (1259, 1126), (1307, 1131), (1319, 93), (1367, 8), (1427, 71), (1439, 1099), (1447, 645), (1459, 1282), (1531, 328), (1559, 1089), (1567, 1492), (1579, 214), (1583, 434), (1667, 473), (2143, 1196), (2179, 570), (2267, 742), (2351, 140), (2371, 1640), (2699, 277), (2707, 445), (2887, 1304), (3331, 17), (4451, 2112), (9719, 3920), (887, 6), (907, 55), (1019, 42), (1039, 728), (1151, 965), (1163, 897), (1187, 408), (1223, 187), (1279, 804), (1283, 758), (1291, 262), (1303, 973), (1327, 181), (1399, 418), (1423, 395), (1483, 49), (1487, 1051), (1499, 839), (1523, 100), (1543, 49), (1607, 1303), (1619, 1357), (1627, 907), (1699, 954), (1823, 659), (1831, 1114), (1847, 777), (1871, 64), (1907, 1542), (1931, 1841), (1951, 517), (1979, 1768), (1999, 1264), (2003, 475), (2011, 4), (2027, 1419), (2087, 2080), (2111, 32), (2131, 1907), (2207, 788), (2311, 377), (2399, 659), (2411, 704), (2423, 581), (2467, 2133), (2503, 1284), (2543, 2156), (2579, 1655), (2659, 81), (2903, 2576), (3019, 20), (3023, 2390), (3251, 1621), (3259, 141), (3371, 397), (3391, 3361), (3499, 1541), (3907, 1495), (4127, 2816), (4259, 1600), (4507, 1676), (4643, 874), (4931, 318), (5351, 5115), (5507, 4001), (5531, 788), (5927, 2564), (17471, 9700), (883, 226), (1231, 501), (1451, 327), (1471, 1018), (1511, 1243), (1571, 775), (1747, 1284), (1759, 1121), (1783, 1349), (1787, 962), (1867, 837), (1879, 1369), (1987, 1124), (2039, 1810), (2063, 66), (2083, 629), (2203, 563), (2239, 325), (2243, 453), (2251, 1823), (2287, 1220), (2339, 1389), (2347, 1370), (2447, 2104), (2531, 1693), (2539, 2223), (2551, 289), (2591, 2553), (2663, 1636), (2671, 128), (2683, 2125), (2687, 2426), (2711, 1942), (2767, 2734), (2791, 1568), (2819, 348), (2843, 2467), (2879, 1013), (2939, 259), (2963, 1340), (2999, 294), (3079, 612), (3083, 2634), (3119, 1315), (3167, 2472), (3203, 1764), (3271, 2248), (3307, 618), (3319, 304), (3323, 612), (3343, 969), (3347, 1457), (3359, 2748), (3407, 489), (3463, 2737), (3547, 573), (3583, 508), (3631, 3348), (3659, 3375), (3691, 726), (3719, 1549), (3727, 3587), (3739, 3377), (3767, 1633), (3803, 1241), (3823, 1942), (3847, 3128), (3931, 545), (3947, 3686), (4079, 3322), (4091, 1589), (4111, 2907), (4159, 578), (4219, 514), (4283, 3910), (4327, 4140), (4339, 364), (4423, 1296), (4519, 4500), (4523, 1751), (4567, 1770), (4691, 1998), (4799, 316), (4903, 2456), (4951, 1278), (5003, 4906), (5099, 2077), (5231, 2194), (5303, 3686), (5347, 3627), (5483, 3821), (5591, 4853), (5659, 4891), (5743, 5598), (5839, 267), (5923, 670), (6079, 568), (6199, 353), (6323, 87), (6367, 162), (6491, 4390), (6571, 4909), (6619, 5805), (6803, 2337), (6863, 4714), (7759, 2721), (7823, 6429), (8179, 3177), (8363, 6619), (8423, 5150), (8819, 2635), (8867, 8491), (9151, 1710), (9319, 2175), (9643, 2440), (10163, 5568), (10243, 347), (10427, 3635), (10559, 1925), (10607, 4928), (10627, 5989), (11519, 4443), (12491, 2914), (12503, 369), (12763, 6852), (14251, 2082), (14411, 5586), (15551, 324), (15739, 468), (15787, 8894), (17107, 6959), (17747, 1298), (18367, 12791), (19183, 2188), (23447, 4650), (23819, 5150), (25147, 2849), (37171, 31254), (2099, 425), (2383, 1578), (2459, 1556), (2647, 1692), (2719, 758), (2803, 1141), (2851, 1411), (2927, 48), (3011, 873), (3067, 574), (3163, 1551), (3187, 610), (3299, 663), (3467, 2678), (3491, 1681), (3511, 692), (3527, 1774), (3539, 2195), (3559, 1168), (3571, 3429), (3607, 2265), (3623, 1403), (3643, 2103), (3671, 846), (3779, 3375), (3851, 518), (3863, 1958), (3911, 3087), (3919, 256), (3923, 525), (3943, 1738), (3967, 3910), (4003, 1554), (4007, 3091), (4019, 2200), (4027, 610), (4099, 572), (4139, 78), (4211, 2793), (4231, 847), (4243, 900), (4271, 178), (4363, 830), (4447, 2210), (4463, 521), (4483, 3941), (4547, 2601), (4583, 2346), (4591, 339), (4603, 4537), (4639, 2385), (4651, 2101), (4663, 4353), (4679, 2134), (4703, 2051), (4723, 3195), (4751, 1190), (4783, 4483), (4787, 3902), (4831, 4400), (4871, 1047), (4919, 49), (4943, 1220), (4967, 1548), (5011, 552), (5023, 3302), (5039, 4500), (5051, 1295), (5087, 19), (5107, 617), (5119, 306), (5167, 4499), (5179, 1234), (5227, 1008), (5323, 2772), (5387, 3138), (5399, 3621), (5407, 29), (5431, 2832), (5443, 1513), (5479, 1811), (5639, 1491), (5647, 5140), (5683, 4059), (5711, 1750), (5779, 1450), (5807, 3008), (5843, 5467), (5851, 2015), (5867, 5371), (5879, 652), (5987, 5391), (6007, 709), (6011, 4952), (6043, 5884), (6047, 132), (6067, 1031), (6091, 1291), (6131, 1747), (6143, 5163), (6163, 2933), (6203, 5519), (6211, 3506), (6287, 5072), (6299, 2742), (6311, 2483), (6343, 3411), (6359, 5260), (6379, 2774), (6551, 1575), (6563, 994), (6599, 360), (6679, 2450), (6691, 2676), (6719, 2176), (6779, 2664), (6871, 3427), (6883, 5078), (6899, 522), (6959, 6035), (6991, 5776), (7019, 6785), (7187, 2436), (7207, 2863), (7219, 1625), (7243, 5311), (7283, 3260), (7307, 5089), (7351, 5917), (7451, 3342), (7459, 1291), (7499, 214), (7559, 1966), (7727, 1452), (7867, 4545), (7879, 1208), (7919, 6971), (7951, 1982), (8123, 3892), (8219, 1145), (8419, 964), (8527, 4112), (8647, 2004), (8731, 1264), (8831, 4056), (8863, 5598), (8887, 5022), (8951, 4442), (8963, 1048), (9203, 4468), (9323, 704), (9431, 4866), (9439, 1424), (9491, 5161), (9739, 1361), (9887, 3865), (10079, 8771), (10103, 1496), (10111, 9224), (10223, 7069), (10739, 2587), (10847, 6442), (11047, 4539), (11059, 8336), (11287, 8946), (11299, 4086), (11443, 8551), (11807, 10654), (11863, 3639), (11867, 6318), (12203, 7836), (12239, 3722), (12511, 450), (12983, 1949), (13763, 12274), (13879, 6671), (14387, 2065), (14479, 9205), (14699, 6857), (16267, 13220), (16363, 148), (21211, 16333), (23279, 15736), (25423, 5516), (29663, 18579), (29819, 8895), (4391, 2085), (4759, 2746), (4987, 2253), (4999, 4330), (5059, 2393), (5147, 3481), (5171, 262), (5279, 542), (5471, 2464), (5503, 1172), (5519, 2662), (5527, 4321), (5563, 2084), (5623, 4508), (5651, 2145), (5783, 1745), (5791, 317), (5827, 4060), (5903, 3112), (5939, 3816), (6151, 5195), (6263, 4987), (6271, 4104), (6607, 3527)]
Warning: prime 31 has 13 unavoidable fails with lift 219
Warning: prime 11 has 41 unavoidable fails with lift 5
Warning: prime 23 has 6 unavoidable fails with lift 283
Warning: prime 43 has 1 unavoidable fails with lift 1603
Warning: prime 19 has 6 unavoidable fails with lift 85
Candidate n digits: 3771
V_all size: 6401
Failed: 199 failing v's. First few: [4886725802216, 78309736054784, 80064115543506944, 329996759095945723904, 1375522514132334463089115136]
Added 150 new v's to blocked.

--- Iteration 6 ---
Number of target v's to block: 4125
Precomputing residues...
Precomputation finished. Starting greedy selection...
Chosen primes for cover (575): [(31, 1), (11, 9), (127, 107), (23, 12), (43, 15), (19, 6), (331, 144), (59, 51), (71, 49), (683, 87), (151, 20), (47, 32), (67, 23), (79, 9), (83, 26), (103, 1), (107, 36), (8191, 1664), (2731, 1444), (131, 53), (307, 90), (167, 97), (251, 156), (5419, 2101), (631, 620), (179, 141), (223, 201), (139, 79), (163, 136), (191, 109), (199, 131), (211, 196), (227, 101), (239, 109), (283, 207), (271, 138), (431, 10), (4051, 1699), (263, 204), (311, 147), (367, 151), (439, 49), (347, 271), (379, 369), (383, 43), (467, 97), (479, 97), (499, 471), (571, 157), (691, 276), (463, 121), (547, 161), (587, 112), (599, 529), (607, 468), (751, 392), (1103, 747), (359, 64), (419, 273), (487, 465), (523, 150), (743, 238), (811, 434), (967, 317), (1663, 709), (2267, 1903), (11119, 6924), (23311, 18163), (491, 114), (503, 96), (563, 440), (619, 107), (647, 115), (727, 162), (739, 551), (787, 451), (823, 329), (839, 23), (859, 524), (863, 646), (919, 603), (971, 525), (1019, 311), (1031, 73), (1091, 678), (1123, 4), (1151, 249), (1559, 637), (1579, 1098), (1583, 1454), (1811, 1777), (2179, 411), (2351, 2300), (2971, 233), (3191, 1541), (13367, 4541), (443, 90), (643, 492), (659, 459), (719, 418), (827, 639), (887, 852), (947, 770), (991, 229), (1051, 697), (1063, 305), (1087, 1056), (1171, 138), (1259, 755), (1319, 639), (1367, 1241), (1399, 282), (1423, 1344), (1427, 1349), (1439, 780), (1447, 410), (1459, 1162), (1531, 939), (1607, 733), (1723, 110), (1831, 809), (1847, 1307), (1871, 1248), (2011, 948), (2131, 1444), (2143, 1886), (2699, 2601), (2887, 2394), (3251, 1242), (3719, 3633), (4451, 934), (9719, 2772), (883, 435), (907, 52), (911, 723), (983, 128), (1039, 542), (1187, 943), (1231, 175), (1279, 1188), (1283, 466), (1291, 598), (1303, 1215), (1307, 861), (1327, 1059), (1451, 666), (1487, 376), (1523, 828), (1567, 621), (1571, 994), (1619, 785), (1627, 553), (1667, 856), (1699, 376), (1747, 172), (1787, 1296), (1823, 1285), (1867, 265), (1879, 53), (1907, 1102), (1931, 768), (1951, 1247), (2027, 973), (2039, 590), (2063, 1706), (2083, 825), (2243, 1180), (2251, 1744), (2339, 1915), (2371, 2311), (2399, 471), (2411, 1156), (2423, 1744), (2467, 42), (2503, 1032), (2539, 165), (2663, 1860), (2791, 2250), (2879, 1298), (2903, 475), (3019, 1545), (3023, 110), (3319, 152), (3323, 2924), (3331, 2582), (3343, 2132), (3391, 106), (3823, 2426), (3907, 959), (4219, 2350), (4423, 2343), (4643, 2002), (4871, 4704), (4931, 3650), (5303, 2704), (5927, 5020), (6551, 3065), (6803, 30), (11839, 6450), (14251, 13911), (15739, 8568), (37171, 1166), (1163, 155), (1223, 723), (1471, 874), (1483, 499), (1499, 97), (1511, 475), (1543, 474), (1759, 471), (1783, 567), (1979, 1230), (1987, 205), (1999, 649), (2003, 22), (2087, 1785), (2111, 1460), (2203, 1003), (2207, 1859), (2287, 1608), (2311, 732), (2347, 1687), (2383, 629), (2447, 753), (2531, 2399), (2543, 396), (2551, 1214), (2579, 691), (2591, 1416), (2647, 1292), (2659, 724), (2671, 1330), (2683, 1490), (2687, 1063), (2707, 1350), (2711, 1960), (2767, 1900), (2843, 134), (2851, 1272), (2939, 541), (2963, 925), (2999, 24), (3011, 1672), (3079, 1784), (3083, 2436), (3119, 2027), (3203, 2087), (3271, 2926), (3307, 1808), (3347, 2991), (3359, 2784), (3371, 2647), (3407, 564), (3463, 2856), (3467, 1856), (3527, 2570), (3607, 1010), (3623, 2021), (3691, 3016), (3727, 34), (3739, 1513), (3803, 385), (3847, 3765), (3851, 2864), (4079, 1875), (4127, 3976), (4159, 578), (4231, 1715), (4243, 3350), (4339, 1507), (4363, 2389), (4447, 1757), (4463, 2029), (4519, 1257), (4523, 3581), (4547, 721), (4567, 799), (4591, 3618), (4603, 3451), (4663, 2938), (4691, 364), (4783, 4268), (4787, 3905), (4799, 1379), (4903, 614), (4919, 4845), (4943, 2961), (4967, 3688), (5099, 748), (5119, 2942), (5347, 2630), (5479, 2241), (5483, 1705), (5507, 3918), (5519, 4225), (5531, 5216), (5639, 2112), (5683, 2495), (5743, 1945), (5807, 4814), (5867, 2208), (5939, 63), (6091, 3113), (6143, 6128), (6211, 1704), (6323, 1625), (6343, 223), (6619, 2016), (6691, 5662), (6791, 6542), (6991, 1444), (7283, 7065), (7607, 2898), (7643, 3768), (7823, 717), (8179, 5470), (8423, 7528), (8819, 2486), (8839, 849), (8867, 5770), (9103, 2185), (9923, 8305), (10771, 9011), (11287, 6283), (11587, 1106), (12203, 3069), (12503, 11368), (12899, 1410), (13523, 7055), (13591, 13036), (13691, 5283), (14699, 14546), (14887, 6044), (14939, 7448), (14951, 9208), (15139, 9291), (16267, 4270), (16603, 9637), (17107, 14570), (18127, 17015), (19891, 1753), (20407, 1845), (21191, 19605), (23447, 22518), (23539, 14499), (28279, 6662), (2099, 570), (2239, 531), (2459, 2373), (2719, 1252), (2803, 2285), (2819, 2297), (2927, 2791), (3067, 1498), (3163, 2436), (3167, 1457), (3187, 1547), (3259, 1057), (3299, 663), (3491, 157), (3499, 295), (3511, 1973), (3539, 1288), (3547, 2552), (3559, 52), (3571, 3485), (3583, 586), (3631, 1373), (3643, 1398), (3659, 1904), (3671, 2905), (3767, 1061), (3779, 3378), (3863, 3693), (3911, 250), (3919, 830), (3923, 1141), (3931, 2452), (3943, 116), (3947, 148), (3967, 1334), (4003, 3640), (4007, 3263), (4019, 3899), (4027, 1337), (4091, 1582), (4099, 3184), (4111, 2276), (4139, 193), (4211, 2494), (4259, 1382), (4271, 2437), (4283, 3688), (4327, 1120), (4391, 3775), (4483, 3947), (4507, 4409), (4583, 2126), (4639, 3852), (4651, 845), (4679, 235), (4703, 4538), (4723, 4331), (4751, 3065), (4759, 4362), (4831, 2367), (4951, 4575), (4987, 207), (5003, 3486), (5011, 1863), (5023, 2540), (5039, 1266), (5051, 1030), (5059, 4323), (5087, 4707), (5107, 4956), (5167, 3091), (5179, 1853), (5227, 2454), (5231, 1048), (5279, 3715), (5323, 2658), (5351, 3662), (5399, 261), (5407, 1450), (5431, 2832), (5443, 1807), (5503, 5500), (5527, 369), (5563, 196), (5591, 5060), (5623, 903), (5647, 4402), (5711, 3146), (5779, 627), (5783, 1582), (5827, 449), (5839, 4626), (5843, 4653), (5851, 2210), (5879, 1516), (5923, 2286), (6007, 1420), (6011, 2261), (6043, 3649), (6047, 5729), (6067, 3326), (6079, 1685), (6131, 2328), (6199, 5831), (6203, 300), (6263, 4932), (6271, 5381), (6287, 916), (6299, 2350), (6311, 50), (6359, 2560), (6367, 5263), (6379, 6110), (6451, 2628), (6491, 3928), (6563, 3764), (6571, 5875), (6599, 5919), (6679, 1891), (6719, 1519), (6763, 4861), (6863, 1437), (6871, 5000), (6883, 427), (6971, 3543), (7019, 6463), (7027, 2109), (7039, 1462), (7127, 335), (7151, 2701), (7159, 4115), (7187, 2222), (7219, 5052), (7351, 1898), (7451, 1863), (7523, 5045), (7559, 71), (7603, 1582), (7703, 2788), (7723, 5479), (7727, 5917), (7907, 6206), (7919, 675), (7927, 62), (7951, 448), (8011, 2146), (8123, 3430), (8231, 7358), (8243, 982), (8311, 4682), (8363, 6902), (8419, 2191), (8431, 8313), (8539, 8035), (8599, 9), (8707, 664), (8719, 6608), (8731, 6568), (8831, 1403), (8963, 1397), (8971, 683), (8999, 5421), (9043, 2641), (9091, 862), (9127, 1271), (9151, 491), (9371, 6031), (9403, 9120), (9439, 5728), (9767, 2910), (9859, 1351), (10067, 2350), (10103, 5847), (10139, 3679), (10163, 1082), (10243, 534), (10847, 9117), (10903, 778), (11087, 5926), (11411, 7011), (11467, 5588), (12251, 9396), (13127, 5204), (13291, 11056), (13687, 9290), (14303, 13438), (14503, 12023), (16319, 3823), (17539, 5772), (17707, 5757), (18523, 9604), (19319, 18709), (19699, 3286), (21391, 8393), (22051, 10729), (28579, 5946), (28723, 15718), (4999, 786), (5147, 2368), (5171, 4368), (5387, 3523), (5471, 4826), (5651, 387), (5659, 621), (5791, 4033), (5903, 2391), (5987, 5793), (6151, 5537), (6163, 3373), (6247, 685), (6427, 2616), (6547, 2844), (6607, 489), (6659, 4516), (6703, 4837), (6779, 3281), (6823, 2771), (6827, 3909), (6899, 5533), (6907, 345), (6911, 3790), (6947, 3470), (6959, 2450), (6967, 4436), (6983, 6936), (7079, 500), (7103, 1207), (7207, 4245), (7211, 5772)]
Warning: prime 31 has 15 unavoidable fails with lift 497
Warning: prime 11 has 41 unavoidable fails with lift 14
Warning: prime 23 has 6 unavoidable fails with lift 32
Warning: prime 43 has 2 unavoidable fails with lift 55
Warning: prime 19 has 7 unavoidable fails with lift 138
Candidate n digits: 4021
V_all size: 6401
Failed: 95 failing v's. First few: [18670496, 1829587348619264, 320263792325820416, 92676442226316787318784, 85968058284207363493259264]
Added 55 new v's to blocked.

--- Iteration 7 ---
Number of target v's to block: 4180
Precomputing residues...
Precomputation finished. Starting greedy selection...
Chosen primes for cover (585): [(31, 4), (11, 5), (127, 107), (23, 3), (43, 15), (19, 17), (331, 36), (59, 21), (71, 10), (683, 573), (151, 5), (47, 3), (67, 47), (83, 44), (79, 32), (103, 92), (107, 42), (8191, 2051), (2731, 876), (131, 117), (307, 37), (251, 222), (5419, 1129), (167, 36), (223, 106), (163, 143), (191, 134), (631, 433), (139, 112), (199, 117), (211, 25), (179, 138), (263, 32), (227, 34), (283, 127), (239, 124), (271, 56), (367, 137), (431, 209), (4051, 1699), (311, 27), (379, 216), (439, 1), (571, 273), (691, 624), (751, 538), (383, 265), (467, 114), (347, 277), (419, 136), (463, 116), (487, 470), (499, 407), (523, 223), (547, 62), (587, 400), (599, 369), (1103, 805), (359, 217), (479, 35), (491, 239), (563, 236), (607, 416), (619, 461), (743, 50), (859, 766), (1063, 305), (11119, 5635), (23311, 2052), (503, 85), (647, 318), (727, 206), (739, 720), (811, 173), (823, 57), (827, 119), (839, 751), (863, 593), (911, 430), (919, 610), (967, 321), (1019, 645), (1031, 905), (1123, 23), (1399, 1334), (1447, 424), (1579, 1046), (1663, 1584), (1831, 1472), (9719, 2603), (443, 390), (643, 123), (659, 243), (719, 578), (787, 749), (947, 740), (971, 762), (983, 587), (991, 407), (1051, 576), (1087, 1), (1091, 396), (1151, 877), (1171, 1077), (1259, 921), (1283, 1005), (1307, 344), (1327, 794), (1367, 696), (1427, 1162), (1459, 344), (1487, 775), (1523, 1237), (1559, 1089), (1571, 1369), (1583, 1046), (1627, 346), (1699, 303), (1871, 780), (2027, 1642), (2039, 1537), (2131, 76), (2143, 288), (2179, 1694), (2251, 643), (2267, 742), (2351, 2018), (2411, 176), (2767, 1562), (2971, 430), (3191, 1956), (3719, 3369), (4451, 132), (5927, 1443), (13367, 12501), (887, 404), (907, 164), (1039, 395), (1163, 34), (1187, 943), (1223, 1161), (1279, 1103), (1291, 381), (1319, 121), (1423, 1226), (1439, 379), (1451, 424), (1499, 839), (1531, 1097), (1543, 1052), (1567, 434), (1607, 815), (1667, 473), (1723, 154), (1747, 1639), (1787, 224), (1811, 1267), (1823, 444), (1847, 285), (1867, 784), (1879, 203), (1931, 334), (1951, 1716), (2011, 278), (2083, 134), (2087, 388), (2111, 188), (2287, 1244), (2371, 182), (2399, 1574), (2447, 1085), (2503, 510), (2659, 221), (2663, 1961), (2683, 2079), (2687, 6), (2699, 1012), (2791, 1425), (2963, 2134), (3019, 1546), (3023, 1937), (3079, 1254), (3251, 395), (3331, 3087), (3391, 3361), (3407, 2710), (3463, 1757), (3823, 2603), (3907, 138), (4219, 4025), (4523, 3141), (4931, 3525), (4967, 1759), (5099, 4721), (5303, 3154), (5347, 5105), (5531, 1304), (6551, 1567), (8819, 4962), (9151, 7767), (11519, 8981), (12959, 3969), (14251, 6221), (37171, 37030), (883, 811), (1231, 1171), (1303, 1056), (1483, 244), (1511, 1313), (1619, 187), (1759, 756), (1783, 951), (1907, 1661), (1979, 1755), (1987, 1784), (1999, 1832), (2003, 428), (2063, 1533), (2203, 1160), (2207, 2134), (2243, 1061), (2311, 672), (2339, 1098), (2347, 2089), (2383, 397), (2423, 436), (2467, 1436), (2531, 1786), (2539, 554), (2543, 841), (2551, 2210), (2579, 1716), (2591, 2394), (2647, 1834), (2671, 1263), (2707, 2699), (2711, 2074), (2803, 1333), (2819, 769), (2843, 694), (2879, 934), (2887, 204), (2903, 1635), (2939, 1213), (2999, 1143), (3011, 375), (3083, 994), (3119, 1439), (3203, 1517), (3299, 3142), (3307, 3009), (3319, 2713), (3323, 367), (3343, 1956), (3347, 3315), (3371, 2548), (3467, 1480), (3491, 1605), (3499, 1129), (3539, 1762), (3571, 1625), (3623, 1168), (3631, 630), (3659, 1514), (3727, 3652), (3739, 4), (3803, 1173), (3847, 3361), (3931, 2385), (3947, 26), (4019, 507), (4099, 3204), (4127, 2440), (4139, 3796), (4259, 1670), (4339, 1213), (4363, 2285), (4423, 1112), (4463, 716), (4507, 2551), (4519, 2256), (4547, 4440), (4567, 3013), (4603, 1241), (4643, 4017), (4663, 2895), (4679, 216), (4759, 53), (4787, 1865), (4799, 3944), (4943, 4880), (5003, 2224), (5179, 592), (5227, 4490), (5279, 4067), (5351, 3994), (5623, 2323), (5659, 979), (5743, 523), (5839, 1986), (5923, 5753), (5939, 4689), (6079, 4045), (6143, 5176), (6311, 2134), (6547, 4056), (6571, 3473), (6691, 688), (6959, 4000), (7127, 1262), (7559, 2376), (7603, 4197), (7607, 1951), (7643, 3101), (8087, 6656), (8231, 3406), (8291, 6729), (8363, 3039), (8423, 1882), (8719, 4491), (9103, 8318), (9203, 4468), (9391, 1152), (10067, 6158), (10243, 8459), (10427, 5700), (10463, 5874), (10771, 3174), (10847, 3333), (11807, 4377), (12203, 441), (12619, 5341), (12763, 8281), (13291, 762), (13691, 8720), (13859, 2541), (14411, 2445), (14887, 1175), (15259, 14907), (15887, 7968), (17327, 4270), (18127, 3333), (19759, 9562), (19919, 16246), (20899, 11785), (22247, 8576), (23447, 21616), (23539, 18237), (27823, 5580), (28387, 3149), (28723, 23449), (29131, 5856), (35251, 33385), (1471, 1158), (2099, 1891), (2239, 673), (2459, 531), (2719, 184), (2851, 1421), (2927, 2362), (3067, 1790), (3163, 398), (3167, 1365), (3187, 1705), (3259, 971), (3271, 573), (3359, 1308), (3511, 3366), (3527, 3481), (3547, 2956), (3559, 1113), (3583, 3529), (3607, 727), (3643, 2999), (3671, 334), (3691, 2431), (3767, 1980), (3779, 3672), (3851, 2841), (3863, 1820), (3911, 2876), (3919, 3042), (3923, 2268), (3943, 2929), (3967, 2232), (4003, 847), (4007, 3509), (4079, 319), (4091, 2263), (4111, 3007), (4159, 1621), (4211, 3052), (4231, 2312), (4243, 2445), (4271, 1920), (4283, 4017), (4327, 287), (4391, 879), (4447, 1608), (4483, 3390), (4583, 2653), (4591, 471), (4639, 438), (4651, 4044), (4691, 3901), (4703, 2896), (4723, 1248), (4751, 2189), (4783, 4708), (4831, 3692), (4871, 1198), (4903, 16), (4919, 788), (4951, 1474), (4987, 529), (4999, 3575), (5011, 2856), (5023, 4021), (5039, 958), (5051, 2972), (5059, 2021), (5087, 1473), (5107, 2829), (5119, 730), (5167, 5018), (5231, 4228), (5323, 918), (5387, 3939), (5399, 400), (5407, 3721), (5431, 5051), (5443, 2730), (5479, 2264), (5483, 4822), (5503, 2257), (5507, 2654), (5519, 2079), (5527, 803), (5563, 4428), (5591, 377), (5639, 2953), (5647, 1976), (5683, 3667), (5711, 1210), (5807, 3931), (5827, 5696), (5843, 5355), (5867, 2497), (5879, 3950), (5903, 665), (6007, 317), (6011, 1901), (6047, 3551), (6091, 3950), (6131, 2376), (6199, 3509), (6203, 5009), (6211, 4992), (6247, 777), (6263, 3732), (6299, 1125), (6323, 4079), (6343, 4214), (6359, 277), (6367, 4578), (6599, 2365), (6659, 1369), (6679, 6409), (6703, 3672), (6779, 2174), (6803, 4850), (6823, 3796), (6827, 5742), (6863, 2525), (6871, 321), (6883, 1536), (6899, 660), (6911, 5657), (6967, 5391), (6971, 788), (6991, 779), (7019, 5689), (7039, 1436), (7079, 6003), (7159, 4454), (7187, 5963), (7219, 3338), (7243, 5049), (7283, 246), (7307, 4680), (7459, 1328), (7487, 4170), (7507, 3635), (7691, 834), (7703, 6286), (7723, 1729), (7727, 4323), (7759, 3292), (7883, 3349), (7919, 3735), (7951, 6193), (8039, 4116), (8167, 801), (8171, 4206), (8243, 5940), (8311, 3185), (8447, 6738), (8527, 2435), (8627, 4254), (8663, 2672), (8707, 5361), (8731, 8015), (8779, 4835), (8783, 2905), (8803, 6479), (8831, 326), (8839, 5787), (8963, 4914), (8971, 4835), (8999, 4789), (9239, 443), (9547, 5574), (9551, 3678), (9623, 4652), (9743, 5607), (9803, 1197), (9887, 185), (10103, 3758), (10111, 5481), (10139, 3454), (10211, 6627), (10303, 9498), (10331, 39), (10343, 8905), (10687, 1433), (10711, 4082), (10723, 901), (11059, 692), (11527, 7520), (11839, 299), (11923, 9457), (11987, 9848), (12343, 2910), (13523, 935), (14087, 6672), (14563, 9783), (14639, 7210), (14699, 12348), (14843, 7685), (15439, 12053), (16651, 2928), (18199, 14593), (18367, 15159), (24083, 172), (28603, 6547), (33703, 24636), (4027, 2319), (5147, 2612), (5171, 1123), (5471, 3425), (5651, 4283), (5779, 4491), (5783, 1851), (5791, 3245), (5851, 1969), (5987, 527), (6043, 324), (6067, 4751), (6151, 341), (6163, 5103), (6271, 3125), (6287, 2397), (6379, 1397), (6427, 6225), (6451, 4758), (6491, 1704), (6563, 3363), (6607, 293), (6619, 5557), (6719, 123), (6763, 5742), (6791, 6401), (6907, 945), (6947, 1353), (6983, 3791)]
Warning: prime 31 has 15 unavoidable fails with lift 622
Warning: prime 11 has 41 unavoidable fails with lift 4
Warning: prime 23 has 7 unavoidable fails with lift 214
Warning: prime 43 has 2 unavoidable fails with lift 184
Warning: prime 19 has 7 unavoidable fails with lift 310
Warning: prime 59 has 1 unavoidable fails with lift 27
Candidate n digits: 4104
V_all size: 6401
Failed: 70 failing v's. First few: [106496, 321536, 7493989779944505344, 5406666901027974740443136, 85968058315732560889511936]
Added 25 new v's to blocked.

--- Iteration 8 ---
Number of target v's to block: 4205
Precomputing residues...
Precomputation finished. Starting greedy selection...
Chosen primes for cover (578): [(31, 4), (11, 9), (127, 52), (23, 18), (19, 16), (43, 17), (331, 36), (59, 25), (71, 40), (683, 104), (151, 5), (47, 14), (67, 14), (83, 75), (79, 72), (8191, 4631), (107, 4), (2731, 1256), (103, 16), (131, 49), (307, 26), (5419, 2101), (167, 107), (251, 35), (163, 134), (179, 153), (223, 213), (631, 433), (211, 185), (139, 57), (191, 75), (199, 184), (283, 61), (263, 149), (227, 169), (239, 132), (271, 83), (431, 357), (4051, 1699), (379, 5), (439, 122), (367, 18), (571, 424), (311, 192), (347, 225), (383, 100), (419, 166), (467, 192), (491, 126), (499, 49), (547, 312), (587, 461), (691, 423), (1103, 922), (463, 68), (479, 224), (563, 51), (751, 475), (11119, 7373), (359, 222), (443, 256), (487, 453), (599, 513), (607, 209), (619, 80), (727, 526), (739, 354), (743, 41), (823, 30), (967, 957), (1063, 923), (1559, 1083), (23311, 4418), (503, 339), (523, 74), (647, 318), (787, 552), (839, 23), (863, 835), (911, 50), (919, 591), (971, 345), (991, 446), (1019, 402), (1031, 129), (1123, 801), (1259, 777), (1427, 1358), (1447, 879), (1583, 452), (1663, 145), (2143, 1115), (2351, 2018), (2971, 381), (9719, 5173), (643, 401), (659, 555), (719, 367), (811, 400), (827, 227), (859, 9), (887, 567), (983, 504), (1051, 965), (1087, 55), (1091, 629), (1151, 424), (1171, 940), (1231, 1171), (1319, 611), (1367, 8), (1399, 979), (1439, 743), (1459, 1158), (1483, 330), (1523, 1391), (1531, 175), (1571, 524), (1579, 1064), (1607, 709), (1667, 443), (1723, 705), (1787, 848), (2111, 264), (2131, 959), (2179, 361), (2267, 701), (2371, 2005), (2411, 315), (2699, 1825), (3019, 877), (3023, 818), (3191, 844), (13367, 3605), (883, 532), (907, 740), (947, 640), (1039, 788), (1163, 993), (1187, 445), (1223, 924), (1283, 1041), (1291, 233), (1303, 241), (1307, 1248), (1327, 413), (1423, 855), (1487, 1066), (1499, 584), (1511, 407), (1543, 13), (1567, 1068), (1627, 860), (1699, 633), (1747, 178), (1783, 1423), (1811, 145), (1823, 1078), (1831, 809), (1847, 353), (1867, 954), (1871, 1046), (1879, 71), (1951, 71), (1999, 806), (2011, 189), (2027, 471), (2039, 54), (2063, 538), (2083, 519), (2207, 427), (2251, 1140), (2287, 305), (2311, 1165), (2399, 2352), (2423, 2255), (2503, 1327), (2551, 678), (2579, 234), (2663, 123), (2683, 874), (2767, 2041), (2843, 2223), (2879, 2094), (2887, 2875), (2939, 1819), (3079, 89), (3251, 3233), (3331, 2575), (3343, 2317), (3391, 1722), (3499, 2249), (3823, 1848), (3847, 3237), (4219, 4025), (4451, 3953), (4643, 2809), (4931, 817), (5099, 4438), (5683, 2598), (5927, 3374), (10243, 735), (12959, 1688), (16603, 9920), (17471, 1826), (1279, 230), (1451, 652), (1471, 1401), (1619, 1506), (1759, 1426), (1907, 1155), (1931, 493), (1979, 1230), (1987, 775), (2003, 1723), (2087, 363), (2203, 1386), (2239, 1022), (2243, 234), (2339, 812), (2347, 864), (2383, 389), (2447, 1802), (2467, 2057), (2531, 705), (2543, 714), (2591, 2439), (2647, 1649), (2659, 1156), (2671, 2362), (2687, 1853), (2707, 2326), (2719, 409), (2791, 1814), (2803, 1475), (2851, 2719), (2903, 13), (2963, 1045), (3083, 2674), (3119, 3014), (3203, 1124), (3271, 2428), (3319, 2856), (3323, 587), (3347, 3030), (3371, 1264), (3407, 974), (3463, 1021), (3467, 3190), (3527, 1407), (3547, 1812), (3583, 2731), (3607, 1322), (3671, 1673), (3719, 937), (3727, 1467), (3739, 2477), (3923, 1110), (3931, 1496), (3967, 3315), (4007, 668), (4019, 3270), (4079, 554), (4091, 1861), (4127, 3010), (4259, 2656), (4327, 1812), (4339, 239), (4363, 3211), (4423, 2509), (4447, 661), (4463, 345), (4507, 1317), (4523, 33), (4547, 3669), (4567, 1877), (4663, 743), (4679, 1187), (4691, 1433), (4759, 3304), (4787, 2626), (4799, 3321), (4831, 1024), (4871, 1679), (4903, 3023), (4919, 1707), (4987, 1306), (5039, 4454), (5179, 1304), (5231, 3931), (5279, 1902), (5303, 730), (5323, 4959), (5347, 1305), (5351, 3994), (5399, 3946), (5431, 228), (5483, 972), (5507, 3241), (5519, 771), (5531, 4271), (5623, 5263), (5639, 292), (5659, 4164), (5783, 4150), (5851, 4979), (6047, 3889), (6131, 3482), (6367, 59), (6551, 2535), (6571, 4762), (6607, 3393), (6791, 4030), (6803, 851), (6967, 6223), (6991, 1651), (7219, 1273), (7603, 2612), (7643, 1770), (7823, 5587), (7879, 3698), (8087, 4855), (8243, 2769), (8443, 4006), (8719, 6121), (9043, 6536), (9551, 2821), (10531, 9509), (12503, 2057), (12763, 2011), (12967, 6900), (13619, 3754), (13691, 1602), (13903, 8525), (14699, 13625), (15187, 10148), (15259, 10735), (15439, 12367), (15739, 7009), (15787, 6777), (16267, 15256), (17107, 3802), (17327, 17080), (20407, 8487), (24631, 24302), (25999, 16153), (26399, 15861), (28387, 21783), (29131, 775), (32303, 17134), (35863, 29474), (2099, 1088), (2459, 2342), (2539, 967), (2711, 2623), (2819, 1101), (2927, 1141), (2999, 857), (3011, 2405), (3067, 2313), (3163, 672), (3167, 1426), (3187, 2920), (3259, 2895), (3299, 213), (3307, 864), (3359, 798), (3491, 2893), (3511, 1434), (3539, 814), (3559, 1227), (3571, 3223), (3623, 2923), (3631, 565), (3643, 1969), (3659, 35), (3691, 2052), (3767, 588), (3779, 3187), (3803, 1173), (3851, 2908), (3863, 2848), (3907, 2063), (3911, 537), (3919, 2594), (3943, 1681), (3947, 2562), (4003, 1656), (4027, 1159), (4099, 3502), (4111, 2008), (4139, 174), (4159, 1326), (4211, 3488), (4231, 476), (4243, 1253), (4271, 1406), (4283, 1257), (4391, 3895), (4519, 1128), (4583, 1266), (4591, 666), (4603, 2629), (4639, 2552), (4651, 974), (4703, 2021), (4723, 4650), (4783, 3043), (4943, 701), (4951, 2860), (4967, 4717), (4999, 1545), (5003, 3663), (5023, 1039), (5051, 4448), (5059, 661), (5087, 4060), (5107, 4405), (5119, 4645), (5147, 719), (5167, 1946), (5171, 2282), (5227, 2409), (5387, 4311), (5407, 4209), (5443, 806), (5479, 5073), (5503, 3252), (5527, 4807), (5563, 5092), (5591, 4846), (5647, 1363), (5711, 4615), (5779, 5552), (5807, 3938), (5827, 5635), (5839, 3948), (5843, 4738), (5867, 471), (5879, 185), (5923, 1332), (5939, 4853), (6011, 5778), (6043, 5611), (6067, 2025), (6079, 217), (6091, 5380), (6143, 2421), (6151, 4937), (6199, 1717), (6211, 1670), (6247, 2814), (6271, 5775), (6299, 5343), (6311, 2992), (6359, 280), (6491, 6354), (6563, 586), (6619, 415), (6679, 5548), (6691, 6092), (6863, 1278), (6871, 4430), (6883, 2117), (6899, 1636), (6911, 2676), (6959, 5657), (6971, 2034), (6983, 5026), (7019, 3385), (7043, 3412), (7159, 2617), (7187, 1265), (7211, 3412), (7243, 2930), (7307, 5864), (7351, 7127), (7451, 2814), (7507, 6468), (7559, 4193), (7583, 3512), (7703, 5498), (7723, 6749), (7759, 5109), (7883, 4204), (7907, 5260), (7919, 2801), (7927, 1574), (7951, 1982), (8147, 2315), (8179, 5607), (8231, 5187), (8291, 5370), (8311, 1727), (8363, 3888), (8423, 3052), (8431, 5490), (8447, 3117), (8599, 6842), (8731, 3637), (8779, 7709), (8803, 222), (8807, 3419), (8831, 5017), (8839, 2312), (8867, 6412), (8951, 6394), (9067, 7535), (9151, 1357), (9199, 961), (9203, 3214), (9239, 4860), (9319, 1939), (9391, 6815), (9491, 8112), (9547, 3390), (9887, 3466), (10079, 4501), (10111, 5459), (10267, 788), (10331, 7133), (10639, 881), (10903, 273), (11159, 4692), (11299, 7158), (11527, 3768), (11719, 1095), (12119, 7404), (12251, 2320), (12379, 8540), (13163, 10941), (13183, 12443), (13267, 3276), (13291, 10423), (13451, 13139), (14407, 8281), (14771, 196), (15139, 9698), (15971, 5194), (16007, 11983), (16067, 12886), (16319, 12771), (16699, 12016), (16823, 5501), (17923, 16564), (17971, 5333), (18127, 9501), (20731, 11837), (21487, 15237), (24439, 10926), (25307, 2642), (31219, 19182), (4483, 903), (4751, 3118), (5011, 2912), (5471, 1067), (5651, 1904), (5743, 838), (5791, 1020), (5903, 1009), (5987, 5545), (6007, 3680), (6163, 5058), (6203, 2803), (6263, 1343), (6287, 291), (6323, 4420), (6343, 6227), (6379, 6068), (6427, 6280), (6451, 2979), (6547, 6155), (6599, 5310), (6719, 1189), (6763, 5869), (6779, 5999), (6827, 3387), (6907, 4415)]
Warning: prime 31 has 15 unavoidable fails with lift 622
Warning: prime 11 has 41 unavoidable fails with lift 14
Warning: prime 23 has 5 unavoidable fails with lift 31
Warning: prime 19 has 7 unavoidable fails with lift 42
Warning: prime 43 has 2 unavoidable fails with lift 1223
Candidate n digits: 4051
V_all size: 6401
Failed: 72 failing v's. First few: [321536, 18670496, 19089209576, 4894358503424, 84084438828422336086016]
Added 33 new v's to blocked.

--- Iteration 9 ---
Number of target v's to block: 4238
Precomputing residues...
Precomputation finished. Starting greedy selection...
Chosen primes for cover (584): [(31, 1), (11, 9), (127, 107), (43, 15), (23, 3), (19, 11), (331, 36), (59, 20), (71, 50), (683, 314), (151, 20), (47, 21), (67, 35), (79, 9), (83, 68), (8191, 7290), (107, 47), (2731, 876), (103, 17), (131, 36), (307, 287), (631, 281), (5419, 1465), (251, 58), (167, 38), (223, 106), (163, 145), (179, 49), (211, 185), (191, 75), (199, 94), (139, 106), (227, 195), (271, 167), (283, 225), (239, 200), (431, 218), (263, 204), (367, 348), (439, 288), (311, 3), (4051, 1028), (347, 14), (379, 51), (383, 224), (547, 540), (571, 441), (691, 586), (419, 38), (463, 449), (467, 434), (479, 167), (491, 220), (499, 323), (503, 47), (587, 46), (599, 104), (1103, 233), (1123, 670), (359, 200), (487, 388), (523, 183), (607, 61), (619, 572), (751, 98), (839, 700), (859, 468), (863, 309), (967, 317), (1259, 1249), (1663, 208), (563, 459), (643, 629), (647, 2), (719, 624), (739, 433), (743, 414), (787, 263), (811, 330), (823, 390), (827, 764), (947, 741), (971, 135), (983, 801), (1019, 589), (1031, 484), (1063, 450), (1307, 1104), (1367, 2), (1427, 40), (1583, 106), (1871, 13), (2143, 534), (2351, 1644), (2971, 121), (9719, 7940), (13367, 4541), (23311, 2719), (443, 425), (659, 409), (727, 567), (907, 248), (911, 469), (919, 18), (991, 268), (1039, 162), (1051, 116), (1087, 479), (1091, 397), (1151, 350), (1171, 1064), (1319, 289), (1399, 482), (1439, 1005), (1447, 76), (1459, 909), (1487, 376), (1559, 275), (1567, 760), (1579, 984), (1667, 105), (1723, 361), (1811, 1220), (1831, 450), (1847, 448), (2011, 948), (2131, 491), (2179, 1948), (2267, 1319), (2311, 1503), (2411, 73), (2699, 738), (2767, 811), (2887, 1058), (3079, 57), (3191, 111), (4643, 3913), (5927, 3765), (6551, 3304), (11119, 302), (883, 133), (887, 152), (1163, 844), (1187, 685), (1223, 122), (1279, 1132), (1283, 1191), (1291, 233), (1303, 84), (1327, 441), (1483, 856), (1499, 602), (1523, 1194), (1531, 43), (1571, 1533), (1607, 754), (1619, 180), (1627, 463), (1699, 919), (1783, 439), (1787, 1059), (1823, 1532), (1867, 89), (1879, 1088), (1999, 958), (2003, 475), (2027, 624), (2087, 1552), (2111, 239), (2207, 560), (2251, 2161), (2371, 1237), (2399, 1090), (2423, 1935), (2503, 933), (2539, 201), (2663, 1586), (2879, 1764), (2903, 895), (3019, 1625), (3023, 1240), (3251, 1027), (3319, 2375), (3323, 3289), (3331, 1021), (3391, 1688), (4363, 2780), (4451, 4171), (4523, 1751), (12203, 10499), (12959, 1688), (14951, 2406), (29191, 1533), (37171, 14911), (1231, 908), (1423, 728), (1451, 1066), (1471, 84), (1511, 932), (1543, 49), (1747, 1672), (1759, 361), (1907, 1187), (1931, 1814), (1951, 35), (1979, 572), (1987, 1067), (2039, 71), (2063, 558), (2083, 645), (2099, 1457), (2203, 601), (2239, 254), (2243, 1004), (2287, 563), (2339, 1375), (2347, 1101), (2447, 1239), (2467, 1596), (2531, 1252), (2543, 289), (2551, 1547), (2579, 2382), (2591, 972), (2647, 852), (2659, 719), (2671, 1513), (2683, 2034), (2687, 1565), (2707, 384), (2711, 2658), (2719, 90), (2791, 2570), (2803, 1015), (2819, 1556), (2843, 229), (2939, 2295), (2963, 1295), (2999, 2424), (3119, 1513), (3167, 2088), (3271, 2848), (3299, 2284), (3307, 2773), (3343, 2596), (3347, 1021), (3371, 3339), (3407, 1581), (3467, 370), (3491, 1450), (3499, 1166), (3511, 959), (3527, 2261), (3559, 2991), (3631, 3148), (3643, 247), (3719, 3596), (3727, 2207), (3739, 2629), (3803, 1706), (3823, 1508), (3847, 1652), (3907, 364), (3923, 1110), (3947, 483), (4007, 255), (4019, 361), (4079, 315), (4111, 545), (4127, 3973), (4211, 3383), (4219, 635), (4231, 3785), (4259, 1179), (4283, 213), (4391, 879), (4423, 3436), (4447, 1444), (4463, 1769), (4507, 4438), (4519, 1206), (4547, 381), (4663, 704), (4691, 364), (4723, 1734), (4759, 1630), (4799, 3330), (4903, 1503), (4931, 1981), (4987, 3842), (5023, 4180), (5087, 1342), (5099, 113), (5231, 2868), (5303, 1038), (5323, 1242), (5347, 3481), (5443, 2643), (5507, 723), (5531, 1890), (5591, 3295), (5683, 4749), (5743, 435), (5839, 823), (5851, 5452), (6011, 1388), (6091, 2856), (6143, 3430), (6199, 3780), (6203, 1493), (6211, 2959), (6323, 1774), (6367, 3568), (6379, 143), (6691, 6096), (6803, 468), (6871, 3276), (6971, 4660), (7151, 3438), (7187, 6683), (7883, 5595), (8087, 1923), (8291, 6326), (8443, 4077), (8719, 3632), (8819, 5650), (8839, 529), (8867, 4190), (9103, 5257), (9311, 4285), (9323, 6351), (9787, 9257), (10067, 7449), (10427, 4927), (10463, 1974), (10607, 5623), (10663, 10566), (10667, 9832), (10799, 7087), (10847, 6323), (11299, 2787), (11519, 5771), (11807, 5366), (11839, 2941), (12503, 5279), (12763, 10477), (13099, 5204), (13127, 6763), (14251, 13292), (14699, 7112), (14887, 7170), (16603, 7002), (17107, 11567), (17327, 15315), (22051, 16316), (28279, 20359), (29131, 13293), (2383, 2260), (2459, 1926), (2851, 2234), (2927, 3), (3011, 2664), (3067, 2211), (3083, 2732), (3187, 2651), (3203, 504), (3259, 141), (3359, 2393), (3463, 3143), (3539, 3196), (3547, 2116), (3571, 657), (3583, 964), (3607, 732), (3623, 2140), (3659, 2584), (3671, 3597), (3691, 2749), (3767, 1730), (3779, 2812), (3851, 2294), (3863, 751), (3911, 2203), (3919, 3644), (3931, 2530), (3943, 2797), (4003, 2784), (4027, 1371), (4091, 970), (4099, 1069), (4139, 259), (4159, 674), (4243, 225), (4271, 1728), (4327, 4276), (4339, 2828), (4483, 2780), (4567, 1214), (4583, 1416), (4591, 121), (4603, 2590), (4639, 2636), (4651, 3470), (4679, 695), (4703, 3961), (4751, 36), (4783, 3553), (4787, 3396), (4831, 420), (4871, 1911), (4919, 840), (4943, 4151), (4967, 3396), (5003, 1605), (5011, 3984), (5039, 5028), (5051, 1758), (5059, 3611), (5107, 2682), (5119, 19), (5147, 1584), (5167, 3851), (5179, 326), (5227, 1788), (5279, 1276), (5351, 2543), (5387, 1850), (5399, 4620), (5407, 56), (5431, 3200), (5479, 5039), (5483, 2607), (5503, 2431), (5519, 1061), (5563, 1221), (5639, 1412), (5647, 1183), (5659, 3126), (5779, 2512), (5783, 420), (5807, 3442), (5827, 678), (5843, 3462), (5867, 3777), (5923, 2594), (5939, 3128), (5987, 868), (6007, 1628), (6043, 263), (6047, 1646), (6079, 2134), (6131, 1938), (6163, 517), (6247, 5123), (6263, 371), (6271, 5059), (6287, 1772), (6299, 1806), (6311, 473), (6427, 4539), (6451, 4368), (6491, 782), (6563, 4975), (6571, 1441), (6599, 970), (6619, 1456), (6679, 4630), (6703, 1165), (6719, 4884), (6763, 2731), (6779, 5449), (6791, 3136), (6827, 3120), (6883, 1186), (6899, 6466), (6907, 6819), (6947, 1527), (6959, 857), (6967, 1399), (6991, 5093), (7019, 4366), (7127, 938), (7159, 4960), (7207, 833), (7219, 6397), (7243, 1011), (7307, 3800), (7459, 6412), (7487, 4039), (7499, 5342), (7507, 2944), (7559, 7442), (7583, 6244), (7607, 7350), (7639, 1910), (7691, 526), (7703, 5762), (7723, 5212), (7823, 5941), (7867, 1076), (7951, 7571), (8011, 2064), (8167, 49), (8179, 5895), (8231, 1535), (8387, 355), (8447, 2481), (8563, 6122), (8599, 4081), (8623, 1443), (8731, 561), (8783, 8530), (8807, 1622), (8831, 4428), (8887, 7743), (8951, 1184), (9043, 3930), (9059, 1211), (9091, 792), (9151, 8736), (9199, 3201), (9539, 9348), (9643, 4511), (9743, 6003), (9803, 8948), (10079, 3628), (10103, 4148), (10243, 9438), (10267, 987), (10343, 443), (10399, 4629), (10499, 7521), (10559, 9755), (10691, 8455), (11159, 1191), (11491, 3262), (11527, 4345), (11831, 7159), (11939, 3209), (13171, 9809), (13711, 8074), (14503, 3594), (14563, 6223), (14771, 2499), (14891, 11924), (15319, 14172), (15439, 1456), (16063, 1950), (16619, 11898), (17351, 14072), (20507, 1402), (20563, 13973), (20731, 17619), (20983, 12129), (24419, 19113), (25819, 20278), (28051, 24797), (32027, 19387), (34679, 34480), (3163, 437), (3967, 781), (4951, 3610), (4999, 2211), (5171, 408), (5471, 1355), (5527, 145), (5623, 2658), (5651, 1258), (5711, 4902), (5791, 2727), (5879, 4784), (5903, 5138), (6067, 5693), (6151, 5019), (6343, 2510), (6359, 6250), (6547, 2199), (6607, 5063), (6659, 4638), (6823, 3104), (6863, 1209), (6911, 1228), (7027, 5032), (7039, 6313)]
Warning: prime 31 has 16 unavoidable fails with lift 125
Warning: prime 11 has 42 unavoidable fails with lift 14
Warning: prime 43 has 2 unavoidable fails with lift 184
Warning: prime 23 has 7 unavoidable fails with lift 237
Warning: prime 19 has 7 unavoidable fails with lift 292
Warning: prime 59 has 1 unavoidable fails with lift 134
Candidate n digits: 4095
V_all size: 6401
Failed: 56 failing v's. First few: [18670496, 83953213943284703952896, 21492014571051840873314816, 343872241333380852142309376, 22145707626610584536855085056]
Added 10 new v's to blocked.

--- Iteration 10 ---
Number of target v's to block: 4248
Precomputing residues...
Precomputation finished. Starting greedy selection...
Chosen primes for cover (586): [(31, 16), (11, 9), (127, 107), (43, 15), (23, 12), (19, 17), (331, 36), (59, 21), (71, 60), (683, 670), (151, 95), (67, 14), (47, 2), (79, 72), (83, 38), (107, 1), (2731, 876), (8191, 208), (103, 59), (5419, 1129), (131, 46), (307, 190), (251, 198), (163, 81), (199, 94), (631, 281), (167, 85), (139, 49), (179, 9), (191, 153), (211, 103), (223, 63), (227, 26), (271, 224), (283, 38), (239, 67), (263, 33), (367, 348), (379, 320), (431, 45), (4051, 635), (347, 36), (383, 227), (439, 260), (467, 95), (311, 75), (547, 384), (571, 333), (419, 7), (487, 433), (499, 439), (523, 280), (587, 95), (599, 111), (691, 549), (751, 360), (1103, 782), (359, 205), (463, 277), (479, 25), (491, 280), (563, 400), (607, 450), (811, 255), (859, 560), (971, 314), (1063, 723), (1447, 1216), (23311, 5490), (503, 376), (619, 88), (727, 157), (739, 400), (743, 512), (787, 773), (823, 215), (827, 311), (863, 232), (911, 46), (967, 272), (983, 12), (1019, 27), (1031, 137), (1087, 220), (1123, 490), (1367, 101), (1427, 1053), (1607, 527), (1663, 965), (1723, 1706), (2143, 614), (2267, 363), (2971, 2003), (3191, 2699), (11119, 1664), (443, 174), (643, 358), (647, 24), (659, 11), (839, 6), (919, 242), (947, 133), (991, 637), (1051, 227), (1091, 647), (1151, 771), (1223, 466), (1259, 416), (1399, 529), (1423, 680), (1439, 1), (1459, 751), (1487, 238), (1523, 1391), (1559, 7), (1579, 1533), (1583, 249), (1699, 303), (1759, 1564), (1811, 689), (1867, 1672), (1871, 283), (2027, 533), (2179, 592), (2351, 7), (2371, 1749), (3023, 171), (4931, 156), (9719, 2055), (13367, 7128), (719, 4), (887, 126), (907, 33), (1039, 964), (1171, 385), (1187, 408), (1283, 171), (1291, 1131), (1303, 145), (1307, 332), (1319, 792), (1327, 705), (1451, 502), (1511, 851), (1531, 840), (1543, 1124), (1567, 375), (1571, 947), (1619, 801), (1627, 53), (1667, 266), (1747, 19), (1823, 662), (1831, 257), (1847, 351), (1879, 1666), (1951, 335), (2011, 1745), (2039, 1123), (2063, 538), (2083, 1296), (2087, 364), (2111, 897), (2131, 1907), (2207, 12), (2251, 321), (2311, 722), (2399, 2087), (2423, 1783), (2503, 2313), (2647, 1292), (2683, 267), (2699, 2017), (2767, 1953), (2791, 2035), (2803, 2626), (2879, 1835), (2887, 2669), (2939, 156), (2963, 1822), (3019, 1676), (3251, 2695), (3331, 335), (3343, 2853), (3391, 2054), (3463, 491), (4219, 514), (4363, 830), (4451, 793), (4523, 2774), (4547, 3221), (4643, 192), (5099, 2336), (5507, 2187), (5927, 5041), (6551, 1932), (9151, 1812), (14251, 9879), (14411, 5852), (15991, 7251), (883, 273), (1163, 610), (1231, 991), (1279, 895), (1471, 829), (1483, 1237), (1499, 121), (1783, 574), (1787, 1657), (1907, 1599), (1931, 1845), (1979, 442), (1987, 1684), (1999, 841), (2003, 1354), (2203, 234), (2239, 1020), (2243, 858), (2287, 517), (2339, 996), (2347, 1175), (2383, 1881), (2411, 1819), (2447, 2024), (2467, 1622), (2531, 1712), (2539, 2191), (2543, 1782), (2551, 677), (2579, 1624), (2591, 2032), (2659, 194), (2663, 1400), (2687, 897), (2707, 2424), (2711, 386), (2719, 1490), (2843, 2089), (2851, 1817), (2903, 119), (2999, 2187), (3011, 1577), (3079, 739), (3083, 1864), (3119, 3098), (3167, 413), (3187, 1076), (3259, 2500), (3271, 342), (3307, 2554), (3319, 2865), (3323, 1210), (3347, 2247), (3359, 991), (3407, 619), (3467, 3019), (3499, 613), (3511, 2447), (3527, 2850), (3539, 891), (3547, 1905), (3623, 2686), (3631, 700), (3659, 2523), (3671, 2359), (3691, 2491), (3719, 1934), (3727, 3724), (3739, 3161), (3803, 3538), (3823, 162), (3847, 3237), (3907, 1251), (3923, 2216), (3931, 3881), (4019, 1935), (4079, 1099), (4127, 2455), (4231, 3436), (4243, 2091), (4283, 1141), (4423, 1786), (4463, 2581), (4483, 401), (4507, 3011), (4519, 890), (4567, 4313), (4663, 1627), (4679, 2106), (4703, 1935), (4723, 2663), (4759, 4676), (4783, 691), (4871, 2032), (4903, 288), (4967, 4666), (4999, 309), (5003, 1706), (5107, 3276), (5227, 3936), (5231, 620), (5303, 3570), (5347, 4693), (5351, 949), (5387, 674), (5483, 2358), (5623, 814), (5639, 401), (5743, 1430), (5783, 5293), (5807, 5776), (5839, 676), (5843, 2022), (5851, 254), (6091, 1283), (6163, 4101), (6211, 2758), (6571, 64), (6619, 126), (6691, 2930), (6871, 5177), (7019, 6197), (7151, 5612), (7559, 4908), (7607, 4658), (7703, 3709), (7823, 1684), (7919, 5211), (8087, 5891), (8179, 2727), (8243, 6742), (8363, 3339), (8423, 653), (8443, 324), (8839, 1353), (8999, 8632), (9103, 3641), (9311, 1077), (9463, 9183), (9587, 4074), (10343, 7088), (10427, 1273), (10463, 3665), (10723, 7735), (10771, 7288), (10847, 4995), (12263, 7028), (12503, 11133), (13099, 7069), (13591, 2752), (13691, 7441), (14951, 9790), (15439, 13756), (16267, 6367), (17107, 3898), (17471, 4486), (18719, 1127), (20947, 4163), (22619, 7963), (23003, 1202), (35251, 19546), (35863, 35651), (2099, 2046), (2459, 222), (2671, 349), (2819, 473), (2927, 251), (3067, 1991), (3203, 642), (3299, 1400), (3371, 475), (3491, 2622), (3559, 586), (3571, 1741), (3583, 1806), (3607, 3079), (3643, 3351), (3767, 1477), (3851, 3049), (3863, 3417), (3911, 1504), (3919, 3416), (3943, 1813), (3947, 3520), (3967, 1369), (4003, 3507), (4007, 87), (4027, 2440), (4091, 846), (4099, 2325), (4111, 1885), (4139, 3184), (4159, 2385), (4211, 3669), (4259, 1395), (4271, 843), (4327, 1622), (4339, 827), (4391, 241), (4447, 1259), (4583, 1068), (4591, 2062), (4603, 111), (4639, 386), (4651, 1729), (4691, 2620), (4751, 29), (4787, 3396), (4799, 182), (4831, 932), (4919, 4194), (4943, 3961), (4951, 718), (4987, 2117), (5011, 784), (5023, 3616), (5039, 777), (5051, 1285), (5059, 4121), (5087, 4956), (5119, 584), (5147, 4741), (5167, 2495), (5179, 1423), (5279, 4998), (5323, 1675), (5399, 2700), (5407, 3716), (5431, 2728), (5443, 469), (5479, 749), (5503, 3541), (5527, 2298), (5531, 1280), (5563, 3014), (5591, 5509), (5647, 1225), (5659, 979), (5683, 5453), (5779, 3462), (5791, 1710), (5827, 91), (5867, 5430), (5879, 1583), (5923, 2016), (5939, 2444), (6007, 3130), (6011, 5183), (6043, 3902), (6047, 2281), (6067, 5966), (6079, 4492), (6131, 957), (6143, 5301), (6199, 4314), (6263, 2648), (6271, 6204), (6287, 3504), (6299, 1500), (6311, 1928), (6323, 4602), (6359, 4454), (6367, 3237), (6379, 2284), (6427, 3942), (6451, 1681), (6491, 753), (6563, 4024), (6607, 3393), (6679, 380), (6719, 3502), (6779, 1917), (6791, 3377), (6803, 22), (6827, 5966), (6863, 2959), (6883, 2576), (6899, 2153), (6967, 4054), (6971, 3349), (6991, 1893), (7027, 5827), (7043, 6379), (7159, 1519), (7187, 967), (7211, 988), (7219, 6467), (7243, 6436), (7283, 984), (7307, 1323), (7459, 4388), (7583, 2373), (7643, 6362), (7691, 2008), (7759, 4103), (7879, 6307), (7951, 3527), (8011, 4148), (8171, 6237), (8219, 548), (8231, 5915), (8291, 4697), (8419, 665), (8527, 4229), (8563, 3493), (8599, 9), (8627, 5137), (8663, 2025), (8699, 5755), (8707, 7293), (8719, 7731), (8731, 1553), (8779, 2401), (8783, 6588), (8819, 4500), (8831, 984), (8867, 5317), (8963, 1739), (8971, 6070), (9203, 231), (9391, 5918), (9439, 6745), (9811, 1565), (9887, 7), (9923, 3266), (10039, 3269), (10247, 3300), (10303, 1341), (10627, 6100), (10663, 7328), (10799, 9871), (10939, 9139), (11003, 10175), (11279, 4750), (11299, 2270), (11351, 9874), (11423, 1252), (11839, 11443), (11987, 6995), (12071, 7688), (12239, 8235), (12491, 1262), (12659, 7194), (12763, 2407), (12911, 8826), (13127, 12712), (13291, 4527), (13399, 3903), (13523, 4274), (13763, 7807), (13859, 3724), (15139, 2237), (15187, 14576), (15667, 15597), (15671, 6930), (16619, 8815), (16979, 14415), (17351, 15641), (21419, 4037), (22483, 9068), (25583, 1414), (26479, 2498), (3163, 1757), (3779, 1752), (5171, 2197), (5471, 2516), (5519, 2871), (5651, 3129), (5711, 1040), (5903, 2477), (5987, 4818), (6151, 2919), (6203, 1200), (6247, 5534), (6343, 2209), (6547, 5585), (6599, 1426), (6659, 2956), (6703, 2992), (6763, 6115), (6823, 2483), (6907, 2743), (6911, 5352), (6947, 1288), (7039, 3452), (7207, 7006)]
Warning: prime 31 has 15 unavoidable fails with lift 376
Warning: prime 11 has 42 unavoidable fails with lift 14
Warning: prime 43 has 2 unavoidable fails with lift 1517
Warning: prime 23 has 6 unavoidable fails with lift 32
Warning: prime 19 has 8 unavoidable fails with lift 82
Warning: prime 59 has 1 unavoidable fails with lift 27
Candidate n digits: 4108
V_all size: 6401
Failed: 40 failing v's. First few: [4096, 4894358503424, 1829587348619264, 5004007221469184, 5373003770834075814723584]
Added 1 new v's to blocked.

--- Iteration 11 ---
Number of target v's to block: 4249
Precomputing residues...
Precomputation finished. Starting greedy selection...
Chosen primes for cover (587): [(31, 16), (11, 9), (127, 107), (43, 15), (23, 12), (19, 17), (331, 36), (59, 21), (71, 60), (683, 670), (151, 95), (67, 14), (47, 2), (79, 72), (83, 38), (107, 1), (2731, 876), (8191, 208), (103, 59), (5419, 1129), (131, 46), (307, 190), (251, 198), (163, 81), (199, 94), (631, 281), (167, 85), (139, 49), (179, 9), (191, 153), (211, 103), (223, 63), (227, 26), (271, 224), (283, 38), (239, 67), (263, 33), (367, 348), (379, 320), (431, 45), (4051, 635), (347, 36), (383, 227), (439, 260), (467, 95), (311, 75), (547, 384), (571, 333), (419, 7), (487, 433), (499, 439), (523, 280), (587, 95), (599, 111), (691, 549), (751, 360), (1103, 782), (359, 205), (463, 277), (479, 25), (491, 280), (563, 400), (607, 450), (811, 255), (859, 560), (971, 314), (1063, 723), (1447, 1216), (23311, 5490), (503, 376), (619, 88), (727, 157), (739, 400), (743, 512), (787, 773), (823, 215), (827, 311), (863, 232), (911, 46), (967, 272), (983, 12), (1019, 27), (1031, 137), (1087, 220), (1123, 490), (1367, 101), (1427, 1053), (1607, 527), (1663, 965), (1723, 1706), (2143, 614), (2267, 363), (2971, 2003), (3191, 2699), (11119, 1664), (443, 174), (643, 358), (647, 24), (659, 11), (839, 6), (919, 420), (947, 133), (991, 637), (1051, 227), (1091, 647), (1151, 771), (1223, 466), (1259, 416), (1399, 529), (1423, 680), (1439, 1), (1459, 751), (1487, 238), (1523, 1391), (1559, 7), (1579, 1533), (1583, 249), (1699, 303), (1759, 1564), (1811, 689), (1867, 1672), (1871, 283), (2027, 533), (2179, 592), (2351, 7), (2371, 1749), (3023, 171), (4931, 156), (9719, 2055), (13367, 7128), (719, 4), (887, 126), (907, 33), (1039, 964), (1171, 385), (1187, 408), (1283, 171), (1291, 1131), (1303, 145), (1307, 332), (1319, 792), (1327, 705), (1451, 502), (1511, 851), (1531, 840), (1543, 1124), (1567, 375), (1571, 947), (1619, 801), (1627, 53), (1667, 266), (1747, 19), (1823, 662), (1831, 257), (1847, 351), (1879, 1666), (1951, 335), (1999, 800), (2011, 1745), (2039, 1123), (2063, 538), (2083, 1296), (2087, 364), (2111, 897), (2131, 1907), (2207, 12), (2251, 321), (2311, 722), (2399, 2087), (2423, 1783), (2503, 2313), (2647, 1292), (2683, 267), (2699, 2017), (2767, 1953), (2791, 2035), (2803, 2626), (2879, 1835), (2887, 2669), (2939, 156), (2963, 1822), (3019, 1676), (3251, 2695), (3323, 1210), (3331, 335), (3343, 2853), (3391, 2054), (3463, 491), (4219, 514), (4363, 830), (4451, 793), (4523, 2774), (4547, 3221), (4643, 192), (5099, 2336), (5507, 2187), (5927, 5041), (6551, 1932), (9151, 1812), (14251, 9879), (14411, 5852), (15991, 7251), (883, 273), (1163, 610), (1231, 991), (1279, 895), (1471, 829), (1483, 1237), (1499, 121), (1783, 574), (1787, 1657), (1907, 1087), (1931, 1845), (1979, 442), (1987, 1684), (2003, 1354), (2203, 234), (2239, 1020), (2243, 1284), (2287, 517), (2339, 996), (2347, 1175), (2383, 1881), (2411, 1819), (2447, 2024), (2467, 1622), (2531, 1712), (2539, 2191), (2543, 1782), (2551, 677), (2579, 1624), (2591, 2032), (2659, 194), (2663, 1400), (2687, 897), (2707, 2424), (2711, 386), (2719, 1490), (2843, 2089), (2851, 1817), (2903, 119), (2999, 2187), (3011, 1577), (3079, 739), (3083, 1864), (3119, 3098), (3167, 413), (3187, 1076), (3259, 2500), (3271, 342), (3307, 2554), (3319, 2865), (3347, 2247), (3359, 991), (3407, 619), (3467, 3019), (3499, 613), (3511, 2447), (3527, 2850), (3539, 891), (3547, 1905), (3623, 2686), (3631, 700), (3659, 2523), (3671, 2359), (3691, 2491), (3719, 1934), (3739, 3161), (3803, 3538), (3823, 162), (3847, 3237), (3907, 1251), (3923, 2216), (3931, 217), (4019, 1935), (4127, 2455), (4231, 3436), (4243, 2091), (4283, 1141), (4391, 3873), (4423, 1786), (4463, 2581), (4483, 401), (4507, 3011), (4519, 890), (4663, 1627), (4679, 2106), (4703, 1935), (4723, 2663), (4759, 4676), (4783, 691), (4787, 3902), (4871, 2032), (4903, 1695), (4967, 4666), (4999, 309), (5003, 1706), (5107, 3276), (5227, 3936), (5303, 3570), (5347, 4693), (5351, 949), (5387, 674), (5483, 2358), (5623, 814), (5639, 401), (5807, 5776), (5839, 676), (5843, 2022), (5851, 254), (6091, 1283), (6163, 4101), (6211, 3095), (6367, 3871), (6571, 64), (6619, 126), (6691, 4779), (6871, 5177), (7019, 6197), (7151, 5612), (7559, 4908), (7607, 4658), (7703, 3709), (7823, 377), (7919, 5211), (8087, 3910), (8243, 6742), (8363, 3339), (8423, 653), (8839, 1353), (8999, 8632), (9103, 3641), (9203, 5424), (9311, 3383), (9463, 9183), (9587, 4074), (10343, 7088), (10427, 1273), (10463, 3665), (10723, 7735), (10771, 7288), (10847, 9117), (11299, 7827), (11519, 5079), (12263, 7028), (12503, 11133), (13691, 7441), (14951, 9790), (15439, 13756), (17107, 3898), (17471, 4486), (18719, 1127), (19919, 989), (20407, 10422), (20947, 4163), (22619, 7963), (23003, 2859), (23447, 23218), (26347, 7122), (35251, 34837), (35863, 35651), (2099, 2046), (2459, 222), (2671, 841), (2819, 1886), (2927, 251), (3067, 1991), (3203, 642), (3299, 1400), (3371, 475), (3491, 2622), (3559, 2979), (3571, 864), (3583, 3140), (3607, 3079), (3643, 3351), (3727, 2852), (3767, 353), (3851, 125), (3863, 3417), (3911, 1808), (3919, 3416), (3943, 2924), (3947, 3433), (3967, 1369), (4003, 3507), (4007, 700), (4027, 2440), (4079, 3009), (4091, 846), (4111, 1885), (4139, 3060), (4159, 2385), (4211, 355), (4259, 1395), (4271, 2951), (4327, 2730), (4339, 827), (4447, 1711), (4567, 69), (4583, 1068), (4591, 2062), (4603, 111), (4639, 386), (4651, 2689), (4691, 1798), (4751, 29), (4799, 2826), (4831, 932), (4919, 4408), (4943, 4597), (4951, 718), (4987, 1011), (5011, 784), (5023, 3926), (5039, 777), (5059, 4121), (5087, 805), (5119, 2155), (5147, 2258), (5167, 4066), (5171, 2917), (5179, 3262), (5231, 3523), (5279, 4302), (5323, 1696), (5399, 1600), (5407, 3716), (5431, 682), (5443, 4760), (5479, 970), (5503, 5492), (5519, 158), (5527, 2298), (5531, 5120), (5563, 3014), (5591, 2040), (5647, 2012), (5651, 5445), (5659, 2675), (5683, 3176), (5711, 364), (5743, 4865), (5779, 3462), (5783, 5627), (5791, 1710), (5827, 3571), (5867, 1169), (5879, 2270), (5923, 2016), (5939, 5817), (6007, 1041), (6011, 5183), (6043, 855), (6047, 5082), (6067, 5966), (6131, 957), (6143, 3777), (6199, 4314), (6263, 2065), (6271, 2376), (6287, 4415), (6311, 3168), (6323, 1146), (6359, 4454), (6427, 3942), (6451, 2025), (6563, 4638), (6607, 2255), (6679, 4002), (6703, 3581), (6719, 3502), (6779, 1917), (6791, 2807), (6803, 5250), (6863, 2959), (6883, 4771), (6899, 2153), (6907, 547), (6959, 720), (6967, 2030), (6991, 1838), (7187, 1408), (7211, 988), (7219, 1967), (7243, 3330), (7283, 984), (7307, 1323), (7351, 6919), (7451, 6715), (7459, 7093), (7487, 7316), (7499, 3437), (7523, 2552), (7583, 4332), (7639, 889), (7691, 2008), (7727, 6833), (7759, 1683), (7867, 6058), (7879, 5171), (7883, 7683), (7927, 7322), (8011, 4148), (8167, 5126), (8179, 5955), (8311, 1868), (8419, 665), (8527, 4229), (8563, 3493), (8599, 5103), (8627, 5802), (8663, 970), (8719, 7731), (8731, 1553), (8819, 5060), (8963, 1739), (8971, 6070), (9127, 3481), (9623, 281), (9631, 6137), (9643, 7614), (9743, 1424), (9791, 8725), (9811, 1565), (9887, 7), (9931, 8478), (10007, 3466), (10079, 7720), (10111, 6563), (10139, 7219), (10267, 5212), (10559, 4069), (10667, 9975), (10799, 9871), (10939, 9139), (11279, 4750), (11423, 5500), (11443, 9825), (11503, 5283), (11839, 11443), (11863, 9380), (12071, 7688), (13127, 7548), (13267, 4401), (13523, 2029), (14303, 12256), (14683, 14079), (14723, 1578), (15259, 3911), (15263, 11985), (15671, 6930), (15787, 10512), (19163, 126), (19739, 4398), (20411, 6117), (22271, 994), (23279, 7529), (25447, 15652), (28843, 25144), (32491, 25253), (3163, 1743), (3779, 2274), (4099, 2809), (5051, 3988), (5471, 1830), (5903, 2477), (5987, 549), (6079, 4699), (6151, 5868), (6203, 121), (6247, 402), (6299, 4018), (6343, 4786), (6379, 943), (6491, 3372), (6547, 2313), (6599, 98), (6659, 635), (6763, 6115), (6823, 3149), (6827, 1229), (6947, 4808), (6971, 2494), (6983, 4677), (7027, 1756), (7039, 3452)]
Warning: prime 31 has 15 unavoidable fails with lift 376
Warning: prime 11 has 42 unavoidable fails with lift 14
Warning: prime 43 has 2 unavoidable fails with lift 1517
Warning: prime 23 has 6 unavoidable fails with lift 32
Warning: prime 19 has 8 unavoidable fails with lift 82
Warning: prime 59 has 1 unavoidable fails with lift 27
Candidate n digits: 4118
V_all size: 6401
Failed: 39 failing v's. First few: [4894358503424, 1829587348619264, 5004007221469184, 5373003770834075814723584, 22145707626610584536855085056]
Added 0 new v's to blocked.

--- Iteration 12 ---
Number of target v's to block: 4249
Precomputing residues...
Precomputation finished. Starting greedy selection...
Chosen primes for cover (587): [(31, 16), (11, 9), (127, 107), (43, 15), (23, 12), (19, 17), (331, 36), (59, 21), (71, 60), (683, 670), (151, 95), (67, 14), (47, 2), (79, 72), (83, 38), (107, 1), (2731, 876), (8191, 208), (103, 59), (5419, 1129), (131, 46), (307, 190), (251, 198), (163, 81), (199, 94), (631, 281), (167, 85), (139, 49), (179, 9), (191, 153), (211, 103), (223, 63), (227, 26), (271, 224), (283, 38), (239, 67), (263, 33), (367, 348), (379, 320), (431, 45), (4051, 635), (347, 36), (383, 227), (439, 260), (467, 95), (311, 75), (547, 384), (571, 333), (419, 7), (487, 433), (499, 439), (523, 280), (587, 95), (599, 111), (691, 549), (751, 360), (1103, 782), (359, 205), (463, 277), (479, 25), (491, 280), (563, 400), (607, 450), (811, 255), (859, 560), (971, 314), (1063, 723), (1447, 1216), (23311, 5490), (503, 376), (619, 88), (727, 157), (739, 400), (743, 512), (787, 773), (823, 215), (827, 311), (863, 232), (911, 46), (967, 272), (983, 12), (1019, 27), (1031, 137), (1087, 220), (1123, 490), (1367, 101), (1427, 1053), (1607, 527), (1663, 965), (1723, 1706), (2143, 614), (2267, 363), (2971, 2003), (3191, 2699), (11119, 1664), (443, 174), (643, 358), (647, 24), (659, 11), (839, 6), (919, 420), (947, 133), (991, 637), (1051, 227), (1091, 647), (1151, 771), (1223, 466), (1259, 416), (1399, 529), (1423, 680), (1439, 1), (1459, 751), (1487, 238), (1523, 1391), (1559, 7), (1579, 1533), (1583, 249), (1699, 303), (1759, 1564), (1811, 689), (1867, 1672), (1871, 283), (2027, 533), (2179, 592), (2351, 7), (2371, 1749), (3023, 171), (4931, 156), (9719, 2055), (13367, 7128), (719, 4), (887, 126), (907, 33), (1039, 964), (1171, 385), (1187, 408), (1283, 171), (1291, 1131), (1303, 145), (1307, 332), (1319, 792), (1327, 705), (1451, 502), (1511, 851), (1531, 840), (1543, 1124), (1567, 375), (1571, 947), (1619, 801), (1627, 53), (1667, 266), (1747, 19), (1823, 662), (1831, 257), (1847, 351), (1879, 1666), (1951, 335), (1999, 800), (2011, 1745), (2039, 1123), (2063, 538), (2083, 1296), (2087, 364), (2111, 897), (2131, 1907), (2207, 12), (2251, 321), (2311, 722), (2399, 2087), (2423, 1783), (2503, 2313), (2647, 1292), (2683, 267), (2699, 2017), (2767, 1953), (2791, 2035), (2803, 2626), (2879, 1835), (2887, 2669), (2939, 156), (2963, 1822), (3019, 1676), (3251, 2695), (3323, 1210), (3331, 335), (3343, 2853), (3391, 2054), (3463, 491), (4219, 514), (4363, 830), (4451, 793), (4523, 2774), (4547, 3221), (4643, 192), (5099, 2336), (5507, 2187), (5927, 5041), (6551, 1932), (9151, 1812), (14251, 9879), (14411, 5852), (15991, 7251), (883, 273), (1163, 610), (1231, 991), (1279, 895), (1471, 829), (1483, 1237), (1499, 121), (1783, 574), (1787, 1657), (1907, 1087), (1931, 1845), (1979, 442), (1987, 1684), (2003, 1354), (2203, 234), (2239, 1020), (2243, 1284), (2287, 517), (2339, 996), (2347, 1175), (2383, 1881), (2411, 1819), (2447, 2024), (2467, 1622), (2531, 1712), (2539, 2191), (2543, 1782), (2551, 677), (2579, 1624), (2591, 2032), (2659, 194), (2663, 1400), (2687, 897), (2707, 2424), (2711, 386), (2719, 1490), (2843, 2089), (2851, 1817), (2903, 119), (2999, 2187), (3011, 1577), (3079, 739), (3083, 1864), (3119, 3098), (3167, 413), (3187, 1076), (3259, 2500), (3271, 342), (3307, 2554), (3319, 2865), (3347, 2247), (3359, 991), (3407, 619), (3467, 3019), (3499, 613), (3511, 2447), (3527, 2850), (3539, 891), (3547, 1905), (3623, 2686), (3631, 700), (3659, 2523), (3671, 2359), (3691, 2491), (3719, 1934), (3739, 3161), (3803, 3538), (3823, 162), (3847, 3237), (3907, 1251), (3923, 2216), (3931, 217), (4019, 1935), (4127, 2455), (4231, 3436), (4243, 2091), (4283, 1141), (4391, 3873), (4423, 1786), (4463, 2581), (4483, 401), (4507, 3011), (4519, 890), (4663, 1627), (4679, 2106), (4703, 1935), (4723, 2663), (4759, 4676), (4783, 691), (4787, 3902), (4871, 2032), (4903, 1695), (4967, 4666), (4999, 309), (5003, 1706), (5107, 3276), (5227, 3936), (5303, 3570), (5347, 4693), (5351, 949), (5387, 674), (5483, 2358), (5623, 814), (5639, 401), (5807, 5776), (5839, 676), (5843, 2022), (5851, 254), (6091, 1283), (6163, 4101), (6211, 3095), (6367, 3871), (6571, 64), (6619, 126), (6691, 4779), (6871, 5177), (7019, 6197), (7151, 5612), (7559, 4908), (7607, 4658), (7703, 3709), (7823, 377), (7919, 5211), (8087, 3910), (8243, 6742), (8363, 3339), (8423, 653), (8839, 1353), (8999, 8632), (9103, 3641), (9203, 5424), (9311, 3383), (9463, 9183), (9587, 4074), (10343, 7088), (10427, 1273), (10463, 3665), (10723, 7735), (10771, 7288), (10847, 9117), (11299, 7827), (11519, 5079), (12263, 7028), (12503, 11133), (13691, 7441), (14951, 9790), (15439, 13756), (17107, 3898), (17471, 4486), (18719, 1127), (19919, 989), (20407, 10422), (20947, 4163), (22619, 7963), (23003, 2859), (23447, 23218), (26347, 7122), (35251, 34837), (35863, 35651), (2099, 2046), (2459, 222), (2671, 841), (2819, 1886), (2927, 251), (3067, 1991), (3203, 642), (3299, 1400), (3371, 475), (3491, 2622), (3559, 2979), (3571, 864), (3583, 3140), (3607, 3079), (3643, 3351), (3727, 2852), (3767, 353), (3851, 125), (3863, 3417), (3911, 1808), (3919, 3416), (3943, 2924), (3947, 3433), (3967, 1369), (4003, 3507), (4007, 700), (4027, 2440), (4079, 3009), (4091, 846), (4111, 1885), (4139, 3060), (4159, 2385), (4211, 355), (4259, 1395), (4271, 2951), (4327, 2730), (4339, 827), (4447, 1711), (4567, 69), (4583, 1068), (4591, 2062), (4603, 111), (4639, 386), (4651, 2689), (4691, 1798), (4751, 29), (4799, 2826), (4831, 932), (4919, 4408), (4943, 4597), (4951, 718), (4987, 1011), (5011, 784), (5023, 3926), (5039, 777), (5059, 4121), (5087, 805), (5119, 2155), (5147, 2258), (5167, 4066), (5171, 2917), (5179, 3262), (5231, 3523), (5279, 4302), (5323, 1696), (5399, 1600), (5407, 3716), (5431, 682), (5443, 4760), (5479, 970), (5503, 5492), (5519, 158), (5527, 2298), (5531, 5120), (5563, 3014), (5591, 2040), (5647, 2012), (5651, 5445), (5659, 2675), (5683, 3176), (5711, 364), (5743, 4865), (5779, 3462), (5783, 5627), (5791, 1710), (5827, 3571), (5867, 1169), (5879, 2270), (5923, 2016), (5939, 5817), (6007, 1041), (6011, 5183), (6043, 855), (6047, 5082), (6067, 5966), (6131, 957), (6143, 3777), (6199, 4314), (6263, 2065), (6271, 2376), (6287, 4415), (6311, 3168), (6323, 1146), (6359, 4454), (6427, 3942), (6451, 2025), (6563, 4638), (6607, 2255), (6679, 4002), (6703, 3581), (6719, 3502), (6779, 1917), (6791, 2807), (6803, 5250), (6863, 2959), (6883, 4771), (6899, 2153), (6907, 547), (6959, 720), (6967, 2030), (6991, 1838), (7187, 1408), (7211, 988), (7219, 1967), (7243, 3330), (7283, 984), (7307, 1323), (7351, 6919), (7451, 6715), (7459, 7093), (7487, 7316), (7499, 3437), (7523, 2552), (7583, 4332), (7639, 889), (7691, 2008), (7727, 6833), (7759, 1683), (7867, 6058), (7879, 5171), (7883, 7683), (7927, 7322), (8011, 4148), (8167, 5126), (8179, 5955), (8311, 1868), (8419, 665), (8527, 4229), (8563, 3493), (8599, 5103), (8627, 5802), (8663, 970), (8719, 7731), (8731, 1553), (8819, 5060), (8963, 1739), (8971, 6070), (9127, 3481), (9623, 281), (9631, 6137), (9643, 7614), (9743, 1424), (9791, 8725), (9811, 1565), (9887, 7), (9931, 8478), (10007, 3466), (10079, 7720), (10111, 6563), (10139, 7219), (10267, 5212), (10559, 4069), (10667, 9975), (10799, 9871), (10939, 9139), (11279, 4750), (11423, 5500), (11443, 9825), (11503, 5283), (11839, 11443), (11863, 9380), (12071, 7688), (13127, 7548), (13267, 4401), (13523, 2029), (14303, 12256), (14683, 14079), (14723, 1578), (15259, 3911), (15263, 11985), (15671, 6930), (15787, 10512), (19163, 126), (19739, 4398), (20411, 6117), (22271, 994), (23279, 7529), (25447, 15652), (28843, 25144), (32491, 25253), (3163, 1743), (3779, 2274), (4099, 2809), (5051, 3988), (5471, 1830), (5903, 2477), (5987, 549), (6079, 4699), (6151, 5868), (6203, 121), (6247, 402), (6299, 4018), (6343, 4786), (6379, 943), (6491, 3372), (6547, 2313), (6599, 98), (6659, 635), (6763, 6115), (6823, 3149), (6827, 1229), (6947, 4808), (6971, 2494), (6983, 4677), (7027, 1756), (7039, 3452)]
Warning: prime 31 has 15 unavoidable fails with lift 376
Warning: prime 11 has 42 unavoidable fails with lift 14
Warning: prime 43 has 2 unavoidable fails with lift 1517
Warning: prime 23 has 6 unavoidable fails with lift 32
Warning: prime 19 has 8 unavoidable fails with lift 82
Warning: prime 59 has 1 unavoidable fails with lift 27
Candidate n digits: 4118
V_all size: 6401
Failed: 39 failing v's. First few: [4894358503424, 1829587348619264, 5004007221469184, 5373003770834075814723584, 22145707626610584536855085056]
Added 0 new v's to blocked.

--- Iteration 13 ---
Number of target v's to block: 4249
Precomputing residues...
Precomputation finished. Starting greedy selection...
Chosen primes for cover (587): [(31, 16), (11, 9), (127, 107), (43, 15), (23, 12), (19, 17), (331, 36), (59, 21), (71, 60), (683, 670), (151, 95), (67, 14), (47, 2), (79, 72), (83, 38), (107, 1), (2731, 876), (8191, 208), (103, 59), (5419, 1129), (131, 46), (307, 190), (251, 198), (163, 81), (199, 94), (631, 281), (167, 85), (139, 49), (179, 9), (191, 153), (211, 103), (223, 63), (227, 26), (271, 224), (283, 38), (239, 67), (263, 33), (367, 348), (379, 320), (431, 45), (4051, 635), (347, 36), (383, 227), (439, 260), (467, 95), (311, 75), (547, 384), (571, 333), (419, 7), (487, 433), (499, 439), (523, 280), (587, 95), (599, 111), (691, 549), (751, 360), (1103, 782), (359, 205), (463, 277), (479, 25), (491, 280), (563, 400), (607, 450), (811, 255), (859, 560), (971, 314), (1063, 723), (1447, 1216), (23311, 5490), (503, 376), (619, 88), (727, 157), (739, 400), (743, 512), (787, 773), (823, 215), (827, 311), (863, 232), (911, 46), (967, 272), (983, 12), (1019, 27), (1031, 137), (1087, 220), (1123, 490), (1367, 101), (1427, 1053), (1607, 527), (1663, 965), (1723, 1706), (2143, 614), (2267, 363), (2971, 2003), (3191, 2699), (11119, 1664), (443, 174), (643, 358), (647, 24), (659, 11), (839, 6), (919, 420), (947, 133), (991, 637), (1051, 227), (1091, 647), (1151, 771), (1223, 466), (1259, 416), (1399, 529), (1423, 680), (1439, 1), (1459, 751), (1487, 238), (1523, 1391), (1559, 7), (1579, 1533), (1583, 249), (1699, 303), (1759, 1564), (1811, 689), (1867, 1672), (1871, 283), (2027, 533), (2179, 592), (2351, 7), (2371, 1749), (3023, 171), (4931, 156), (9719, 2055), (13367, 7128), (719, 4), (887, 126), (907, 33), (1039, 964), (1171, 385), (1187, 408), (1283, 171), (1291, 1131), (1303, 145), (1307, 332), (1319, 792), (1327, 705), (1451, 502), (1511, 851), (1531, 840), (1543, 1124), (1567, 375), (1571, 947), (1619, 801), (1627, 53), (1667, 266), (1747, 19), (1823, 662), (1831, 257), (1847, 351), (1879, 1666), (1951, 335), (1999, 800), (2011, 1745), (2039, 1123), (2063, 538), (2083, 1296), (2087, 364), (2111, 897), (2131, 1907), (2207, 12), (2251, 321), (2311, 722), (2399, 2087), (2423, 1783), (2503, 2313), (2647, 1292), (2683, 267), (2699, 2017), (2767, 1953), (2791, 2035), (2803, 2626), (2879, 1835), (2887, 2669), (2939, 156), (2963, 1822), (3019, 1676), (3251, 2695), (3323, 1210), (3331, 335), (3343, 2853), (3391, 2054), (3463, 491), (4219, 514), (4363, 830), (4451, 793), (4523, 2774), (4547, 3221), (4643, 192), (5099, 2336), (5507, 2187), (5927, 5041), (6551, 1932), (9151, 1812), (14251, 9879), (14411, 5852), (15991, 7251), (883, 273), (1163, 610), (1231, 991), (1279, 895), (1471, 829), (1483, 1237), (1499, 121), (1783, 574), (1787, 1657), (1907, 1087), (1931, 1845), (1979, 442), (1987, 1684), (2003, 1354), (2203, 234), (2239, 1020), (2243, 1284), (2287, 517), (2339, 996), (2347, 1175), (2383, 1881), (2411, 1819), (2447, 2024), (2467, 1622), (2531, 1712), (2539, 2191), (2543, 1782), (2551, 677), (2579, 1624), (2591, 2032), (2659, 194), (2663, 1400), (2687, 897), (2707, 2424), (2711, 386), (2719, 1490), (2843, 2089), (2851, 1817), (2903, 119), (2999, 2187), (3011, 1577), (3079, 739), (3083, 1864), (3119, 3098), (3167, 413), (3187, 1076), (3259, 2500), (3271, 342), (3307, 2554), (3319, 2865), (3347, 2247), (3359, 991), (3407, 619), (3467, 3019), (3499, 613), (3511, 2447), (3527, 2850), (3539, 891), (3547, 1905), (3623, 2686), (3631, 700), (3659, 2523), (3671, 2359), (3691, 2491), (3719, 1934), (3739, 3161), (3803, 3538), (3823, 162), (3847, 3237), (3907, 1251), (3923, 2216), (3931, 217), (4019, 1935), (4127, 2455), (4231, 3436), (4243, 2091), (4283, 1141), (4391, 3873), (4423, 1786), (4463, 2581), (4483, 401), (4507, 3011), (4519, 890), (4663, 1627), (4679, 2106), (4703, 1935), (4723, 2663), (4759, 4676), (4783, 691), (4787, 3902), (4871, 2032), (4903, 1695), (4967, 4666), (4999, 309), (5003, 1706), (5107, 3276), (5227, 3936), (5303, 3570), (5347, 4693), (5351, 949), (5387, 674), (5483, 2358), (5623, 814), (5639, 401), (5807, 5776), (5839, 676), (5843, 2022), (5851, 254), (6091, 1283), (6163, 4101), (6211, 3095), (6367, 3871), (6571, 64), (6619, 126), (6691, 4779), (6871, 5177), (7019, 6197), (7151, 5612), (7559, 4908), (7607, 4658), (7703, 3709), (7823, 377), (7919, 5211), (8087, 3910), (8243, 6742), (8363, 3339), (8423, 653), (8839, 1353), (8999, 8632), (9103, 3641), (9203, 5424), (9311, 3383), (9463, 9183), (9587, 4074), (10343, 7088), (10427, 1273), (10463, 3665), (10723, 7735), (10771, 7288), (10847, 9117), (11299, 7827), (11519, 5079), (12263, 7028), (12503, 11133), (13691, 7441), (14951, 9790), (15439, 13756), (17107, 3898), (17471, 4486), (18719, 1127), (19919, 989), (20407, 10422), (20947, 4163), (22619, 7963), (23003, 2859), (23447, 23218), (26347, 7122), (35251, 34837), (35863, 35651), (2099, 2046), (2459, 222), (2671, 841), (2819, 1886), (2927, 251), (3067, 1991), (3203, 642), (3299, 1400), (3371, 475), (3491, 2622), (3559, 2979), (3571, 864), (3583, 3140), (3607, 3079), (3643, 3351), (3727, 2852), (3767, 353), (3851, 125), (3863, 3417), (3911, 1808), (3919, 3416), (3943, 2924), (3947, 3433), (3967, 1369), (4003, 3507), (4007, 700), (4027, 2440), (4079, 3009), (4091, 846), (4111, 1885), (4139, 3060), (4159, 2385), (4211, 355), (4259, 1395), (4271, 2951), (4327, 2730), (4339, 827), (4447, 1711), (4567, 69), (4583, 1068), (4591, 2062), (4603, 111), (4639, 386), (4651, 2689), (4691, 1798), (4751, 29), (4799, 2826), (4831, 932), (4919, 4408), (4943, 4597), (4951, 718), (4987, 1011), (5011, 784), (5023, 3926), (5039, 777), (5059, 4121), (5087, 805), (5119, 2155), (5147, 2258), (5167, 4066), (5171, 2917), (5179, 3262), (5231, 3523), (5279, 4302), (5323, 1696), (5399, 1600), (5407, 3716), (5431, 682), (5443, 4760), (5479, 970), (5503, 5492), (5519, 158), (5527, 2298), (5531, 5120), (5563, 3014), (5591, 2040), (5647, 2012), (5651, 5445), (5659, 2675), (5683, 3176), (5711, 364), (5743, 4865), (5779, 3462), (5783, 5627), (5791, 1710), (5827, 3571), (5867, 1169), (5879, 2270), (5923, 2016), (5939, 5817), (6007, 1041), (6011, 5183), (6043, 855), (6047, 5082), (6067, 5966), (6131, 957), (6143, 3777), (6199, 4314), (6263, 2065), (6271, 2376), (6287, 4415), (6311, 3168), (6323, 1146), (6359, 4454), (6427, 3942), (6451, 2025), (6563, 4638), (6607, 2255), (6679, 4002), (6703, 3581), (6719, 3502), (6779, 1917), (6791, 2807), (6803, 5250), (6863, 2959), (6883, 4771), (6899, 2153), (6907, 547), (6959, 720), (6967, 2030), (6991, 1838), (7187, 1408), (7211, 988), (7219, 1967), (7243, 3330), (7283, 984), (7307, 1323), (7351, 6919), (7451, 6715), (7459, 7093), (7487, 7316), (7499, 3437), (7523, 2552), (7583, 4332), (7639, 889), (7691, 2008), (7727, 6833), (7759, 1683), (7867, 6058), (7879, 5171), (7883, 7683), (7927, 7322), (8011, 4148), (8167, 5126), (8179, 5955), (8311, 1868), (8419, 665), (8527, 4229), (8563, 3493), (8599, 5103), (8627, 5802), (8663, 970), (8719, 7731), (8731, 1553), (8819, 5060), (8963, 1739), (8971, 6070), (9127, 3481), (9623, 281), (9631, 6137), (9643, 7614), (9743, 1424), (9791, 8725), (9811, 1565), (9887, 7), (9931, 8478), (10007, 3466), (10079, 7720), (10111, 6563), (10139, 7219), (10267, 5212), (10559, 4069), (10667, 9975), (10799, 9871), (10939, 9139), (11279, 4750), (11423, 5500), (11443, 9825), (11503, 5283), (11839, 11443), (11863, 9380), (12071, 7688), (13127, 7548), (13267, 4401), (13523, 2029), (14303, 12256), (14683, 14079), (14723, 1578), (15259, 3911), (15263, 11985), (15671, 6930), (15787, 10512), (19163, 126), (19739, 4398), (20411, 6117), (22271, 994), (23279, 7529), (25447, 15652), (28843, 25144), (32491, 25253), (3163, 1743), (3779, 2274), (4099, 2809), (5051, 3988), (5471, 1830), (5903, 2477), (5987, 549), (6079, 4699), (6151, 5868), (6203, 121), (6247, 402), (6299, 4018), (6343, 4786), (6379, 943), (6491, 3372), (6547, 2313), (6599, 98), (6659, 635), (6763, 6115), (6823, 3149), (6827, 1229), (6947, 4808), (6971, 2494), (6983, 4677), (7027, 1756), (7039, 3452)]
Warning: prime 31 has 15 unavoidable fails with lift 376
Warning: prime 11 has 42 unavoidable fails with lift 14
Warning: prime 43 has 2 unavoidable fails with lift 1517
Warning: prime 23 has 6 unavoidable fails with lift 32
Warning: prime 19 has 8 unavoidable fails with lift 82
Warning: prime 59 has 1 unavoidable fails with lift 27
Candidate n digits: 4118
V_all size: 6401
Failed: 39 failing v's. First few: [4894358503424, 1829587348619264, 5004007221469184, 5373003770834075814723584, 22145707626610584536855085056]
Added 0 new v's to blocked.

--- Iteration 14 ---
Number of target v's to block: 4249
Precomputing residues...
Precomputation finished. Starting greedy selection...
Chosen primes for cover (587): [(31, 16), (11, 9), (127, 107), (43, 15), (23, 12), (19, 17), (331, 36), (59, 21), (71, 60), (683, 670), (151, 95), (67, 14), (47, 2), (79, 72), (83, 38), (107, 1), (2731, 876), (8191, 208), (103, 59), (5419, 1129), (131, 46), (307, 190), (251, 198), (163, 81), (199, 94), (631, 281), (167, 85), (139, 49), (179, 9), (191, 153), (211, 103), (223, 63), (227, 26), (271, 224), (283, 38), (239, 67), (263, 33), (367, 348), (379, 320), (431, 45), (4051, 635), (347, 36), (383, 227), (439, 260), (467, 95), (311, 75), (547, 384), (571, 333), (419, 7), (487, 433), (499, 439), (523, 280), (587, 95), (599, 111), (691, 549), (751, 360), (1103, 782), (359, 205), (463, 277), (479, 25), (491, 280), (563, 400), (607, 450), (811, 255), (859, 560), (971, 314), (1063, 723), (1447, 1216), (23311, 5490), (503, 376), (619, 88), (727, 157), (739, 400), (743, 512), (787, 773), (823, 215), (827, 311), (863, 232), (911, 46), (967, 272), (983, 12), (1019, 27), (1031, 137), (1087, 220), (1123, 490), (1367, 101), (1427, 1053), (1607, 527), (1663, 965), (1723, 1706), (2143, 614), (2267, 363), (2971, 2003), (3191, 2699), (11119, 1664), (443, 174), (643, 358), (647, 24), (659, 11), (839, 6), (919, 420), (947, 133), (991, 637), (1051, 227), (1091, 647), (1151, 771), (1223, 466), (1259, 416), (1399, 529), (1423, 680), (1439, 1), (1459, 751), (1487, 238), (1523, 1391), (1559, 7), (1579, 1533), (1583, 249), (1699, 303), (1759, 1564), (1811, 689), (1867, 1672), (1871, 283), (2027, 533), (2179, 592), (2351, 7), (2371, 1749), (3023, 171), (4931, 156), (9719, 2055), (13367, 7128), (719, 4), (887, 126), (907, 33), (1039, 964), (1171, 385), (1187, 408), (1283, 171), (1291, 1131), (1303, 145), (1307, 332), (1319, 792), (1327, 705), (1451, 502), (1511, 851), (1531, 840), (1543, 1124), (1567, 375), (1571, 947), (1619, 801), (1627, 53), (1667, 266), (1747, 19), (1823, 662), (1831, 257), (1847, 351), (1879, 1666), (1951, 335), (1999, 800), (2011, 1745), (2039, 1123), (2063, 538), (2083, 1296), (2087, 364), (2111, 897), (2131, 1907), (2207, 12), (2251, 321), (2311, 722), (2399, 2087), (2423, 1783), (2503, 2313), (2647, 1292), (2683, 267), (2699, 2017), (2767, 1953), (2791, 2035), (2803, 2626), (2879, 1835), (2887, 2669), (2939, 156), (2963, 1822), (3019, 1676), (3251, 2695), (3323, 1210), (3331, 335), (3343, 2853), (3391, 2054), (3463, 491), (4219, 514), (4363, 830), (4451, 793), (4523, 2774), (4547, 3221), (4643, 192), (5099, 2336), (5507, 2187), (5927, 5041), (6551, 1932), (9151, 1812), (14251, 9879), (14411, 5852), (15991, 7251), (883, 273), (1163, 610), (1231, 991), (1279, 895), (1471, 829), (1483, 1237), (1499, 121), (1783, 574), (1787, 1657), (1907, 1087), (1931, 1845), (1979, 442), (1987, 1684), (2003, 1354), (2203, 234), (2239, 1020), (2243, 1284), (2287, 517), (2339, 996), (2347, 1175), (2383, 1881), (2411, 1819), (2447, 2024), (2467, 1622), (2531, 1712), (2539, 2191), (2543, 1782), (2551, 677), (2579, 1624), (2591, 2032), (2659, 194), (2663, 1400), (2687, 897), (2707, 2424), (2711, 386), (2719, 1490), (2843, 2089), (2851, 1817), (2903, 119), (2999, 2187), (3011, 1577), (3079, 739), (3083, 1864), (3119, 3098), (3167, 413), (3187, 1076), (3259, 2500), (3271, 342), (3307, 2554), (3319, 2865), (3347, 2247), (3359, 991), (3407, 619), (3467, 3019), (3499, 613), (3511, 2447), (3527, 2850), (3539, 891), (3547, 1905), (3623, 2686), (3631, 700), (3659, 2523), (3671, 2359), (3691, 2491), (3719, 1934), (3739, 3161), (3803, 3538), (3823, 162), (3847, 3237), (3907, 1251), (3923, 2216), (3931, 217), (4019, 1935), (4127, 2455), (4231, 3436), (4243, 2091), (4283, 1141), (4391, 3873), (4423, 1786), (4463, 2581), (4483, 401), (4507, 3011), (4519, 890), (4663, 1627), (4679, 2106), (4703, 1935), (4723, 2663), (4759, 4676), (4783, 691), (4787, 3902), (4871, 2032), (4903, 1695), (4967, 4666), (4999, 309), (5003, 1706), (5107, 3276), (5227, 3936), (5303, 3570), (5347, 4693), (5351, 949), (5387, 674), (5483, 2358), (5623, 814), (5639, 401), (5807, 5776), (5839, 676), (5843, 2022), (5851, 254), (6091, 1283), (6163, 4101), (6211, 3095), (6367, 3871), (6571, 64), (6619, 126), (6691, 4779), (6871, 5177), (7019, 6197), (7151, 5612), (7559, 4908), (7607, 4658), (7703, 3709), (7823, 377), (7919, 5211), (8087, 3910), (8243, 6742), (8363, 3339), (8423, 653), (8839, 1353), (8999, 8632), (9103, 3641), (9203, 5424), (9311, 3383), (9463, 9183), (9587, 4074), (10343, 7088), (10427, 1273), (10463, 3665), (10723, 7735), (10771, 7288), (10847, 9117), (11299, 7827), (11519, 5079), (12263, 7028), (12503, 11133), (13691, 7441), (14951, 9790), (15439, 13756), (17107, 3898), (17471, 4486), (18719, 1127), (19919, 989), (20407, 10422), (20947, 4163), (22619, 7963), (23003, 2859), (23447, 23218), (26347, 7122), (35251, 34837), (35863, 35651), (2099, 2046), (2459, 222), (2671, 841), (2819, 1886), (2927, 251), (3067, 1991), (3203, 642), (3299, 1400), (3371, 475), (3491, 2622), (3559, 2979), (3571, 864), (3583, 3140), (3607, 3079), (3643, 3351), (3727, 2852), (3767, 353), (3851, 125), (3863, 3417), (3911, 1808), (3919, 3416), (3943, 2924), (3947, 3433), (3967, 1369), (4003, 3507), (4007, 700), (4027, 2440), (4079, 3009), (4091, 846), (4111, 1885), (4139, 3060), (4159, 2385), (4211, 355), (4259, 1395), (4271, 2951), (4327, 2730), (4339, 827), (4447, 1711), (4567, 69), (4583, 1068), (4591, 2062), (4603, 111), (4639, 386), (4651, 2689), (4691, 1798), (4751, 29), (4799, 2826), (4831, 932), (4919, 4408), (4943, 4597), (4951, 718), (4987, 1011), (5011, 784), (5023, 3926), (5039, 777), (5059, 4121), (5087, 805), (5119, 2155), (5147, 2258), (5167, 4066), (5171, 2917), (5179, 3262), (5231, 3523), (5279, 4302), (5323, 1696), (5399, 1600), (5407, 3716), (5431, 682), (5443, 4760), (5479, 970), (5503, 5492), (5519, 158), (5527, 2298), (5531, 5120), (5563, 3014), (5591, 2040), (5647, 2012), (5651, 5445), (5659, 2675), (5683, 3176), (5711, 364), (5743, 4865), (5779, 3462), (5783, 5627), (5791, 1710), (5827, 3571), (5867, 1169), (5879, 2270), (5923, 2016), (5939, 5817), (6007, 1041), (6011, 5183), (6043, 855), (6047, 5082), (6067, 5966), (6131, 957), (6143, 3777), (6199, 4314), (6263, 2065), (6271, 2376), (6287, 4415), (6311, 3168), (6323, 1146), (6359, 4454), (6427, 3942), (6451, 2025), (6563, 4638), (6607, 2255), (6679, 4002), (6703, 3581), (6719, 3502), (6779, 1917), (6791, 2807), (6803, 5250), (6863, 2959), (6883, 4771), (6899, 2153), (6907, 547), (6959, 720), (6967, 2030), (6991, 1838), (7187, 1408), (7211, 988), (7219, 1967), (7243, 3330), (7283, 984), (7307, 1323), (7351, 6919), (7451, 6715), (7459, 7093), (7487, 7316), (7499, 3437), (7523, 2552), (7583, 4332), (7639, 889), (7691, 2008), (7727, 6833), (7759, 1683), (7867, 6058), (7879, 5171), (7883, 7683), (7927, 7322), (8011, 4148), (8167, 5126), (8179, 5955), (8311, 1868), (8419, 665), (8527, 4229), (8563, 3493), (8599, 5103), (8627, 5802), (8663, 970), (8719, 7731), (8731, 1553), (8819, 5060), (8963, 1739), (8971, 6070), (9127, 3481), (9623, 281), (9631, 6137), (9643, 7614), (9743, 1424), (9791, 8725), (9811, 1565), (9887, 7), (9931, 8478), (10007, 3466), (10079, 7720), (10111, 6563), (10139, 7219), (10267, 5212), (10559, 4069), (10667, 9975), (10799, 9871), (10939, 9139), (11279, 4750), (11423, 5500), (11443, 9825), (11503, 5283), (11839, 11443), (11863, 9380), (12071, 7688), (13127, 7548), (13267, 4401), (13523, 2029), (14303, 12256), (14683, 14079), (14723, 1578), (15259, 3911), (15263, 11985), (15671, 6930), (15787, 10512), (19163, 126), (19739, 4398), (20411, 6117), (22271, 994), (23279, 7529), (25447, 15652), (28843, 25144), (32491, 25253), (3163, 1743), (3779, 2274), (4099, 2809), (5051, 3988), (5471, 1830), (5903, 2477), (5987, 549), (6079, 4699), (6151, 5868), (6203, 121), (6247, 402), (6299, 4018), (6343, 4786), (6379, 943), (6491, 3372), (6547, 2313), (6599, 98), (6659, 635), (6763, 6115), (6823, 3149), (6827, 1229), (6947, 4808), (6971, 2494), (6983, 4677), (7027, 1756), (7039, 3452)]
Warning: prime 31 has 15 unavoidable fails with lift 376
Warning: prime 11 has 42 unavoidable fails with lift 14
Warning: prime 43 has 2 unavoidable fails with lift 1517
Warning: prime 23 has 6 unavoidable fails with lift 32
